category,clause,include,reason,occurrences
epstein,against Congress avoiding voting on releasing the Epstein files,1,Supports the selected cause in CCC claims_summary.,1
epstein,against Jeffrey Epstein,0,Generic opposition without explicit disclosure or accountability demand.,1
epstein,against President Trump's alleged naming in the Epstein files,0,Ambiguous: opposition to alleged naming does not explicitly demand accountability.,1
epstein,against Rep. Andy Biggs voting not to release the Epstein files,1,Supports the selected cause in CCC claims_summary.,1
epstein,against covering up the Epstein files,1,Supports the selected cause in CCC claims_summary.,425
epstein,against the delay in the Epstein investigation,1,Supports the selected cause in CCC claims_summary.,1
epstein,for Congress releasing the Epstein files,1,Supports the selected cause in CCC claims_summary.,1
epstein,for lawmakers to release unredacted Epstein files,1,Supports the selected cause in CCC claims_summary.,1
epstein,for release of Epstein files,1,Supports the selected cause in CCC claims_summary.,1
epstein,for release of the Epstein Files,1,Supports the selected cause in CCC claims_summary.,2
epstein,for release of the Epstein files,1,Supports the selected cause in CCC claims_summary.,3
epstein,for releasing the Epstein Files,1,Supports the selected cause in CCC claims_summary.,2
epstein,for releasing the Epstein files,1,Supports the selected cause in CCC claims_summary.,1
epstein,for the release of Epstein list,1,Supports the selected cause in CCC claims_summary.,1
epstein,for the release of the Epstein Files,1,Supports the selected cause in CCC claims_summary.,1
epstein,for the release of the Epstein files,1,Supports the selected cause in CCC claims_summary.,51
epstein,for the release of the epstein files,1,Supports the selected cause in CCC claims_summary.,1
racial,Black Lives Matter,1,Supports the selected cause in CCC claims_summary.,1
racial,against anti-Black racism and police brutality,1,Supports the selected cause in CCC claims_summary.,1
racial,"against hate crimes, police brutality, and systemic violence against LGBTQ people",1,Supports the selected cause in CCC claims_summary.,1
racial,against police brutality,1,Supports the selected cause in CCC claims_summary.,659
racial,against police brutality and state violence,1,Supports the selected cause in CCC claims_summary.,20
racial,against police racism and police brutality,1,Supports the selected cause in CCC claims_summary.,1
racial,against police violence,1,Supports the selected cause in CCC claims_summary.,73
racial,against police violence and corruption,1,Supports the selected cause in CCC claims_summary.,53
racial,against police violence and weaponizing of officers,1,Supports the selected cause in CCC claims_summary.,1
racial,against racial justice vigil,0,Opposes the selected cause.,1
racial,against state attorney general Rob Bonta's complicity in police brutality,1,Supports the selected cause in CCC claims_summary.,1
racial,for AB 1071 (Kalra): The Racial Justice Act,1,Supports the selected cause in CCC claims_summary.,1
racial,for criminal and racial justice,1,Supports the selected cause in CCC claims_summary.,1
racial,for demanding accountability and justice while pressuring city officials over police violence,1,Supports the selected cause in CCC claims_summary.,1
racial,for justice for Donnell Rochester and all victims of police brutality,1,Supports the selected cause in CCC claims_summary.,1
racial,for justice for Jebrell Conley and all victims of police brutality,1,Supports the selected cause in CCC claims_summary.,1
racial,for justice for Michael Barrera and all victims of police violence,1,Supports the selected cause in CCC claims_summary.,1
racial,for justice for Robert Brooks and all lives stolen by police brutality and incarceration,1,Supports the selected cause in CCC claims_summary.,1
racial,for justice for Tyrone West and all victims of police brutality,1,Supports the selected cause in CCC claims_summary.,52
racial,for justice for police violence victim Allan Feliz,1,Supports the selected cause in CCC claims_summary.,1
racial,for justice for police violence victim Francis Gigliotti,1,Supports the selected cause in CCC claims_summary.,1
racial,for racial justice,1,Supports the selected cause in CCC claims_summary.,113
racial,for racial justice and equity in public education,1,Supports the selected cause in CCC claims_summary.,1
racial,for racial justice in the United States,1,Supports the selected cause in CCC claims_summary.,1
racial,"for raising awareness about the increasing number of book bans in the United States, particularly those targeting LGBTQ+ and racial justice topics.",1,Supports the selected cause in CCC claims_summary.,1
racial,"for the liberation for all against increased state and police violence, homophobia, and transphobia",1,Supports the selected cause in CCC claims_summary.,3
racial,in remembrance of Hong Kong police brutality in August 2019,1,Supports the selected cause in CCC claims_summary.,1
racial,in solidarity with the Black Lives Matter movement,1,Supports the selected cause in CCC claims_summary.,52
racial,in support of activist Thairie Ritchie who self-immolated at the Black Lives Matter mural in Santa Cruz on Jan. 20,0,Location references BLM; the stated demand is not explicit racial/police justice.,1
gaza,Against Israel’s impending ground invasion of Gaza City and U.S. military support,1,Supports the selected cause in CCC claims_summary.,1
gaza,Against U.S. military support in Gaza,1,Supports the selected cause in CCC claims_summary.,1
gaza,Against U.S. support for Israel in the Israel-Gaza war,1,Supports the selected cause in CCC claims_summary.,1
gaza,Against U.S. support for Israeli military actions in Gaza,1,Supports the selected cause in CCC claims_summary.,1
gaza,For humanitarian aid  to Gaza and peace,1,Supports the selected cause in CCC claims_summary.,1
gaza,For palestinian liberation,1,Supports the selected cause in CCC claims_summary.,1
gaza,Palestine flag,1,Supports the selected cause in CCC claims_summary.,1
gaza,Palestinian liberation,1,Supports the selected cause in CCC claims_summary.,56
gaza,against  the firing of adjunct professors allegedly over Palestinian solidarity,1,Supports the selected cause in CCC claims_summary.,1
gaza,against AB 715 public education bill and efforts to censor education on Palestine,1,Supports the selected cause in CCC claims_summary.,1
gaza,against Arkansas-based firearm export companies being complicit in the genocide in Gaza,1,Supports the selected cause in CCC claims_summary.,1
gaza,against Arkansas-based firearm export companies profiting from the war in Gaza,1,Supports the selected cause in CCC claims_summary.,1
gaza,against CNN's coverage of the conflict in Gaza,0,Hostage-only or ambiguous claim; no explicit Palestinian-solidarity/ceasefire demand in this clause.,1
gaza,against CUNY repressing studnets and faculty for speaking out against the war in Gaza,1,Supports the selected cause in CCC claims_summary.,1
gaza,against Capital One extending its credit line to Elbit Systems as Elbit Systems continues to manufacture weapons for Israel's genocide in Gaza,1,Supports the selected cause in CCC claims_summary.,1
gaza,against Chevalier's Books owner Bert Deixler canceling an event with Palestinian author Jenan Matari,1,Supports the selected cause in CCC claims_summary.,1
gaza,against Chevron supporting Israel's genocide of Palestinians,1,Supports the selected cause in CCC claims_summary.,20
gaza,against Chevron's complicity in genocide in Gaza,1,Supports the selected cause in CCC claims_summary.,16
gaza,against Citibank financing projects that contribute to the starvation and genocide of Gaza,1,Supports the selected cause in CCC claims_summary.,1
gaza,against Citibank's complicity in genocide in Gaza,1,Supports the selected cause in CCC claims_summary.,1
gaza,against Columbia University's repression of pro-Palestine student protest,1,Supports the selected cause in CCC claims_summary.,1
gaza,against Deixler censoring Palestinian voices,1,Supports the selected cause in CCC claims_summary.,1
gaza,against Deixler supporting Israel's genocide in Gaza,1,Supports the selected cause in CCC claims_summary.,1
gaza,against Egypt's and Jordan's complicity in Israel's genocide on Gaza,1,Supports the selected cause in CCC claims_summary.,1
gaza,against Egypt's complicity in Israel's genocide on Gaza,1,Supports the selected cause in CCC claims_summary.,2
gaza,against For Gaza protest,0,Opposes Palestinian solidarity or a solidarity event.,1
gaza,against Fox News manufacturing consent in the US-Israel genocide of Palestinians in Gaza,1,Supports the selected cause in CCC claims_summary.,1
gaza,against George Washington University suspending Students for Justice in Palestine,1,Supports the selected cause in CCC claims_summary.,1
gaza,against Gov. Tim Walz avoiding meeting with constituents regarding Israel-Palestine,0,Hostage-only or ambiguous claim; no explicit Palestinian-solidarity/ceasefire demand in this clause.,1
gaza,against Governor Kathy Hochul's decision to remove a job posting for a Palestinian studies professor role,1,Supports the selected cause in CCC claims_summary.,1
gaza,against Harris for comlicity regarding the war in Gaza,1,Supports the selected cause in CCC claims_summary.,1
gaza,against Imperial Valley Press lack of coverage on the war in Gaza,1,Supports the selected cause in CCC claims_summary.,1
gaza,against Israel airstrike in Gaza,1,Supports the selected cause in CCC claims_summary.,1
gaza,"against Israel's attacks in the West Bank, against genocide in Gaza",1,Supports the selected cause in CCC claims_summary.,1
gaza,against Israel's attacks on Gaza,1,Supports the selected cause in CCC claims_summary.,1
gaza,against Israel's attacks on Kamal Adwan Hospital and all healthcare workers in Gaza,1,Supports the selected cause in CCC claims_summary.,2
gaza,against Israel's attacks on Kamal Adwan Hospital and other healthcare facilities and healthcare workers in Gaza,1,Supports the selected cause in CCC claims_summary.,1
gaza,against Israel's attacks on healthcare workers and hospitals in Gaza,1,Supports the selected cause in CCC claims_summary.,1
gaza,against Israel's attacks on hospitals and healthcare workers in Gaza,1,Supports the selected cause in CCC claims_summary.,11
gaza,against Israel's attacks on the West Bank and Gaza and Lebanon,1,Supports the selected cause in CCC claims_summary.,1
gaza,against Israel's blockage of all food and aid from entering Gaza,1,Supports the selected cause in CCC claims_summary.,137
gaza,against Israel's bombing in Palestine and Lebanon,1,Supports the selected cause in CCC claims_summary.,1
gaza,against Israel's continuing attacks on Palestine and Lebanon,1,Supports the selected cause in CCC claims_summary.,1
gaza,against Israel's destruction of healthcare facilities in Gaza,1,Supports the selected cause in CCC claims_summary.,1
gaza,against Israel's destruction of the healthcare system in Gaza,1,Supports the selected cause in CCC claims_summary.,10
gaza,against Israel's detention of Dr. Hussam Abu Safiya and other healthcare workers from Gaza,1,Supports the selected cause in CCC claims_summary.,1
gaza,against Israel's genocide of Gazans,1,Supports the selected cause in CCC claims_summary.,1
gaza,against Israel's genocide of Palestinians in Gaza,1,Supports the selected cause in CCC claims_summary.,1
gaza,against Israel's killings of journalists in Gaza,1,Supports the selected cause in CCC claims_summary.,1
gaza,against Israel's military force in Gaza,1,Supports the selected cause in CCC claims_summary.,1
gaza,against Israel's military operations in Gaza,1,Supports the selected cause in CCC claims_summary.,1
gaza,against Israel's occupation of Gaza and its impending occupation of Gaza City,1,Supports the selected cause in CCC claims_summary.,3
gaza,against Israel's starvation of Gaza,1,Supports the selected cause in CCC claims_summary.,1
gaza,against Israel's starvation of civilians in Gaza,1,Supports the selected cause in CCC claims_summary.,1
gaza,against Israel's use of military force in Gaza,1,Supports the selected cause in CCC claims_summary.,5
gaza,against Israel's use of violence against non-combatants in Gaza,1,Supports the selected cause in CCC claims_summary.,1
gaza,against Israel's war on Gaza,1,Supports the selected cause in CCC claims_summary.,1
gaza,against Israel's war on Gaza and Lebanon,1,Supports the selected cause in CCC claims_summary.,53
gaza,against Israel-Palestine conflict,1,Supports the selected cause in CCC claims_summary.,1
gaza,against Israeli genocide against Palestinians,1,Supports the selected cause in CCC claims_summary.,4
gaza,against Israeli prime minister Benjamin Netanyahu's leadership of genocide in Gaza,1,Supports the selected cause in CCC claims_summary.,1
gaza,against Israel’s genocide of Palestinians,1,Supports the selected cause in CCC claims_summary.,60
gaza,against Israel’s genocide of Palestinians in Gaza,1,Supports the selected cause in CCC claims_summary.,29
gaza,against Israel’s murder of journalists in Gaza,1,Supports the selected cause in CCC claims_summary.,122
gaza,against Johns Hopkins University’s response to the Israel-Palestine conflict,0,Hostage-only or ambiguous claim; no explicit Palestinian-solidarity/ceasefire demand in this clause.,1
gaza,against L3Harris's complicity in genocide in Gaza,1,Supports the selected cause in CCC claims_summary.,54
gaza,against Lockheed Martin's complicity in genocide in Gaza,1,Supports the selected cause in CCC claims_summary.,2
gaza,against McNally Capital investing in Israel's genocide in Gaza,1,Supports the selected cause in CCC claims_summary.,21
gaza,against NYT article concerning Israeli sexual assault of Palestinians,0,Hostage-only or ambiguous claim; no explicit Palestinian-solidarity/ceasefire demand in this clause.,1
gaza,against NYT manufacturing consent for Israel’s U.S.-backed war against the Palestinian people,1,Supports the selected cause in CCC claims_summary.,1
gaza,against NYU disciplining pro-Palestine student protesters,1,Supports the selected cause in CCC claims_summary.,1
gaza,against NYU's complicity in silencing opposition to war and genocide in Gaza,1,Supports the selected cause in CCC claims_summary.,1
gaza,against New York Times implying that Gazans are not being starved,1,Supports the selected cause in CCC claims_summary.,1
gaza,against New York University's punishment of pro-Palestinian student protesters,1,Supports the selected cause in CCC claims_summary.,1
gaza,against Palestinian gencide,1,Supports the selected cause in CCC claims_summary.,1
gaza,against Palestinian liberation,0,Opposes Palestinian solidarity or a solidarity event.,1
gaza,against Penn State's lack of support for Palestine,1,Supports the selected cause in CCC claims_summary.,1
gaza,against President Donald Trump’s proposal to resettle Palestinians in Gaza,1,Supports the selected cause in CCC claims_summary.,1
gaza,against President Trump's plan to take over Gaza while relocating residents to neighboring countries,1,Supports the selected cause in CCC claims_summary.,1
gaza,against President Trump's position to take control of Gaza,1,Supports the selected cause in CCC claims_summary.,1
gaza,against President Trump’s ethnic cleansing plans for Gaza,1,Supports the selected cause in CCC claims_summary.,1
gaza,against Raytheon Technologies and defense contractors due to their alleged role in the humanitarian crisis/genocide in Gaza,1,Supports the selected cause in CCC claims_summary.,1
gaza,against Rep. Bell going on a trip to Israel amidst Israel's ongoing genocide of Palestinians in Gaza,1,Supports the selected cause in CCC claims_summary.,1
gaza,against Rep. Brittany Pettersen supporting Israel's genocide of Gaza,1,Supports the selected cause in CCC claims_summary.,1
gaza,against Sen. Adam Schiff voting to continue sending support and weapons to Israel amidst Israel's ongoing genocide of Palestinians in Gaza,1,Supports the selected cause in CCC claims_summary.,1
gaza,against Sen. Alex Padilla voting to continue sending support and weapons to Israel amidst Israel's ongoing genocide of Palestinians in Gaza,1,Supports the selected cause in CCC claims_summary.,1
gaza,against Sen. Risch remaining silent on the genocide in Gaza,1,Supports the selected cause in CCC claims_summary.,21
gaza,against Sen. Wicker supporting Israel's genocide of Palestinians in Gaza,1,Supports the selected cause in CCC claims_summary.,1
gaza,against Textron Aviation's complicity in genocide in Gaza and support for police and border surveillance in the U.S.,1,Supports the selected cause in CCC claims_summary.,1
gaza,against The New York Times newspaper's role in spreading misinformation and enabling genocide in Gaza,1,Supports the selected cause in CCC claims_summary.,1
gaza,against Trump administration proposal to annex the Gaza Strip,1,Supports the selected cause in CCC claims_summary.,1
gaza,against Trump targeting pro-palestine protesters,1,Supports the selected cause in CCC claims_summary.,1
gaza,against Tufts University's complicity in genocide in Gaza,1,Supports the selected cause in CCC claims_summary.,1
gaza,against U Michigan firing Eaman Ali for pro-Palestine protests,1,Supports the selected cause in CCC claims_summary.,1
gaza,against U.S. Rep. Chris Pappas' support for genocide in Gaza and imperialist wars in Syria and Yemen,1,Supports the selected cause in CCC claims_summary.,1
gaza,against U.S. Secretary of State Anthony Blinken's complicity in genocide in Gaza,1,Supports the selected cause in CCC claims_summary.,4
gaza,against U.S. complicity in Israel's oppression of Palestinians,1,Supports the selected cause in CCC claims_summary.,1
gaza,"against U.S. involvement in Israel’s actions in Gaza, for Palestinian self-determination, against Trump’s plan to take over Gaza, for honoring the ceasefire agreement, against leveraging foreign aid to pressure Jordan and Egypt, for stopping the ethnic cleansing of Palestinians, against continued attacks on displaced Palestinians, for recognizing Gaza’s history and the right of Palestinians to remain on their land, against destruction of Palestinian infrastructure and homes",1,Supports the selected cause in CCC claims_summary.,1
gaza,against U.S. invovlement in Gaza,1,Supports the selected cause in CCC claims_summary.,1
gaza,against U.S. support for Israel's attack on Gaza,1,Supports the selected cause in CCC claims_summary.,56
gaza,against UCLA Chancello Julio Frenk allowing for the arrest of students protesting genocide in Gaza,1,Supports the selected cause in CCC claims_summary.,1
gaza,against US Sen. Cory Booker's hypocrisy regarding the genocie in Gaza,1,Supports the selected cause in CCC claims_summary.,1
gaza,against US elected officials accepting money from pro-Israel agencies amidst Israel's ongoing genocide of Palestinians,1,Supports the selected cause in CCC claims_summary.,1
gaza,against US funding Israel's genocide in Gaza,1,Supports the selected cause in CCC claims_summary.,1
gaza,against US support for Israel's attack on Gaza,1,Supports the selected cause in CCC claims_summary.,1
gaza,against University of Rochester's complicity in the war in Gaza,1,Supports the selected cause in CCC claims_summary.,1
gaza,against Wells Fargo financing weapons manufacturing for Israel's genocide in Gaza,1,Supports the selected cause in CCC claims_summary.,4
gaza,against Yale pro-Palestine protest,0,Opposes Palestinian solidarity or a solidarity event.,1
gaza,against Zionist attacks on pro-Palestine protester,1,Supports the selected cause in CCC claims_summary.,1
gaza,against a New York real estate event promoting the sale of Palestinian property on settlements in the occupied West Bank,1,Supports the selected cause in CCC claims_summary.,1
gaza,against an Evening for Gaza fundraiser event,0,Opposes Palestinian solidarity or a solidarity event.,1
gaza,against appropriation of Palestinian cuisine and culture by Israel,1,Supports the selected cause in CCC claims_summary.,1
gaza,"against budget cuts and tuition hikes at California State University campuses, for LGBTQ+ rights, for Palestinian liberation",1,Supports the selected cause in CCC claims_summary.,1
gaza,against celebrating the 4th of July when Palestinians are not free,1,Supports the selected cause in CCC claims_summary.,1
gaza,against complicity in genocide in Gaza,1,Supports the selected cause in CCC claims_summary.,1
gaza,against complicity in the Gaza genocide,1,Supports the selected cause in CCC claims_summary.,137
gaza,against complicity in the Palestinian genocide,1,Supports the selected cause in CCC claims_summary.,1
gaza,against complicity in the occupation of Palestine,1,Supports the selected cause in CCC claims_summary.,1
gaza,against crackdowns on Palestinian rights movement,1,Supports the selected cause in CCC claims_summary.,1
gaza,against criminal charges lodged against two local Palestinian liberation activists,1,Supports the selected cause in CCC claims_summary.,1
gaza,against deportations of students rallying for Palestine,1,Supports the selected cause in CCC claims_summary.,1
gaza,against disbanding Palestine Studies,1,Supports the selected cause in CCC claims_summary.,1
gaza,against ethnic cleansing and genocide in Gaza,1,Supports the selected cause in CCC claims_summary.,1
gaza,against ethnic cleansing in Gaza,1,Supports the selected cause in CCC claims_summary.,1
gaza,against ethnic cleansing in Palestine,1,Supports the selected cause in CCC claims_summary.,1
gaza,against executive orders targeting pro-Palestinian activism on college campuses,1,Supports the selected cause in CCC claims_summary.,1
gaza,against geneocide in Gaza,1,Supports the selected cause in CCC claims_summary.,2
gaza,against genocide and displacement in Gaza,1,Supports the selected cause in CCC claims_summary.,14
gaza,against genocide and starvation in Gaza,1,Supports the selected cause in CCC claims_summary.,1
gaza,against genocide in Gaza,1,Supports the selected cause in CCC claims_summary.,3249
gaza,against genocide in Palestine,1,Supports the selected cause in CCC claims_summary.,2
gaza,against humanitarian crisis in Gaza,1,Supports the selected cause in CCC claims_summary.,1
gaza,against local and Maryland state involvement in the Israel-Palestine war,1,Supports the selected cause in CCC claims_summary.,1
gaza,against major US media outlets supporting the genocide in Gaza,1,Supports the selected cause in CCC claims_summary.,1
gaza,against manufacturing of bomb components used in Gaza,1,Supports the selected cause in CCC claims_summary.,1
gaza,against media manufacturing consent in Israel's genocide in Gaza,1,Supports the selected cause in CCC claims_summary.,146
gaza,against military intervention in Gaza,1,Supports the selected cause in CCC claims_summary.,1
gaza,against occupation and ethnic cleansing in Palestine,1,Supports the selected cause in CCC claims_summary.,1
gaza,"against ongoing violence and economic blockade in Gaza, journalist assassinations, starvation, and collective punishment",1,Supports the selected cause in CCC claims_summary.,1
gaza,against oppression on Palestine people,1,Supports the selected cause in CCC claims_summary.,1
gaza,against pro-Palestine demonstration,0,Opposes Palestinian solidarity or a solidarity event.,4
gaza,against pro-Palestine demonstrators,0,Opposes Palestinian solidarity or a solidarity event.,2
gaza,against pro-Palestine marchers,0,Opposes Palestinian solidarity or a solidarity event.,1
gaza,against pro-Palestine protest,0,Opposes Palestinian solidarity or a solidarity event.,3
gaza,against pro-Palestine protesters,0,Opposes Palestinian solidarity or a solidarity event.,6
gaza,against pro-Palestine rally,0,Opposes Palestinian solidarity or a solidarity event.,4
gaza,against pro-Palestinian protesters,0,Opposes Palestinian solidarity or a solidarity event.,2
gaza,against proposed Trump administration's US takeover of Gaza,1,Supports the selected cause in CCC claims_summary.,1
gaza,against punishment of pro-Palestinian student protesters,1,Supports the selected cause in CCC claims_summary.,1
gaza,against representative Wesley Bell for his support to genocide in Gaza,1,Supports the selected cause in CCC claims_summary.,1
gaza,against repression and discrimination towards pro-Palestinian students at City University of New York and in Gaza,1,Supports the selected cause in CCC claims_summary.,1
gaza,against scholasticide in Gaza,1,Supports the selected cause in CCC claims_summary.,1
gaza,against several US Senators voting to continue sending weapons to Israel amidst the genocide in Gaza,1,Supports the selected cause in CCC claims_summary.,1
gaza,against speakers at a University of Maryland event about political negotiations in the Middle East in favor of Israel's military offensive in Gaza,1,Supports the selected cause in CCC claims_summary.,1
gaza,against starvation in Gaza,1,Supports the selected cause in CCC claims_summary.,42
gaza,against starvation of children in Gaza,1,Supports the selected cause in CCC claims_summary.,1
gaza,against starving Gaza,1,Supports the selected cause in CCC claims_summary.,1
gaza,against state legislation that would criminalize pro-Palestinian activism,1,Supports the selected cause in CCC claims_summary.,3
gaza,against suspension of Students for Justice in Palestine at UCLA organization,1,Supports the selected cause in CCC claims_summary.,1
gaza,against suspensions and evictions of University of Chicago students who participated in Palestine solidarity protest,1,Supports the selected cause in CCC claims_summary.,1
gaza,against takeover of Gaza strip,1,Supports the selected cause in CCC claims_summary.,1
gaza,against targeting students for their support of Palestine,1,Supports the selected cause in CCC claims_summary.,1
gaza,against the American Medical Association's failure to denounce the killing of 8 paramedics in Gaza by Israeli security forces,1,Supports the selected cause in CCC claims_summary.,1
gaza,against the Egyptian government's complicity in the starvation of Gaza's population,1,Supports the selected cause in CCC claims_summary.,2
gaza,against the Gaza Humanitarian Foundation,1,Supports the selected cause in CCC claims_summary.,1
gaza,against the Israel-Palestine war,1,Supports the selected cause in CCC claims_summary.,1
gaza,against the Israeli occupation in Palestine,1,Supports the selected cause in CCC claims_summary.,1
gaza,against the New York Times newspapers' complicity in genocide in Gaza,1,Supports the selected cause in CCC claims_summary.,1
gaza,against the New York Times perpetuating the narrative that Israel is not committing genocide in Gaza,1,Supports the selected cause in CCC claims_summary.,1
gaza,against the New York Times' alleged bias towards Israel in its coverage of violence in Gaza,1,Supports the selected cause in CCC claims_summary.,1
gaza,against the Palestine vigil,0,Opposes Palestinian solidarity or a solidarity event.,2
gaza,against the Palestinian Authority's collaboration with Israel,1,Supports the selected cause in CCC claims_summary.,1
gaza,against the Rep. Troy Carter supporting continuing to send weapons to Israel amidst the genocide in Gaza,1,Supports the selected cause in CCC claims_summary.,1
gaza,against the Rhode Island School of Design's request to relocate pro-Palestinian art,1,Supports the selected cause in CCC claims_summary.,1
gaza,against the Sen. Chris Coons voting to continue sending weapons to Israel amidst the genocide in Gaza,1,Supports the selected cause in CCC claims_summary.,1
gaza,against the Trump Administration's efforts to deport Columbia student Yunseo Chung for her Pro-Palestinian speech,1,Supports the selected cause in CCC claims_summary.,1
gaza,against the Trump administration funding Israel's ongoing genocide in Gaza,1,Supports the selected cause in CCC claims_summary.,1
gaza,against the Trump administration's proposal for control over Gaza,1,Supports the selected cause in CCC claims_summary.,1
gaza,"against the U.S. State Department halting medical visas for children from Gaza, including amputees and those critically wounded",1,Supports the selected cause in CCC claims_summary.,17
gaza,against the U.S. news media's complicity in ongoing genocide in Gaza,1,Supports the selected cause in CCC claims_summary.,1
gaza,against the US and Trump supporting and aiding Israel’s genocide of Palestinians,1,Supports the selected cause in CCC claims_summary.,1
gaza,against the US continuing to send weapons to Israel amidst the genocide in Gaza,1,Supports the selected cause in CCC claims_summary.,1
gaza,against the US media inaccurately portraying the genocide in Gaza to appease Israel,1,Supports the selected cause in CCC claims_summary.,1
gaza,against the US supporting Israel's genocide in Gaza,1,Supports the selected cause in CCC claims_summary.,1
gaza,against the US supporting and aiding Israel’s genocide of Palestinians,1,Supports the selected cause in CCC claims_summary.,188
gaza,against the US voting to continue sending weapons to Israel amidst the genocide in Gaza,1,Supports the selected cause in CCC claims_summary.,139
gaza,against the US-Israel war on Palestine,1,Supports the selected cause in CCC claims_summary.,1
gaza,"against the United States sending weapons to Israel, for Palestinian liberation",1,Supports the selected cause in CCC claims_summary.,1
gaza,against the Whitney Museum of American Art canceling a performance intended to mourn the deaths of Palestinians in Gaza,1,Supports the selected cause in CCC claims_summary.,1
gaza,against the arrest and charges brought against 3 Cornell University students for their involvement in protesting the war in Gaza,1,Supports the selected cause in CCC claims_summary.,1
gaza,against the arrest and detention of 8 pro-Palestinian activists in the United Kingdom,1,Supports the selected cause in CCC claims_summary.,2
gaza,against the arrest and detention of pro-Palestinian activists in the United Kingdom,1,Supports the selected cause in CCC claims_summary.,1
gaza,against the arrest and suspension of pro-Palestine demonstrators on May 5th at University of Washington,1,Supports the selected cause in CCC claims_summary.,1
gaza,against the arrest by British authorities of pro-Palestine activists,1,Supports the selected cause in CCC claims_summary.,1
gaza,against the arrest of Pro-Palestinian protestors by Columbia University Police,1,Supports the selected cause in CCC claims_summary.,1
gaza,against the arrest of a photojournalist for documenting pro-Palestinian vandalism,1,Supports the selected cause in CCC claims_summary.,1
gaza,against the arrest of a pro-Palestine protester,1,Supports the selected cause in CCC claims_summary.,1
gaza,against the arrest of nine pro-Palestine activists in March 2024,1,Supports the selected cause in CCC claims_summary.,1
gaza,against the arrest of three pro-Palestine protesters from Tarrant County,1,Supports the selected cause in CCC claims_summary.,1
gaza,against the assault of a woman at the scene of pro-Palestine and pro-Israel demonstrations on April 24,0,Hostage-only or ambiguous claim; no explicit Palestinian-solidarity/ceasefire demand in this clause.,1
gaza,against the deliberate and ongoing starvation of Palestinians in Gaza,1,Supports the selected cause in CCC claims_summary.,1
gaza,against the deliberate food shortage and starvation of Palestinians by Israel,1,Supports the selected cause in CCC claims_summary.,239
gaza,against the deliberate starvation of Palestinians,1,Supports the selected cause in CCC claims_summary.,1
gaza,against the destruction of Gaza's environment,1,Supports the selected cause in CCC claims_summary.,1
gaza,against the expulsion of two pro-Palestine students,1,Supports the selected cause in CCC claims_summary.,1
gaza,against the food shortage and ongoing violence in Gaza,1,Supports the selected cause in CCC claims_summary.,9
gaza,against the forced starvation in Gaza by Israel,1,Supports the selected cause in CCC claims_summary.,1
gaza,against the forced starvation of children in Gaza by Israel,1,Supports the selected cause in CCC claims_summary.,1
gaza,against the genocide in Gaza,1,Supports the selected cause in CCC claims_summary.,30
gaza,against the humanitarian crisis in Gaza,1,Supports the selected cause in CCC claims_summary.,1
gaza,against the impending ground invasion of Gaza City by Israel,1,Supports the selected cause in CCC claims_summary.,3
gaza,against the intentional and ongoing starvation of Gazans,1,Supports the selected cause in CCC claims_summary.,142
gaza,against the killing of Palestinian journalist by Israeli forces,1,Supports the selected cause in CCC claims_summary.,1
gaza,against the killing of Palestinian journalists by Israel,1,Supports the selected cause in CCC claims_summary.,1
gaza,against the killing of civilians in Gaza by Israel,1,Supports the selected cause in CCC claims_summary.,1
gaza,against the mass killing of noncombatants by Israeli military action in Gaza,1,Supports the selected cause in CCC claims_summary.,1
gaza,against the news media and film industry's misrepresentations and silencing of Palestinians,1,Supports the selected cause in CCC claims_summary.,1
gaza,against the occupation of Gaza by Israel,1,Supports the selected cause in CCC claims_summary.,1
gaza,against the ongoing and deliberate starvation of Gaza by Israel,1,Supports the selected cause in CCC claims_summary.,1
gaza,against the ongoing and deliberate starvation of Gazans by Israel,1,Supports the selected cause in CCC claims_summary.,1
gaza,against the ongoing and deliberate starvation of Palestinians in Gaza,1,Supports the selected cause in CCC claims_summary.,18
gaza,against the ongoing genocide in Gaza,1,Supports the selected cause in CCC claims_summary.,1
gaza,against the ongoing humanitarian crisis and treatment of people in Gaza,1,Supports the selected cause in CCC claims_summary.,1
gaza,against the ongoing violence in Gaza,1,Supports the selected cause in CCC claims_summary.,171
gaza,"against the role of the G & B Packing facility in shipping military equipment used by Israel, which contributes to civilian deaths in Palestine",1,Supports the selected cause in CCC claims_summary.,1
gaza,against the sale of land in Palestine to settlers,1,Supports the selected cause in CCC claims_summary.,1
gaza,against the screening of a documentary supporting Palestine,0,Opposes Palestinian solidarity or a solidarity event.,1
gaza,against the siege of Gaza,1,Supports the selected cause in CCC claims_summary.,1
gaza,against the starvation of Gaza's population,1,Supports the selected cause in CCC claims_summary.,2
gaza,against the state of Minnesota sending money to Israel during the ongoing genocide in Gaza,1,Supports the selected cause in CCC claims_summary.,1
gaza,against the suffering of families and children in Gaza,1,Supports the selected cause in CCC claims_summary.,53
gaza,against the targeting of pro-Palestinian students,1,Supports the selected cause in CCC claims_summary.,1
gaza,"against the university-hosted discussion on Gaza's future, which the TAHRIR Coalition argued ""whitewashed"" current events",1,Supports the selected cause in CCC claims_summary.,1
gaza,against the vandalism of Palestine flag,1,Supports the selected cause in CCC claims_summary.,1
gaza,against the war in Gaza,1,Supports the selected cause in CCC claims_summary.,2
gaza,against use of Hind Rajab to advance false claims of genocide in Gaza,0,Opposes Palestinian solidarity or a solidarity event.,1
gaza,against violence in Gaza,1,Supports the selected cause in CCC claims_summary.,3
gaza,against war in Gaza,1,Supports the selected cause in CCC claims_summary.,1
gaza,against war on Gaza,1,Supports the selected cause in CCC claims_summary.,1
gaza,against war on Palestine,1,Supports the selected cause in CCC claims_summary.,1
gaza,against weapons manufacturer Elbit Systems supplying arms to Israel amidst the ongoing genocide in Gaza,1,Supports the selected cause in CCC claims_summary.,1
gaza,"against xenophobia, anti-Palestinian, anti-Arab, and Islamophobia",1,Supports the selected cause in CCC claims_summary.,1
gaza,aganist genocide in Gaza,1,Supports the selected cause in CCC claims_summary.,1
gaza,for  Palestinian liberation,1,Supports the selected cause in CCC claims_summary.,1
gaza,for  calling  for peace and justice for the people of Gaza,1,Supports the selected cause in CCC claims_summary.,1
gaza,for American people supporting Palestine people,1,Supports the selected cause in CCC claims_summary.,1
gaza,for Black and Palestinian solidarity,1,Supports the selected cause in CCC claims_summary.,1
gaza,for Egypt allowing aid to enter Gaza,1,Supports the selected cause in CCC claims_summary.,2
gaza,for Egypt and Jordan allowing aid to enter Gaza,1,Supports the selected cause in CCC claims_summary.,1
gaza,for Gaza receiving aid,1,Supports the selected cause in CCC claims_summary.,1
gaza,for Palestinan liberation,1,Supports the selected cause in CCC claims_summary.,2
gaza,for Palestine,1,Supports the selected cause in CCC claims_summary.,9
gaza,for Palestine liberation,1,Supports the selected cause in CCC claims_summary.,10
gaza,for Palestinian Liberation,1,Supports the selected cause in CCC claims_summary.,2
gaza,for Palestinian freedom/rights,1,Supports the selected cause in CCC claims_summary.,1
gaza,for Palestinian liberation,1,Supports the selected cause in CCC claims_summary.,8477
gaza,for Palestinian liberation and return,1,Supports the selected cause in CCC claims_summary.,1
gaza,"for Palestinian liberation, for disclosing all current and future UCF investments, for UCF ending all relationships with the military-industrial complex",1,Supports the selected cause in CCC claims_summary.,1
gaza,"for Palestinian liberation, for full transparency and principled stewardship of Stanford’s endowment",1,Supports the selected cause in CCC claims_summary.,25
gaza,for Palestinian liberation~,1,Supports the selected cause in CCC claims_summary.,1
gaza,for Palestinians' right of return,1,Supports the selected cause in CCC claims_summary.,3
gaza,for Palestininan liberation,1,Supports the selected cause in CCC claims_summary.,1
gaza,for Rep. Dan Goldman publicly denouncing Israel's genocide of Palestinians,1,Supports the selected cause in CCC claims_summary.,21
gaza,for US journalists and news outlets accurately reporting on Israel’s genocide in Gaza,1,Supports the selected cause in CCC claims_summary.,117
gaza,for US lawmakers immediately supplying food and aid to people in Gaza,1,Supports the selected cause in CCC claims_summary.,1
gaza,"for UT Arlington to divest from companies supporting Israel, for Palestinian liberation",1,Supports the selected cause in CCC claims_summary.,1
gaza,for a ceasefire in Gaza,1,Supports the selected cause in CCC claims_summary.,153
gaza,for a ceasefire in Gaza and Lebanon,1,Supports the selected cause in CCC claims_summary.,1
gaza,for a ceasefire in Israel and Palestine,1,Supports the selected cause in CCC claims_summary.,53
gaza,for a diplomatic solution for Israel and Palestine,1,Supports the selected cause in CCC claims_summary.,1
gaza,for a peaceful resolution of conflicts in Palestine and Iran,1,Supports the selected cause in CCC claims_summary.,1
gaza,for accountability for Israel's war crimes in Gaza,1,Supports the selected cause in CCC claims_summary.,3
gaza,for accountability for war crimes in Gaza,1,Supports the selected cause in CCC claims_summary.,14
gaza,for acknowledging the suffering of Gaza and its impact on students,1,Supports the selected cause in CCC claims_summary.,9
gaza,for aid for Gaza,1,Supports the selected cause in CCC claims_summary.,1
gaza,for all governments to end the humanitarian crisis in Gaza,1,Supports the selected cause in CCC claims_summary.,1
gaza,for allowing aid into Gaza,1,Supports the selected cause in CCC claims_summary.,1
gaza,for allowing aid to enter Gaza,1,Supports the selected cause in CCC claims_summary.,141
gaza,for allowing food into Gaza,1,Supports the selected cause in CCC claims_summary.,1
gaza,for allowing relief aid into Gaza,1,Supports the selected cause in CCC claims_summary.,19
gaza,for allowing the distribution of aid in Gaza,1,Supports the selected cause in CCC claims_summary.,18
gaza,for amnesty for all eight students who were involved with the Palestine solidarity encampment at Bowdoin College,1,Supports the selected cause in CCC claims_summary.,1
gaza,for an effort to get humanitarian supplies to Palestine in solidarity with the Sumud Flotilla,1,Supports the selected cause in CCC claims_summary.,1
gaza,for an end to Israel's genocide of Palestinians in Gaza,1,Supports the selected cause in CCC claims_summary.,1
gaza,for an end to Israel's starvation of Gaza,1,Supports the selected cause in CCC claims_summary.,2
gaza,for an end to Israel’s imposed starvation on Gaza,1,Supports the selected cause in CCC claims_summary.,1
gaza,for an end to the U.S.'s support of Israel's forced starvation and genocide in Gaza,1,Supports the selected cause in CCC claims_summary.,1
gaza,for an end to the massacres at the U.S. backed Gaza Humanitarian Foundation aid sites in Israel,1,Supports the selected cause in CCC claims_summary.,2
gaza,for an end to the ongoing genocide of the Palestinian people,1,Supports the selected cause in CCC claims_summary.,1
gaza,for an environment in Gaza in which children can flourish,1,Supports the selected cause in CCC claims_summary.,1
gaza,for an immediate end to Israel's deliberate and ongoing starvation of Palestinians in Gaza,1,Supports the selected cause in CCC claims_summary.,1
gaza,for awareness to the Gaza Sun Birds para-cycling team,1,Supports the selected cause in CCC claims_summary.,1
gaza,for better coverage of the violence in Palestine by North East Pennsylvania media,1,Supports the selected cause in CCC claims_summary.,1
gaza,for bilateral ceasefire in Gaza,1,Supports the selected cause in CCC claims_summary.,42
gaza,for breaking the siege in Gaza,1,Supports the selected cause in CCC claims_summary.,1
gaza,for california senators to take food and aid into gaza and to stop arming israel,1,Supports the selected cause in CCC claims_summary.,1
gaza,for ceasefire in Gaza,1,Supports the selected cause in CCC claims_summary.,1775
gaza,for ceasefire in Israel/Palestine,1,Supports the selected cause in CCC claims_summary.,52
gaza,for ceasefire in gaza,1,Supports the selected cause in CCC claims_summary.,7
gaza,for delivering aid to Gaza,1,Supports the selected cause in CCC claims_summary.,5
gaza,for demanding  an end to the ongoing violence in Gaza,1,Supports the selected cause in CCC claims_summary.,1
gaza,for demanding humanitarian access to Gaza by urging Egypt to open the Rafah crossing and oppose the blockade,1,Supports the selected cause in CCC claims_summary.,1
gaza,for divesting the University System of Georgia from partnerships and investments with companies complicit in Israel’s genocide in Gaza,1,Supports the selected cause in CCC claims_summary.,1
gaza,for divestment from companies involved in the genocide on the Palestinians,1,Supports the selected cause in CCC claims_summary.,1
gaza,for dropping charges against pro-Palestine student protesters arrested at Arizona State University,1,Supports the selected cause in CCC claims_summary.,10
gaza,for ending Israel's attacks on Lebanon and Gaza and the West Bank,1,Supports the selected cause in CCC claims_summary.,1
gaza,for ending Israel's occupation of Palestine,1,Supports the selected cause in CCC claims_summary.,106
gaza,for ending Israel's siege on Gaza and settler violence in the West Bank,1,Supports the selected cause in CCC claims_summary.,53
gaza,for ending repression of pro-Palestinian voices on campus,1,Supports the selected cause in CCC claims_summary.,1
gaza,for ending starvation in Gaza,1,Supports the selected cause in CCC claims_summary.,17
gaza,for freeing Ahmad Sa'adat and all Palestinian political prisoners held by Israel,1,Supports the selected cause in CCC claims_summary.,1
gaza,for freeing Dr. Hussam Abu Safiya and all abducted Palestinian healthcare workers,1,Supports the selected cause in CCC claims_summary.,1
gaza,for freeing Dr. Hussam Abu Safiya and other Palestinian healthcare workers detained by Israel,1,Supports the selected cause in CCC claims_summary.,1
gaza,for freeing all Israeli and Palestinian prisoners and hostages,1,Supports the selected cause in CCC claims_summary.,53
gaza,for freeing all abducted Palestinian healthcare workers,1,Supports the selected cause in CCC claims_summary.,9
gaza,for freeing all political prisoners from from Louisiana to El Salvador to Palestine,1,Supports the selected cause in CCC claims_summary.,1
gaza,for holding major media groups accountable for their participation in the skewed coverage of the genocide in Gaza,1,Supports the selected cause in CCC claims_summary.,146
gaza,for honoring the tens of thousands of Palestinians murdered by U.S.-funded violence,1,Supports the selected cause in CCC claims_summary.,1
gaza,for humanitarian access to Gaza,1,Supports the selected cause in CCC claims_summary.,1
gaza,for humanitarian aid in Gaza,1,Supports the selected cause in CCC claims_summary.,1
gaza,for humanitarian aid to Gaza,1,Supports the selected cause in CCC claims_summary.,96
gaza,for humanitarian aid to gaza,1,Supports the selected cause in CCC claims_summary.,1
gaza,for humanitarian and medical aid to Gaza,1,Supports the selected cause in CCC claims_summary.,54
gaza,for humanitarian assistance to Palestinians,1,Supports the selected cause in CCC claims_summary.,53
gaza,for immediate and permanent ceasefire in Gaza,1,Supports the selected cause in CCC claims_summary.,235
gaza,for immediate ceasefire in Gaza,1,Supports the selected cause in CCC claims_summary.,53
gaza,"for immigrant, women, LGBTQ, Palestinian, and union rights",1,Supports the selected cause in CCC claims_summary.,1
gaza,for indicting U.S. Secretary of State Anthony Blinken for complicity in crimes against humanity in Gaza,1,Supports the selected cause in CCC claims_summary.,1
gaza,for international aid to Gaza,1,Supports the selected cause in CCC claims_summary.,5
gaza,for investigating anti-Palestinian bias in New York Times coverage,1,Supports the selected cause in CCC claims_summary.,1
gaza,for justice and equality and freedom for Israelis and Palestinians,1,Supports the selected cause in CCC claims_summary.,53
gaza,for lifting Israel's siege on Gaza,1,Supports the selected cause in CCC claims_summary.,96
gaza,for media accurately depicting the genocide in Gaza,1,Supports the selected cause in CCC claims_summary.,1
gaza,for media groups accurately depicting Israel's genocide of Palestinians,1,Supports the selected cause in CCC claims_summary.,146
gaza,for palestinian liberation,1,Supports the selected cause in CCC claims_summary.,72
gaza,for passage of city council resolution calling for ceasefire and humanitarian aid in Gaza,1,Supports the selected cause in CCC claims_summary.,1
gaza,for passage of city council resolution calling for permanent ceasefire in Gaza and restoration of humanitarian aid and release of all hostages and adherence to U.S. and international law,1,Supports the selected cause in CCC claims_summary.,1
gaza,for peace and justice in Gaza and everywhere,1,Supports the selected cause in CCC claims_summary.,53
gaza,for peace in Gaza,1,Supports the selected cause in CCC claims_summary.,53
gaza,for permanent and unconditional ceasefire in Gaza,1,Supports the selected cause in CCC claims_summary.,49
gaza,for permanent ceasefire in Gaza,1,Supports the selected cause in CCC claims_summary.,338
gaza,for permanent ceasefire in Gaza and West Bank,1,Supports the selected cause in CCC claims_summary.,54
gaza,for permanent ceasefire in Palestine,1,Supports the selected cause in CCC claims_summary.,1
gaza,for providing reparations to Palestinians,1,Supports the selected cause in CCC claims_summary.,1
gaza,for public statement by American Historical Association condemning scholasticide in Gaza,1,Supports the selected cause in CCC claims_summary.,1
gaza,for recognizing Palestinian statehood,1,Supports the selected cause in CCC claims_summary.,1
gaza,for reinstating students suspended for their participation in Columbia's Gaza Solidarity Encampment,1,Supports the selected cause in CCC claims_summary.,1
gaza,for release of Dr. Hussam Abu Safiya and other Palestinian healthcare workers held by Israel,1,Supports the selected cause in CCC claims_summary.,1
gaza,for release of all Palestinian and Israeli hostages and prisoners including doctors and medical workers,1,Supports the selected cause in CCC claims_summary.,1
gaza,for relieving the famine in Gaza,1,Supports the selected cause in CCC claims_summary.,1
gaza,for remembering Palestinian victims,1,Supports the selected cause in CCC claims_summary.,2
gaza,for reparations to Palestinians,1,Supports the selected cause in CCC claims_summary.,1
gaza,for safety for children in Gaza,1,Supports the selected cause in CCC claims_summary.,2
gaza,for school adminstrators to drop misconduct charges of a pro-palestine student protestor,1,Supports the selected cause in CCC claims_summary.,1
gaza,for sending relief aid to Gaza,1,Supports the selected cause in CCC claims_summary.,1
gaza,for standing with Palestine,1,Supports the selected cause in CCC claims_summary.,1
gaza,for stopping  U.S. funding for Israel’s blockade and military campaign in Gaza,1,Supports the selected cause in CCC claims_summary.,1
gaza,for stopping ZIM containers from carrying weapons & ammo used to commit genocide in Gaza,1,Supports the selected cause in CCC claims_summary.,1
gaza,for stopping the starvation of Gaza,1,Supports the selected cause in CCC claims_summary.,1
gaza,for supporting the Palestenians in Gaza,1,Supports the selected cause in CCC claims_summary.,1
gaza,"for supporting the rights of Palestinians to life, self-determination and the protection of their homeland",1,Supports the selected cause in CCC claims_summary.,18
gaza,for the New York Times accurately portraying Israel's genocide of Palestinians,1,Supports the selected cause in CCC claims_summary.,1
gaza,"for the OU Board of Regents to divest from its corporate partners with financial ties to the war in Gaza, including Lockheed Martin, Motorola and Chevron",1,Supports the selected cause in CCC claims_summary.,1
gaza,for the adoption of prayers for palestinian victims by city council in addition to prayers for israeli victims,1,Supports the selected cause in CCC claims_summary.,1
gaza,for the breaking of the siege on Gaza,1,Supports the selected cause in CCC claims_summary.,1
gaza,for the delivery of humanitarian aid into Gaza,1,Supports the selected cause in CCC claims_summary.,2
gaza,for the delivery of humanitarian aid to Gaza,1,Supports the selected cause in CCC claims_summary.,1
gaza,for the dropping of charges against 12 Standford University students accussed of fellony vandalism during a June 2024 demonstration for Palestinian liberation,1,Supports the selected cause in CCC claims_summary.,1
gaza,for the end of the war in Gaza,1,Supports the selected cause in CCC claims_summary.,1
gaza,for the immediate release of Palestinian activist Mahmoud Khalil,1,Supports the selected cause in CCC claims_summary.,1
gaza,for the media accurately protraying the genocide in gaza,1,Supports the selected cause in CCC claims_summary.,1
gaza,for the release of Israeli hostages in Gaza,0,Hostage-only or ambiguous claim; no explicit Palestinian-solidarity/ceasefire demand in this clause.,1
gaza,for the release of all Palestinian prisoners,1,Supports the selected cause in CCC claims_summary.,1
gaza,for the release of all international students detained due to pro-palestinian activism,1,Supports the selected cause in CCC claims_summary.,1
gaza,for the release of all palestinian prisonsers,1,Supports the selected cause in CCC claims_summary.,1
gaza,for the release of arrested pro-Palestine student,1,Supports the selected cause in CCC claims_summary.,1
gaza,for the release of humanitarian aid into Gaza,1,Supports the selected cause in CCC claims_summary.,1
gaza,for the release of students arrested at the University of California Los Angeles for their involvement in a pro-Palestine march earlier in the day,1,Supports the selected cause in CCC claims_summary.,1
gaza,for the release of the hostages held by Hamas in Gaza,0,Hostage-only or ambiguous claim; no explicit Palestinian-solidarity/ceasefire demand in this clause.,1
gaza,for the release of two pro-Palestinian activists arrested for disrupting a City Council meeting,1,Supports the selected cause in CCC claims_summary.,1
gaza,for the releast of pro-Palestine protesters arrested for trespassing at the Israeli General Consulate on 19 August 2025,1,Supports the selected cause in CCC claims_summary.,1
gaza,for the restoration of public services in Gaza,1,Supports the selected cause in CCC claims_summary.,1
gaza,for the withdrawal of IDF troops from Gaza and a cessation of military aid for Israel,1,Supports the selected cause in CCC claims_summary.,18
gaza,for unrestricted access to Gaza by healthcare workers and journalists,1,Supports the selected cause in CCC claims_summary.,1
gaza,for urging U.S. leaders and the international community to intervene and prevent the continued erasure of Palestinian lives and rights,1,Supports the selected cause in CCC claims_summary.,1
gaza,for victory for the Palestinian resistance,1,Supports the selected cause in CCC claims_summary.,1
gaza,fora end the Siege on Gaza,1,Supports the selected cause in CCC claims_summary.,1
gaza,gainst Israel’s murder of journalists in Gaza,1,Supports the selected cause in CCC claims_summary.,1
gaza,gainst genocide in Gaza,1,Supports the selected cause in CCC claims_summary.,1
gaza,genocide in Gaza,1,Supports the selected cause in CCC claims_summary.,1
gaza,got a ceasefire in gaza,1,Supports the selected cause in CCC claims_summary.,1
gaza,in celebration of HEAL Palestine’s ongoing humanitarian mission to evacuate injured Palestinian children to the U.S. for urgent medical care,1,Supports the selected cause in CCC claims_summary.,1
gaza,in celebration of Palestinian resistance,1,Supports the selected cause in CCC claims_summary.,1
gaza,in celebration of activist Chris Smalls returning home after he was illegaly detained by Israel while on the Handala ship that was attempting to bring aid to Gaza,1,Supports the selected cause in CCC claims_summary.,1
gaza,in celebration of ceasefire in Gaza,1,Supports the selected cause in CCC claims_summary.,8
gaza,in celebration of healthcare workers in Gaza,1,Supports the selected cause in CCC claims_summary.,1
gaza,in celebration of the arrival of injured Palestinians to th U.S. for treatment for injusries sustained during Israel's ongoing genocide in Gaza,1,Supports the selected cause in CCC claims_summary.,1
gaza,in celebration of the release of pro-Palestine student protester Mahmoud Khalil after 104 days of ICE detention,1,Supports the selected cause in CCC claims_summary.,1
gaza,in celebration of victory by Palestinian resistance and release of Palestinian prisoners,1,Supports the selected cause in CCC claims_summary.,1
gaza,in commemoration of Mother's Day and in remembrance of mothers in Gaza,1,Supports the selected cause in CCC claims_summary.,1
gaza,in commemoration of the 2-year anniversary of the siege of Gaza,1,Supports the selected cause in CCC claims_summary.,3
gaza,in commemoration of the Gaza solidarity encampment anniversary at UCLA,1,Supports the selected cause in CCC claims_summary.,1
gaza,in commemoration of the Gaza solidarity encampment anniversary at VCU,1,Supports the selected cause in CCC claims_summary.,1
gaza,in commemoration of the one year anniversary of the pro-Palestinian student encampment at George Washington University,1,Supports the selected cause in CCC claims_summary.,1
gaza,in commemoration of the one-year anniversary of the Metropolitan Police Department clearing the pro-Palestinian encampment in University Yard,1,Supports the selected cause in CCC claims_summary.,1
gaza,in commemoration of the second anniversary of the siege of Gaza,1,Supports the selected cause in CCC claims_summary.,1
gaza,in commemoration of the second anniversary of the war in Gaza,1,Supports the selected cause in CCC claims_summary.,1
gaza,"in commemoration of two years of genocide against the people of Gaza, and over 77 years since Nakba",1,Supports the selected cause in CCC claims_summary.,3
gaza,in commemoration of two years of genocide in Gaza,1,Supports the selected cause in CCC claims_summary.,3
gaza,in memory of children who have died in the Israel-Palestine war,1,Supports the selected cause in CCC claims_summary.,1
gaza,in protest of Norman J.W. Goda's speech at Youngstown State University refraining from calling Israel's actions in Gaza genocidal,1,Supports the selected cause in CCC claims_summary.,1
gaza,in rememberance of the children killed by Israel in Gaza,1,Supports the selected cause in CCC claims_summary.,1
gaza,in remembrance of Hind Rajab and all Palestinian children killed by Israel in Gaza,1,Supports the selected cause in CCC claims_summary.,1
gaza,in remembrance of Hind Rajab and all victims of genocide in Gaza,1,Supports the selected cause in CCC claims_summary.,1
gaza,in remembrance of Hind Rajab and other Palestinian children killed in Gaza,1,Supports the selected cause in CCC claims_summary.,4
gaza,in remembrance of Palestinian children killed in Gaza,1,Supports the selected cause in CCC claims_summary.,197
gaza,in remembrance of Palestinians killed by Israel,1,Supports the selected cause in CCC claims_summary.,1
gaza,in remembrance of Palestinians killed by Israel's occupation and genocide,1,Supports the selected cause in CCC claims_summary.,1
gaza,in remembrance of Palestinians killed in Gaza,1,Supports the selected cause in CCC claims_summary.,64
gaza,in remembrance of Palestinians killed in genocide in Gaza,1,Supports the selected cause in CCC claims_summary.,1
gaza,in remembrance of Tawfic Abdeljabbar and all Palestinians killed by Israeli forces,1,Supports the selected cause in CCC claims_summary.,1
gaza,in remembrance of lives lost in Gaza,1,Supports the selected cause in CCC claims_summary.,1
gaza,in remembrance of the Palestinian lives lost,1,Supports the selected cause in CCC claims_summary.,1
gaza,in remembrance of the fathers who were killed or are mourning their children in Gaza on Father's Day,1,Supports the selected cause in CCC claims_summary.,1
gaza,in remembrance of the murder of Palestinian human rights activist Awdah Hathaleen,1,Supports the selected cause in CCC claims_summary.,1
gaza,in remembrance of the thousands of Palestinians killed in the ongoing war,1,Supports the selected cause in CCC claims_summary.,1
gaza,in solidarity with Gaza,1,Supports the selected cause in CCC claims_summary.,3
gaza,in solidarity with Gaza Sunbirds,1,Supports the selected cause in CCC claims_summary.,1
gaza,in solidarity with Palestine,1,Supports the selected cause in CCC claims_summary.,6
gaza,in solidarity with Palestine and people abducted by ICE,1,Supports the selected cause in CCC claims_summary.,1
gaza,in solidarity with Palestine people,1,Supports the selected cause in CCC claims_summary.,2
gaza,in solidarity with Palestinian birdwatchers,1,Supports the selected cause in CCC claims_summary.,12
gaza,in solidarity with Palestinian women,1,Supports the selected cause in CCC claims_summary.,1
gaza,in solidarity with Palestinians,1,Supports the selected cause in CCC claims_summary.,1
gaza,in solidarity with Palestinians as we mark the two year anniversary of genocide,1,Supports the selected cause in CCC claims_summary.,1
gaza,in solidarity with Palestinians facing starvation in Gaza,1,Supports the selected cause in CCC claims_summary.,5
gaza,in solidarity with Palestinians following the ceasefire agreement in Gaza,1,Supports the selected cause in CCC claims_summary.,1
gaza,in solidarity with Palestinians impacted by the violence in Gaza,1,Supports the selected cause in CCC claims_summary.,1
gaza,in solidarity with Palestinians killed in Gaza,1,Supports the selected cause in CCC claims_summary.,1
gaza,in solidarity with Palestinians starving in Gaza,1,Supports the selected cause in CCC claims_summary.,18
gaza,in solidarity with children in Gaza,1,Supports the selected cause in CCC claims_summary.,1
gaza,in solidarity with families and children in Gaza,1,Supports the selected cause in CCC claims_summary.,1
gaza,in solidarity with healthcare workers and hospitals in Gaza,1,Supports the selected cause in CCC claims_summary.,54
gaza,in solidarity with mothers in Gaza who have lost their children due to Israel's ongoing genocide of Palestinians,1,Supports the selected cause in CCC claims_summary.,1
gaza,in solidarity with oppressed women in Palestine and Congo (DRC) and Sudan and Haiti and beyond,1,Supports the selected cause in CCC claims_summary.,1
gaza,in solidarity with pro-Palestine activists,1,Supports the selected cause in CCC claims_summary.,1
gaza,in solidarity with pro-Palestine activists on hunger strike in British custody,1,Supports the selected cause in CCC claims_summary.,1
gaza,in solidarity with pro-Palestine protesters,1,Supports the selected cause in CCC claims_summary.,1
gaza,in solidarity with students such as Logan Rozos whose voices are being suppressed by NYU adminstration for speaking up against the war in Gaza,1,Supports the selected cause in CCC claims_summary.,1
gaza,in solidarity with students suspended for protesting in support of palestinian liberation,1,Supports the selected cause in CCC claims_summary.,1
gaza,in solidarity with the Global Sumud Flotilla breaking the siege on Gaza,1,Supports the selected cause in CCC claims_summary.,2
gaza,in solidarity with the Israeli hostages in Gaza,0,Hostage-only or ambiguous claim; no explicit Palestinian-solidarity/ceasefire demand in this clause.,1
gaza,"in solidarity with the Palestinian resistance, immigrants, and Black people",1,Supports the selected cause in CCC claims_summary.,1
gaza,in solidarity with the people of Gaza,1,Supports the selected cause in CCC claims_summary.,1
gaza,in solidarity with the seven individuals charged with misdemeanors and felonies during a Gaza solidarity encampment,1,Supports the selected cause in CCC claims_summary.,1
gaza,in solidarity with victims of conflict in Gaza,1,Supports the selected cause in CCC claims_summary.,1
gaza,in support of 11 Stanford University students charged with felony vandalism and conspiracy to commit a crime after barricading themselves in the Stanford president's office building last year to protest the war in Gaza,1,Supports the selected cause in CCC claims_summary.,1
gaza,in support of Palestine,1,Supports the selected cause in CCC claims_summary.,1
gaza,in support of Palestinian sovereignty,1,Supports the selected cause in CCC claims_summary.,1
gaza,in support of Swarthmore College and Temple University students protesting against the genocide in Gaza,1,Supports the selected cause in CCC claims_summary.,1
gaza,in support of a ceasefire in Gaza,1,Supports the selected cause in CCC claims_summary.,1
gaza,in support of pro-Palestinian activists threatened with deportation in the US,1,Supports the selected cause in CCC claims_summary.,1
gaza,in support of public school worker threatened with firing for speaking out against genocide in Gaza,1,Supports the selected cause in CCC claims_summary.,1
gaza,in support of the Global Sumud Flotilla attempting to deliver humanitarian supplies to Gaza,1,Supports the selected cause in CCC claims_summary.,1
gaza,in support of the pro-Palestinian political prisoners on hunger strike in British prisons,1,Supports the selected cause in CCC claims_summary.,3
gaza,"legislation that threatens teachers jobs, attacks public education, and censor classroom material and discussion about Palestine in K-12 schools",1,Supports the selected cause in CCC claims_summary.,1
gaza,sending humanitarian aid to Gaza,1,Supports the selected cause in CCC claims_summary.,1
gaza,the movement will continue until Palestine is free,1,Supports the selected cause in CCC claims_summary.,1
abortion,AgainstAbortion,0,Opposes abortion access or supports abortion restrictions.,1
abortion,For the immediate restoration of Medicaid funding to Planned Parenthood to ensure 1.1 million patients nationwide can access non-abortion services like STI testing and cancer screenings,0,General/non-abortion healthcare; does not explicitly assert reproductive rights/freedom/justice or abortion access.,1
abortion,against Abria's goals of preventing abortions,1,Supports the selected cause in CCC claims_summary.,1
abortion,against Alexandria Ocasio-Cortez's support for abortion,0,Opposes abortion access or supports abortion restrictions.,1
abortion,"against DOGE freezing congressionally allocated grants, against Trump administration cuts to conservation and environmental funding, against defunding Title X and reproductive health programs, against job losses caused by DOGE funding suspensions, against Ben Cline’s refusal to hold town halls, against lack of government accountability to constituents, against anti-DEI policies impacting healthcare, against suppression of protest visibility and perceived curtailing of First Amendment rights, for restoring funding to the Alliance for the Shenandoah Valley, for protecting affordable birth control and cancer screenings, for democratic engagement through voting, for environmental preservation and community development, for governmental transparency and responsiveness, for community protest and civic action, for creating a government that works for the people and the working class.",0,General reproductive health funding; no explicit abortion-access or reproductive-rights demand.,1
abortion,against Darren Bailey's opposition to reproductive rights,1,Supports the selected cause in CCC claims_summary.,1
abortion,against Dr. Cesare Santangelo performing abortions,0,Opposes abortion access or supports abortion restrictions.,1
abortion,"against Dr. Cesare Santangelo providing abortions, including late-term abortion",0,Opposes abortion access or supports abortion restrictions.,1
abortion,against Missouri House repealing abortion and paid sick leave amendments,1,Supports the selected cause in CCC claims_summary.,1
abortion,against National Men's March to Abolish Abortion and Rally for Personhood,1,Supports the selected cause in CCC claims_summary.,1
abortion,against Senate Bill 323 which proposes a total ban on abortions and could redefine legal rights affecting contraception,1,Supports the selected cause in CCC claims_summary.,1
abortion,"against a ""defund"" provision in federal law that organizers termed a ""backdoor abortion ban.""",1,Supports the selected cause in CCC claims_summary.,1
abortion,against abortion,0,Opposes abortion access or supports abortion restrictions.,92
abortion,against abortion bans in Georgia,1,Opposes abortion bans; supports abortion access.,1
abortion,against abortion rights,0,Opposes abortion access or supports abortion restrictions.,1
abortion,against abortions,0,Opposes abortion access or supports abortion restrictions.,1
abortion,against access to abortion,0,Opposes abortion access or supports abortion restrictions.,1
abortion,against amendment to state constitution that would codify right to abortion access,0,Opposes abortion access or supports abortion restrictions.,1
abortion,against anti-abortion demonstration,1,Supports the selected cause in CCC claims_summary.,1
abortion,against anti-abortion demonstrations,1,Supports the selected cause in CCC claims_summary.,1
abortion,against anti-abortion rally,1,Supports the selected cause in CCC claims_summary.,1
abortion,against elective abortion,0,Opposes abortion access or supports abortion restrictions.,1
abortion,against legislation limiting reproductive rights,1,Supports the selected cause in CCC claims_summary.,1
abortion,against misinformation about abortion,1,Supports the selected cause in CCC claims_summary.,1
abortion,against reproductive rights,0,Opposes abortion access or supports abortion restrictions.,1
abortion,against state senator Tim Grayson's support for abortion access,0,Opposes abortion access or supports abortion restrictions.,1
abortion,"against the opening of a “fake clinic”, presumably because the facility would not provide full reproductive healthcare and was seen as misleading or harmful.",0,Ambiguous inferred motive and general healthcare wording; no explicit abortion-access or reproductive-rights demand.,1
abortion,against the use of tax money for abortions,0,Opposes abortion access or supports abortion restrictions.,1
abortion,for a ban on abortion,0,Opposes abortion access or supports abortion restrictions.,1
abortion,for a total ban on abortions,0,Opposes abortion access or supports abortion restrictions.,1
abortion,for abolishing abortion,0,Opposes abortion access or supports abortion restrictions.,1
abortion,for abortion,1,Supports the selected cause in CCC claims_summary.,3
abortion,for abortion access,1,Supports the selected cause in CCC claims_summary.,5
abortion,for abortion bans,0,Opposes abortion access or supports abortion restrictions.,1
abortion,for abortion rights,1,Supports the selected cause in CCC claims_summary.,24
abortion,for access to abortion,1,Supports the selected cause in CCC claims_summary.,3
abortion,for an end to abortion,0,Opposes abortion access or supports abortion restrictions.,1
abortion,for banning abortion at conception,0,Opposes abortion access or supports abortion restrictions.,1
abortion,for clemency for imprisoned anti-abortion protesters,0,Opposes abortion access or supports abortion restrictions.,1
abortion,"for defending LGBTQ, women’s, and reproductive rights",1,Supports the selected cause in CCC claims_summary.,3
abortion,for legislation that ends access to elective abortions,0,Opposes abortion access or supports abortion restrictions.,1
abortion,for legislature that supports reproductive freedom,1,Supports the selected cause in CCC claims_summary.,1
abortion,"for protecting Missouri’s constitutional right to abortion, for respecting the will of voters who passed Amendment 3, for democratic participation and First Amendment rights, for opposing efforts to repeal Amendment 3, against Republican lawmakers’ attempts to overturn voter decisions, against framing voters as confused about Amendment 3, against restricting abortion access beyond fetal viability, against limiting public testimony at legislative hearings, for grassroots activism and voter mobilization, for fighting for democracy and reproductive freedom.",1,Supports the selected cause in CCC claims_summary.,1
abortion,for reproductive care,0,General/non-abortion healthcare; does not explicitly assert reproductive rights/freedom/justice or abortion access.,1
abortion,for reproductive freedom,1,Supports the selected cause in CCC claims_summary.,59
abortion,for reproductive healthcare,0,General/non-abortion healthcare; does not explicitly assert reproductive rights/freedom/justice or abortion access.,1
abortion,for reproductive healthcare rights,1,Supports the selected cause in CCC claims_summary.,1
abortion,for reproductive justice,1,Supports the selected cause in CCC claims_summary.,1
abortion,for reproductive rights,1,Supports the selected cause in CCC claims_summary.,348
abortion,for reproductive rights and access to abortion,1,Supports the selected cause in CCC claims_summary.,1
abortion,"for reproductive rights and gender-affirming care, against government overreach into healthcare decisions, for protections and dignity for LGBTQ+ individuals, against transphobic executive orders and rollbacks of civil rights, for bodily autonomy and the right to make personal medical decisions, against discrimination in education, sports, and public spaces, for inclusive and supportive communities for trans and nonbinary youth, against policies that increase mental health struggles and suicide risk among marginalized groups",1,Supports the selected cause in CCC claims_summary.,1
abortion,"for reproductive rights, immigrants' rights",1,Supports the selected cause in CCC claims_summary.,2
abortion,for restoration of abortion access,1,Supports the selected cause in CCC claims_summary.,1
abortion,for restoring abortion rights,1,Supports the selected cause in CCC claims_summary.,1
abortion,for restroring abortion rights in Kentucky,1,Supports the selected cause in CCC claims_summary.,1
abortion,for the protection of reproductive rights,1,Supports the selected cause in CCC claims_summary.,1
abortion,for the reclaiming of Roe and the constitutional right to abortion and reproductive healthcare,1,Supports the selected cause in CCC claims_summary.,1
abortion,for the right to choose to have an abortion,1,Supports the selected cause in CCC claims_summary.,1
abortion,for women's healthcare and reproductive rights,1,Supports the selected cause in CCC claims_summary.,1
abortion,for women's reproductive rights,1,Supports the selected cause in CCC claims_summary.,1
abortion,for womens reproductive health,0,General/non-abortion healthcare; does not explicitly assert reproductive rights/freedom/justice or abortion access.,1
abortion,in support of the Reproductive Freedom and Privacy Act in Idaho,1,Supports the selected cause in CCC claims_summary.,1
climate,For climate justice and stronger university action on sustainability,1,Explicit climate justice and university sustainability action.,1
climate,"For the rejection of ""Trump-backed"" fossil fuel infrastructure",1,Calls for rejecting fossil fuel infrastructure.,1
climate,"For the removal of the 287(g) program, which protesters say creates a ""climate of fear"" preventing families from working or attending school",0,"Climate of fear is an immigration-policy metaphor, not climate action.",1
climate,In remembrance of Climate Week,0,Commemorates Climate Week without an explicit climate-action demand.,1
climate,against Big Tech supporting the Trump administration gutting environmental rules and funneling billions of dollars to fossil fuels,1,Opposes support for fossil fuels and dismantling environmental rules.,1
climate,against Chase Bank's continuing funding for fossil fuel projects,1,Opposes bank financing of fossil fuel projects.,63
climate,against Citibank funding fossil fuel projects that are poisoning and displacing communities in the Gulf South,1,Opposes bank financing of harmful fossil fuel projects.,1
climate,against Citibank's continuing funding for fossil fuel projects,1,Opposes bank financing of fossil fuel projects.,52
climate,against Citibank's continuing funding for fossil fuels,1,Opposes bank financing of fossil fuels.,1
climate,against Cornell University's fossil fuel complicity,1,Opposes university complicity in fossil fuels.,1
climate,against Meta's continuing funding for fossil fuel projects,1,Opposes corporate financing of fossil fuel projects.,1
climate,against Wells Fargo dropping its climate commitments since Trump took office,1,Opposes abandonment of climate commitments.,4
climate,against Wells Fargo's financing of fossil fuels corporations,1,Opposes bank financing of fossil fuel corporations.,1
climate,"against Wells Fargo’s reversal of its diversity, equity, and inclusion (DEI) policies and its abandonment of climate commitments",1,Mixed clause explicitly opposes abandonment of climate commitments.,1
climate,against a deal between Gov. Kathy Hochul and President Trump to bring back and expedite approvals of new fossil fuel pipelines across New York State,1,Opposes expedited fossil fuel pipeline approvals.,1
climate,against a waste transfer station proposed by South Coast Renewables,0,Renewables occurs in a company name; demand concerns a waste transfer station.,1
climate,against climate change,1,Explicitly against climate change.,5
climate,"against economic inequality and oligarchy, for fighting for working families, against rising costs of housing, healthcare, food, childcare, and college, for LGBTQ and women's rights, against massive tax breaks for the wealthy, against cuts to Medicaid and other essential programs, for federal funding to support working-class people, for addressing climate change",1,Mixed clause explicitly calls for addressing climate change.,1
climate,against expanded use of fossil fuels in Connecticut (especially methane gas),1,Opposes expanded fossil fuel use.,1
climate,against expansion of fossil fuel infrastructure in Portland,1,Opposes expansion of fossil fuel infrastructure.,1
climate,against expansion of fossil fuel usage,1,Opposes expansion of fossil fuel use.,1
climate,against federal climate policy,0,Opposition to unspecified federal climate policy does not establish direction; other clauses can qualify the event.,1
climate,against fossil fuel production,1,Opposes fossil fuel production.,1
climate,against fossil fuels,1,Explicitly against fossil fuels.,4
climate,against harm that climate change causes to young people and future generations,1,Opposes harm caused by climate change.,1
climate,against increasing climate change and fossil fuel production,1,Opposes increasing climate change and fossil fuel production.,1
climate,against negative health impacts of fossil fuels,1,Opposes harmful health effects of fossil fuels.,1
climate,against potential pollution by South Coast Renewables,0,Renewables occurs in a company name; pollution concern alone does not establish climate action.,1
climate,against state climate laws that violate constitutional rights,0,Opposition to unspecified unconstitutional climate laws is ambiguous alone; other clauses can qualify the event.,1
climate,against the Democratic Party's failure to act to mitigate climate change,1,Opposes failure to mitigate climate change.,2
climate,against the Trump Administration's attempts to dismantle climate and health protections,1,Opposes dismantling climate protections.,1
climate,"against the billionaire class for profiteering off of genocide, climate change, and segregation",1,Opposes profiteering from climate change alongside other harms.,1
climate,against the current politicsl climate,0,"Political climate is a metaphor, not climate action; source spelling preserved.",1
climate,against the fossil fuel industry,1,Explicitly opposes the fossil fuel industry.,1
climate,against the halting process of cutting fossil fuels and curbing greenhouse emissions in Colorado,0,Halting process wording is ambiguous about opposing slow progress versus opposing decarbonization itself; other explicit clause qualifies event.,1
climate,against the use of fossil fuels,1,Opposes fossil fuel use.,2
climate,against transportation of fossil fuels through Portland by train,1,Opposes fossil fuel transportation.,1
climate,for Publicis Health Media to cut ties with fossil fuel clients and align its business with climate science and its own stated values,1,Calls for severing fossil fuel clients and aligning with climate science.,1
climate,for State Senator Jesse Arreguín to vote yes on the Climate Superfund Bill,1,Supports passage of climate accountability legislation.,1
climate,for The Green New Deal for Colorado Schools and climate-related bills,1,Supports Green New Deal and climate legislation.,1
climate,for a just transition away from fossil fuels,1,Calls for a just transition away from fossil fuels.,1
climate,for addressing climate change,1,Calls for addressing climate change.,3
climate,for bold climate action,1,Explicitly supports climate action.,1
climate,for clean and renewable energy,1,Explicitly supports renewable energy.,1
climate,for climate action,1,Explicitly supports climate action.,651
climate,for climate action and legislation,1,Explicitly supports climate action and legislation.,1
climate,for climate action at the state level,1,Explicitly supports state-level climate action.,1
climate,for climate activism,1,Explicitly supports climate activism.,1
climate,for climate change awareness,0,"Awareness alone does not explicitly demand action, mitigation, justice, or renewable energy under the strict rule.",1
climate,for climate justice,1,Explicitly supports climate justice.,195
climate,"for climate justice, democracy, free speech, and gender equality",1,Mixed clause explicitly supports climate justice.,1
climate,for climate protection,1,Explicitly supports protecting the climate.,1
climate,for climate resistance,0,Climate resistance does not specify what is resisted; do not infer direction from other noncandidate claims.,1
climate,for ending use of fossil fuels,1,Calls for ending fossil fuel use.,54
climate,for environmental protection' for legislature that addresses and combats the negative effects of climate change,1,Calls for legislation combating climate change; malformed internal separator preserved.,1
climate,for expansion of renewable energy sources in Connecticut,1,Supports expanding renewable energy.,1
climate,for funding renewable energy sources,1,Supports funding renewable energy.,1
climate,for government policy aimed at stopping climate change,1,Supports policy to stop climate change.,2
climate,for greater oversight and regulation of the fossil fuels industry,1,Supports restricting fossil fuel industry activity through oversight and regulation.,1
climate,for holding fossil fuel companies accountable for climate change,1,Calls for fossil fuel company accountability for climate change.,1
climate,for legislature that supports erasing climate change,1,Calls for legislation against climate change; source wording preserved.,1
climate,for local climate action and renewable energy,1,Explicitly supports local climate action and renewable energy.,1
climate,for passage of the Massachussets Climate Superfund Bill,1,Supports passage of climate accountability legislation; source spelling preserved.,1
climate,for policies that would mitigate climate change,1,Supports policies mitigating climate change.,30
climate,for protecting the environment from unchecked climate change,1,Supports protection against climate change.,52
climate,for reducing the state of New York's dependence on fossil fuels,1,Calls for reducing dependence on fossil fuels.,1
climate,for renewable energy,1,Explicitly supports renewable energy.,2
climate,for the CalPERS board to divest from fossil fuels,1,Calls for divestment from fossil fuels.,1
climate,for the divestment of The California Public Employees Retirement System (CalPERS) from the fossil fuels industry,1,Calls for divestment from the fossil fuel industry.,1
climate,"for the inclusion of a $536,000 budget allocation for climate education in the final FY 26 New York State budget",0,"Climate education funding alone does not explicitly demand mitigation, justice, or renewable energy under the strict rule.",1
climate,for urgent climate action,1,Explicitly supports urgent climate action.,1
climate,"in favor of California’s Make Polluters Pay bill, which would levy taxes on the fossil fuels industry",1,Supports imposing financial accountability on the fossil fuel industry.,1
climate,in support of climate action,1,Explicitly supports climate action.,1
climate,in support of the Polluters Pay Climate Superfund Act of 2025,1,Supports climate polluter accountability legislation.,2
climate,in support of the Polluters Pay Climate Superfund bill,1,Supports climate polluter accountability legislation.,1
immigrant,"Against ""Operation Midway Blitz"" the federal mass-deportation initiative",1,"Opposes deportation or supports protection, due process, or solidarity for people facing deportation.",1
immigrant,Against ICE facility detaining individuals beyond legal limits,1,"Opposes ICE/CBP, enforcement/raids/detention, or institutional cooperation, recruitment, presence, funding, or expansion.",1
immigrant,Against ICE raids and detention of immigrants,1,"Opposes ICE/CBP, enforcement/raids/detention, or institutional cooperation, recruitment, presence, funding, or expansion.",1
immigrant,Against ICE raids in Rensselaer County especially the 287(g) agreement that deputizes local law enforcement,1,"Opposes ICE/CBP, enforcement/raids/detention, or institutional cooperation, recruitment, presence, funding, or expansion.",1
immigrant,"Against ICE’s expanded operations in the Chicago area, especially use of the Broadview facility as a “primary processing location” under new enforcement plans",1,"Opposes ICE/CBP, enforcement/raids/detention, or institutional cooperation, recruitment, presence, funding, or expansion.",1
immigrant,Against Indiscriminate Raids of ICE,1,"Opposes ICE/CBP, enforcement/raids/detention, or institutional cooperation, recruitment, presence, funding, or expansion.",1
immigrant,Against Sheriff Fred Harran’s unilateral 287(g) agreement with ICE as it was signed without approval from county commissioners,1,"Opposes ICE/CBP, enforcement/raids/detention, or institutional cooperation, recruitment, presence, funding, or expansion.",1
immigrant,Against Trump administration and the use of military and ICE enforcement raids in Los Angeles and other cities,1,"Opposes ICE/CBP, enforcement/raids/detention, or institutional cooperation, recruitment, presence, funding, or expansion.",2
immigrant,Against Use of “Flock” license-plate reader cameras for surveillanceas there were concerns over misuse of data potentially by ICE,1,"Opposes ICE/CBP, enforcement/raids/detention, or institutional cooperation, recruitment, presence, funding, or expansion.",1
immigrant,Against local cooperation with ICE enforcement especially via civil immigration enforcement,1,"Opposes ICE/CBP, enforcement/raids/detention, or institutional cooperation, recruitment, presence, funding, or expansion.",1
immigrant,"Against the GOP’s efforts to expand its congressional majority and reduce support for immigrants, Medicare, DEI programs.",1,"Opposes targeting, mistreatment, exclusion, detention, or immigration enforcement affecting immigrants/migrants.",1
immigrant,"For Energizing progressive policies (rent freeze, universal healthcare, affordability, immigrant rights)",1,"Explicitly supports immigrant/migrant rights, legal safeguards, asylum, or protection.",1
immigrant,"For defending immigrant rights and due process, insisting ICE produce a judicial warrant, and halting invasive federal actions into sanctuary neighborhoods",1,"Opposes ICE/CBP, enforcement/raids/detention, or institutional cooperation, recruitment, presence, funding, or expansion.",1
immigrant,For enforcing city land use codes and stopping illegal detentions by ICE,1,"Opposes ICE/CBP, enforcement/raids/detention, or institutional cooperation, recruitment, presence, funding, or expansion.",1
immigrant,For immigrant rights and protection of immigrant students,1,"Explicitly supports immigrant/migrant rights, legal safeguards, asylum, or protection.",1
immigrant,For protecting immigrant rights,1,"Explicitly supports immigrant/migrant rights, legal safeguards, asylum, or protection.",1
immigrant,"For protecting immigrant rights, due process, and preventing local law enforcement from becoming de facto ICE agents",1,"Opposes ICE/CBP, enforcement/raids/detention, or institutional cooperation, recruitment, presence, funding, or expansion.",1
immigrant,For stricter protections limiting ICE access in schools,1,"Opposes ICE/CBP, enforcement/raids/detention, or institutional cooperation, recruitment, presence, funding, or expansion.",1
immigrant,"For the closure of the ICE facility, which protesters call a symbol of ""fascist enforcement.""",1,"Opposes ICE/CBP, enforcement/raids/detention, or institutional cooperation, recruitment, presence, funding, or expansion.",1
immigrant,In solidarity with immigrant communities,1,"Supports immigrant/migrant communities, their wellbeing and inclusion, humane policy, or solidarity.",1
immigrant,In solidarity with the protests against immigration raids in Los Angeles,1,"Opposes targeting, mistreatment, exclusion, detention, or immigration enforcement affecting immigrants/migrants.",1
immigrant,advocacy for immigrants,1,"Supports immigrant/migrant communities, their wellbeing and inclusion, humane policy, or solidarity.",1
immigrant,against  ICE detainment of a University of Minnesota graduate student,1,"Opposes ICE/CBP, enforcement/raids/detention, or institutional cooperation, recruitment, presence, funding, or expansion.",1
immigrant,against  mass deportations,1,"Opposes deportation or supports protection, due process, or solidarity for people facing deportation.",1
immigrant,against 17 workers taken into ICE custom for alleged immigration violations,1,"Opposes ICE/CBP, enforcement/raids/detention, or institutional cooperation, recruitment, presence, funding, or expansion.",1
immigrant,"against AT&T's contracts with the Department of Homeland Security, Customs and Border Patrol, and ICE",1,"Opposes ICE/CBP, enforcement/raids/detention, or institutional cooperation, recruitment, presence, funding, or expansion.",2
immigrant,against Alabama passing legislature that jeapordizes immigrants' rights and privacy,1,"Explicitly supports immigrant/migrant rights, legal safeguards, asylum, or protection.",1
immigrant,against Alachua County School district cooperating with ICE,1,"Opposes ICE/CBP, enforcement/raids/detention, or institutional cooperation, recruitment, presence, funding, or expansion.",1
immigrant,against Allegany County's cooperation with ICE,1,"Opposes ICE/CBP, enforcement/raids/detention, or institutional cooperation, recruitment, presence, funding, or expansion.",1
immigrant,against Arizona Senate Bill 1164 mandating that local law enforcement agencies enter into legal agreements codifying cooperation with ICE,1,"Opposes ICE/CBP, enforcement/raids/detention, or institutional cooperation, recruitment, presence, funding, or expansion.",1
immigrant,against Avello Airlines's contract with ICE,1,"Opposes ICE/CBP, enforcement/raids/detention, or institutional cooperation, recruitment, presence, funding, or expansion.",1
immigrant,against Avelo Airline's contract assisting with deportations,1,"Opposes deportation or supports protection, due process, or solidarity for people facing deportation.",1
immigrant,against Avelo Airline's cooperation with ICE,1,"Opposes ICE/CBP, enforcement/raids/detention, or institutional cooperation, recruitment, presence, funding, or expansion.",1
immigrant,against Avelo Airlines and their partnership with ICE to run illegal deportation flights,1,"Opposes deportation or supports protection, due process, or solidarity for people facing deportation.",1
immigrant,against Avelo Airlines assisting with deportations,1,"Opposes deportation or supports protection, due process, or solidarity for people facing deportation.",1
immigrant,against Avelo Airlines chartering ICE deportation flights for DHS,1,"Opposes deportation or supports protection, due process, or solidarity for people facing deportation.",1
immigrant,against Avelo Airlines flights deporting undocumented immigrants,1,"Opposes deportation or supports protection, due process, or solidarity for people facing deportation.",2
immigrant,against Avelo Airlines for contracting with ICE,1,"Opposes ICE/CBP, enforcement/raids/detention, or institutional cooperation, recruitment, presence, funding, or expansion.",40
immigrant,against Avelo Airlines for operating ICE deportation charter flights,1,"Opposes deportation or supports protection, due process, or solidarity for people facing deportation.",1
immigrant,against Avelo Airlines providing airplanes for ICE deportations,1,"Opposes deportation or supports protection, due process, or solidarity for people facing deportation.",2
immigrant,against Avelo Airlines' business arrangement with ICE,1,"Opposes ICE/CBP, enforcement/raids/detention, or institutional cooperation, recruitment, presence, funding, or expansion.",1
immigrant,against Avelo Airlines' collaboration with ICE and DHS,1,"Opposes ICE/CBP, enforcement/raids/detention, or institutional cooperation, recruitment, presence, funding, or expansion.",2
immigrant,against Avelo Airlines' contract with U.S. Immigration and Customs Enforcement (ICE) to operate deportation flights.,1,"Opposes deportation or supports protection, due process, or solidarity for people facing deportation.",1
immigrant,against Avelo Airlines' deal with the Department of Homeland Security to use three planes to carry out deportation flights from East Valley airport,1,"Opposes deportation or supports protection, due process, or solidarity for people facing deportation.",1
immigrant,against Avelo Airlines's business dealings with ICE,1,"Opposes ICE/CBP, enforcement/raids/detention, or institutional cooperation, recruitment, presence, funding, or expansion.",1
immigrant,against Avelo Airlines's charter flights for ICE,1,"Opposes ICE/CBP, enforcement/raids/detention, or institutional cooperation, recruitment, presence, funding, or expansion.",1
immigrant,against Avelo Airlines's cooperation with ICE,1,"Opposes ICE/CBP, enforcement/raids/detention, or institutional cooperation, recruitment, presence, funding, or expansion.",16
immigrant,against Avelo Airlines's provision of charter flights for ICE deportations,1,"Opposes deportation or supports protection, due process, or solidarity for people facing deportation.",1
immigrant,"against Avelo Airlines’ decision to operate deportation flights, against private companies prioritizing profit over human rights, against participation in deportation systems with histories of error and injustice, against the normalization of deportation as a business venture, for boycotting Avelo Airlines until it halts deportation flights, for protecting immigrant communities, for holding corporations accountable for their partnerships with ICE, for solidarity protests across cities like New Castle and New Haven, for community-led action through groups like 302 United and Indivisible Highlands, for urging Avelo to reconsider its involvement in deportation operations, for defending human dignity over corporate bottom lines",1,"Opposes deportation or supports protection, due process, or solidarity for people facing deportation.",1
immigrant,against Avelo Airlines’ partnership with Immigration and Customs Enforcement on deporting immigrants,1,"Opposes deportation or supports protection, due process, or solidarity for people facing deportation.",2
immigrant,against Avelo airline's contract with ICE,1,"Opposes ICE/CBP, enforcement/raids/detention, or institutional cooperation, recruitment, presence, funding, or expansion.",2
immigrant,against BU student who claimed credit for ICE raid,1,"Opposes ICE/CBP, enforcement/raids/detention, or institutional cooperation, recruitment, presence, funding, or expansion.",1
immigrant,against Border Patrol actions,1,"Opposes ICE/CBP, enforcement/raids/detention, or institutional cooperation, recruitment, presence, funding, or expansion.",1
immigrant,against Border Patrol in North Carolina,1,"Opposes ICE/CBP, enforcement/raids/detention, or institutional cooperation, recruitment, presence, funding, or expansion.",1
immigrant,against Bucks County's involvement in an ICE program,1,"Opposes ICE/CBP, enforcement/raids/detention, or institutional cooperation, recruitment, presence, funding, or expansion.",1
immigrant,against Butler County's contract with ICE,1,"Opposes ICE/CBP, enforcement/raids/detention, or institutional cooperation, recruitment, presence, funding, or expansion.",1
immigrant,against CBP,1,"Opposes ICE/CBP, enforcement/raids/detention, or institutional cooperation, recruitment, presence, funding, or expansion.",1
immigrant,against College Republicans United event at Arizona State University featuring ICE,1,"Opposes ICE/CBP, enforcement/raids/detention, or institutional cooperation, recruitment, presence, funding, or expansion.",1
immigrant,against Congressman Ritchie Torres's alleged cooperation with ICE,1,"Opposes ICE/CBP, enforcement/raids/detention, or institutional cooperation, recruitment, presence, funding, or expansion.",1
immigrant,against Cumberland County collaborating with ICE,1,"Opposes ICE/CBP, enforcement/raids/detention, or institutional cooperation, recruitment, presence, funding, or expansion.",1
immigrant,against Customs and Border Patrol raids on migrant workers,1,"Opposes ICE/CBP, enforcement/raids/detention, or institutional cooperation, recruitment, presence, funding, or expansion.",1
immigrant,against Deportation Depot,1,"Opposes deportation or supports protection, due process, or solidarity for people facing deportation.",1
immigrant,against Donald Trump's deportation policies,1,"Opposes deportation or supports protection, due process, or solidarity for people facing deportation.",1
immigrant,against Donald Trump's deportation push,1,"Opposes deportation or supports protection, due process, or solidarity for people facing deportation.",1
immigrant,against Donald Trump's immigration policies,0,Opposition to unspecified Trump immigration policies does not explicitly establish pro-immigrant or anti-enforcement direction.,5
immigrant,against Donald Trump's mass deportation plan,1,"Opposes deportation or supports protection, due process, or solidarity for people facing deportation.",1
immigrant,against Donald Trump's planned deportations of immigrants,1,"Opposes deportation or supports protection, due process, or solidarity for people facing deportation.",1
immigrant,against Donald Trump's threatened deportations of migrants,1,"Opposes deportation or supports protection, due process, or solidarity for people facing deportation.",1
immigrant,against Donald Trump’s immigration policies,0,Opposition to unspecified Trump immigration policies does not explicitly establish pro-immigrant or anti-enforcement direction.,1
immigrant,"against Donald Trump’s immigration policies targeting undocumented immigrants, for the right of students to protest in solidarity with their families, against deportations breaking up hardworking families, for keeping parents and children together regardless of immigration status, against policies that instill fear in Hispanic communities, for recognizing the contributions of immigrants to American society, against government actions that criminalize people seeking a better life, for students standing up for their uncles fathers and friends, against the pain of forced family separations, for young people using their voices to advocate for justice, against ICE orders that disproportionately affect Latino families",1,"Opposes deportation or supports protection, due process, or solidarity for people facing deportation.",2
immigrant,"against Donald Trump’s immigration policies, against Ron DeSantis' immigration policies, for supporting immigrant families, against ICE raids instilling fear in communities, for recognizing immigrants' contributions to local businesses, against labeling immigrants as criminals, for allowing immigrant families to live without fear",1,Supports people targeted/detained by immigration authorities or explicitly anti-ICE mobilization/protections.,1
immigrant,"against Donald Trump’s immigration policies, for protecting immigrant families from deportation, against the removal of limitations on ICE arrests in schools, churches, and hospitals, for ensuring children feel safe seeking medical help, against the targeting of nonviolent immigrants, for recognizing the struggles of migrants crossing the desert for a better life, against criminalizing undocumented entry without considering the circumstances, for keeping communities intact and families together",1,"Opposes deportation or supports protection, due process, or solidarity for people facing deportation.",1
immigrant,against Evanston's cooperation with ICE agents,1,"Opposes ICE/CBP, enforcement/raids/detention, or institutional cooperation, recruitment, presence, funding, or expansion.",1
immigrant,against FCI Dublin Prison becoming ICE detention center,1,"Opposes ICE/CBP, enforcement/raids/detention, or institutional cooperation, recruitment, presence, funding, or expansion.",1
immigrant,against Gov Ron DeSantis plan to convert the Baker Correctional Facility into an immigration detention center,1,"Opposes targeting, mistreatment, exclusion, detention, or immigration enforcement affecting immigrants/migrants.",1
immigrant,against Gov. Mike Braun's executive order mandating law enforcement in Indiana cooperate with ICE agents,1,"Opposes ICE/CBP, enforcement/raids/detention, or institutional cooperation, recruitment, presence, funding, or expansion.",1
immigrant,against Governor Mike Braun's executive order ordering the state to fully cooperate with the federal government's immigration policies,0,Opposes cooperation with unspecified federal immigration policies; no explicit rights/protection or anti-enforcement claim.,1
immigrant,against Home Depot's cooperation with ICE,1,"Opposes ICE/CBP, enforcement/raids/detention, or institutional cooperation, recruitment, presence, funding, or expansion.",3
immigrant,against Home Depot's corporate silence on ICE raids,1,"Opposes ICE/CBP, enforcement/raids/detention, or institutional cooperation, recruitment, presence, funding, or expansion.",1
immigrant,"against House Bill 83, for immigrant rights and protections, against unjust deportation policies, for due process and fair treatment of undocumented migrants, against criminalizing immigrant communities, for humane and compassionate immigration laws, against fear-based immigration enforcement",1,"Opposes deportation or supports protection, due process, or solidarity for people facing deportation.",1
immigrant,against ICE,1,"Opposes ICE/CBP, enforcement/raids/detention, or institutional cooperation, recruitment, presence, funding, or expansion.",1185
immigrant,against ICE abductions at mandatory court hearings,1,"Opposes ICE/CBP, enforcement/raids/detention, or institutional cooperation, recruitment, presence, funding, or expansion.",1
immigrant,against ICE actions,1,"Opposes ICE/CBP, enforcement/raids/detention, or institutional cooperation, recruitment, presence, funding, or expansion.",2
immigrant,against ICE actions outside of Home Depot,1,"Opposes ICE/CBP, enforcement/raids/detention, or institutional cooperation, recruitment, presence, funding, or expansion.",1
immigrant,against ICE activities in Nebraska and in the US,1,"Opposes ICE/CBP, enforcement/raids/detention, or institutional cooperation, recruitment, presence, funding, or expansion.",1
immigrant,against ICE activity,1,"Opposes ICE/CBP, enforcement/raids/detention, or institutional cooperation, recruitment, presence, funding, or expansion.",1
immigrant,against ICE activity in Worcester,1,"Opposes ICE/CBP, enforcement/raids/detention, or institutional cooperation, recruitment, presence, funding, or expansion.",1
immigrant,against ICE agents hospitalizing a woman during her arrest,1,"Opposes ICE/CBP, enforcement/raids/detention, or institutional cooperation, recruitment, presence, funding, or expansion.",2
immigrant,against ICE agents stopping a bus carrying farmworkers to Lynne-Ette Farms and arresting several workers who had been engaged in union-building efforts through the United Farm Workers,1,"Opposes ICE/CBP, enforcement/raids/detention, or institutional cooperation, recruitment, presence, funding, or expansion.",1
immigrant,against ICE aggressive tactics/abductions,1,"Opposes ICE/CBP, enforcement/raids/detention, or institutional cooperation, recruitment, presence, funding, or expansion.",1
immigrant,against ICE and Preseiden Trump's immigration crakdown in Chicago,1,"Opposes ICE/CBP, enforcement/raids/detention, or institutional cooperation, recruitment, presence, funding, or expansion.",1
immigrant,against ICE and deportations,1,"Opposes deportation or supports protection, due process, or solidarity for people facing deportation.",1
immigrant,against ICE and immigrant deportations,1,"Opposes deportation or supports protection, due process, or solidarity for people facing deportation.",2
immigrant,against ICE and mass deportations,1,"Opposes deportation or supports protection, due process, or solidarity for people facing deportation.",4
immigrant,against ICE arrest in local community,1,"Opposes ICE/CBP, enforcement/raids/detention, or institutional cooperation, recruitment, presence, funding, or expansion.",1
immigrant,against ICE arrest of a woman on Eureka Street,1,"Opposes ICE/CBP, enforcement/raids/detention, or institutional cooperation, recruitment, presence, funding, or expansion.",1
immigrant,against ICE arresting asylum seekers who were attending court hearings,1,"Opposes ICE/CBP, enforcement/raids/detention, or institutional cooperation, recruitment, presence, funding, or expansion.",1
immigrant,against ICE arrests,1,"Opposes ICE/CBP, enforcement/raids/detention, or institutional cooperation, recruitment, presence, funding, or expansion.",2
immigrant,against ICE arrests of Reno community members,1,"Opposes ICE/CBP, enforcement/raids/detention, or institutional cooperation, recruitment, presence, funding, or expansion.",1
immigrant,against ICE arrests outside of the courthouse,1,"Opposes ICE/CBP, enforcement/raids/detention, or institutional cooperation, recruitment, presence, funding, or expansion.",1
immigrant,against ICE at schools,1,"Opposes ICE/CBP, enforcement/raids/detention, or institutional cooperation, recruitment, presence, funding, or expansion.",1
immigrant,against ICE at the Towson University career fair,1,"Opposes ICE/CBP, enforcement/raids/detention, or institutional cooperation, recruitment, presence, funding, or expansion.",1
immigrant,against ICE coming to public schools,1,"Opposes ICE/CBP, enforcement/raids/detention, or institutional cooperation, recruitment, presence, funding, or expansion.",1
immigrant,against ICE deporations,1,"Opposes ICE/CBP, enforcement/raids/detention, or institutional cooperation, recruitment, presence, funding, or expansion.",2
immigrant,against ICE deporations in Orlando,1,"Opposes ICE/CBP, enforcement/raids/detention, or institutional cooperation, recruitment, presence, funding, or expansion.",1
immigrant,against ICE deportations,1,"Opposes deportation or supports protection, due process, or solidarity for people facing deportation.",90
immigrant,against ICE deportations across the country,1,"Opposes deportation or supports protection, due process, or solidarity for people facing deportation.",62
immigrant,against ICE deportations and its effects on students,1,"Opposes deportation or supports protection, due process, or solidarity for people facing deportation.",1
immigrant,against ICE deportations and raids,1,"Opposes deportation or supports protection, due process, or solidarity for people facing deportation.",1
immigrant,against ICE deportations of students,1,"Opposes deportation or supports protection, due process, or solidarity for people facing deportation.",2
immigrant,"against ICE deportations separating Hispanic families, for immigrant rights and dignity, against policies that instill fear in immigrant communities, for keeping families together without the threat of deportation, against the criminalization of undocumented immigrants, for the right of students to stand in solidarity with their peers, against government actions that target Hispanic communities, for a humane and just immigration policy, against the silence and inaction that enable discrimination",1,"Opposes deportation or supports protection, due process, or solidarity for people facing deportation.",1
immigrant,against ICE deportations without due process,1,"Opposes deportation or supports protection, due process, or solidarity for people facing deportation.",1
immigrant,against ICE detaining Ximena Arias Cristobal,1,"Opposes ICE/CBP, enforcement/raids/detention, or institutional cooperation, recruitment, presence, funding, or expansion.",1
immigrant,against ICE detaining a Brazilian woman at Eureka street,1,"Opposes ICE/CBP, enforcement/raids/detention, or institutional cooperation, recruitment, presence, funding, or expansion.",1
immigrant,against ICE detaining immigrants at their immigration court appearances,1,"Opposes ICE/CBP, enforcement/raids/detention, or institutional cooperation, recruitment, presence, funding, or expansion.",1
immigrant,against ICE detainments,1,"Opposes ICE/CBP, enforcement/raids/detention, or institutional cooperation, recruitment, presence, funding, or expansion.",3
immigrant,against ICE detainments and deportations,1,"Opposes deportation or supports protection, due process, or solidarity for people facing deportation.",1
immigrant,against ICE detentions,1,"Opposes ICE/CBP, enforcement/raids/detention, or institutional cooperation, recruitment, presence, funding, or expansion.",6
immigrant,against ICE detentions in LA,1,"Opposes ICE/CBP, enforcement/raids/detention, or institutional cooperation, recruitment, presence, funding, or expansion.",2
immigrant,against ICE enforcement and deportations,1,"Opposes deportation or supports protection, due process, or solidarity for people facing deportation.",1
immigrant,"against ICE enforcement at hospitals, schools, and places of worship, for protecting immigrant access to essential services, against fear-driven policies targeting immigrant communities, for maintaining public safety and trust in institutions, against Trump’s rollback of sensitive location protections, for the passage of the Protecting Sensitive Locations Act, against intimidation that deters parents from sending children to school, for religious liberty and the sanctity of faith-based spaces",1,"Opposes ICE/CBP, enforcement/raids/detention, or institutional cooperation, recruitment, presence, funding, or expansion.",1
immigrant,"against ICE enforcement in the Santa Maria community, for the protection of immigrant families from deportation, against fear-driven immigration policies that target students and their families, for the right to peacefully protest without intimidation, against the criminalization of undocumented immigrants, for the ability of students to speak up about social justice issues, against policies that separate families and disrupt lives, for a humane approach to immigration enforcement, against the presence of ICE in schools and communities, for the right to education without fear of deportation,",1,"Opposes deportation or supports protection, due process, or solidarity for people facing deportation.",1
immigrant,against ICE enforcement operations that detained landscapers and others in Evanston,1,"Opposes ICE/CBP, enforcement/raids/detention, or institutional cooperation, recruitment, presence, funding, or expansion.",1
immigrant,"against ICE for detaining a 16 year old student on the streets of Milford, Massachusetts",1,"Opposes ICE/CBP, enforcement/raids/detention, or institutional cooperation, recruitment, presence, funding, or expansion.",1
immigrant,against ICE for the detention of a farmworker  Demetrio,1,"Opposes ICE/CBP, enforcement/raids/detention, or institutional cooperation, recruitment, presence, funding, or expansion.",1
immigrant,against ICE hiring fair in Arlington,1,"Opposes ICE/CBP, enforcement/raids/detention, or institutional cooperation, recruitment, presence, funding, or expansion.",2
immigrant,against ICE immigration raid on a clothing wholesaler in Los Angeles fashion district,1,"Opposes ICE/CBP, enforcement/raids/detention, or institutional cooperation, recruitment, presence, funding, or expansion.",1
immigrant,against ICE immigration raids,1,"Opposes ICE/CBP, enforcement/raids/detention, or institutional cooperation, recruitment, presence, funding, or expansion.",155
immigrant,against ICE immigration raids across the US,1,"Opposes ICE/CBP, enforcement/raids/detention, or institutional cooperation, recruitment, presence, funding, or expansion.",114
immigrant,against ICE immigration raids at Home Deports,1,"Opposes deportation or supports protection, due process, or solidarity for people facing deportation.",1
immigrant,against ICE immigration raids in California and across the US,1,"Opposes ICE/CBP, enforcement/raids/detention, or institutional cooperation, recruitment, presence, funding, or expansion.",1
immigrant,against ICE immigration raids in Chicago and across the US,1,"Opposes ICE/CBP, enforcement/raids/detention, or institutional cooperation, recruitment, presence, funding, or expansion.",3
immigrant,against ICE immigration raids in LA and across the US,1,"Opposes ICE/CBP, enforcement/raids/detention, or institutional cooperation, recruitment, presence, funding, or expansion.",1
immigrant,against ICE immigration raids in Los Angeles,1,"Opposes ICE/CBP, enforcement/raids/detention, or institutional cooperation, recruitment, presence, funding, or expansion.",15
immigrant,against ICE immigration raids in Los Angeles and across the US,1,"Opposes ICE/CBP, enforcement/raids/detention, or institutional cooperation, recruitment, presence, funding, or expansion.",24
immigrant,against ICE immigration raids in Los Angeles and across the country,1,"Opposes ICE/CBP, enforcement/raids/detention, or institutional cooperation, recruitment, presence, funding, or expansion.",1
immigrant,against ICE immigration raids in New Britain,1,"Opposes ICE/CBP, enforcement/raids/detention, or institutional cooperation, recruitment, presence, funding, or expansion.",1
immigrant,against ICE immigration raids in New York City and across the US,1,"Opposes ICE/CBP, enforcement/raids/detention, or institutional cooperation, recruitment, presence, funding, or expansion.",61
immigrant,against ICE immigration raids in Paramount,1,"Opposes ICE/CBP, enforcement/raids/detention, or institutional cooperation, recruitment, presence, funding, or expansion.",1
immigrant,against ICE immigration raids in San Antonio,1,"Opposes ICE/CBP, enforcement/raids/detention, or institutional cooperation, recruitment, presence, funding, or expansion.",1
immigrant,against ICE immigration raids in San Francisco and across the US,1,"Opposes ICE/CBP, enforcement/raids/detention, or institutional cooperation, recruitment, presence, funding, or expansion.",2
immigrant,against ICE immigration raidsacross the US,1,"Opposes ICE/CBP, enforcement/raids/detention, or institutional cooperation, recruitment, presence, funding, or expansion.",1
immigrant,against ICE immigration sweeps in the Central Valley,1,"Opposes ICE/CBP, enforcement/raids/detention, or institutional cooperation, recruitment, presence, funding, or expansion.",1
immigrant,against ICE in Eugene,1,"Opposes ICE/CBP, enforcement/raids/detention, or institutional cooperation, recruitment, presence, funding, or expansion.",1
immigrant,against ICE in Jemison,1,"Opposes ICE/CBP, enforcement/raids/detention, or institutional cooperation, recruitment, presence, funding, or expansion.",1
immigrant,against ICE in North Carolina,1,"Opposes ICE/CBP, enforcement/raids/detention, or institutional cooperation, recruitment, presence, funding, or expansion.",1
immigrant,against ICE in Orange County,1,"Opposes ICE/CBP, enforcement/raids/detention, or institutional cooperation, recruitment, presence, funding, or expansion.",1
immigrant,against ICE in San Diego,1,"Opposes ICE/CBP, enforcement/raids/detention, or institutional cooperation, recruitment, presence, funding, or expansion.",1
immigrant,against ICE in San Francisco communities,1,"Opposes ICE/CBP, enforcement/raids/detention, or institutional cooperation, recruitment, presence, funding, or expansion.",1
immigrant,against ICE in cities,1,"Opposes ICE/CBP, enforcement/raids/detention, or institutional cooperation, recruitment, presence, funding, or expansion.",1
immigrant,against ICE in workplaces,1,"Opposes ICE/CBP, enforcement/raids/detention, or institutional cooperation, recruitment, presence, funding, or expansion.",1
immigrant,against ICE kidnappings and the illegal detainment and deportation of immigrants without due process,1,"Opposes deportation or supports protection, due process, or solidarity for people facing deportation.",103
immigrant,against ICE mass deportations,1,"Opposes deportation or supports protection, due process, or solidarity for people facing deportation.",3
immigrant,against ICE on college campuses,1,"Opposes ICE/CBP, enforcement/raids/detention, or institutional cooperation, recruitment, presence, funding, or expansion.",2
immigrant,against ICE on school campuses,1,"Opposes ICE/CBP, enforcement/raids/detention, or institutional cooperation, recruitment, presence, funding, or expansion.",3
immigrant,against ICE on university campuses,1,"Opposes ICE/CBP, enforcement/raids/detention, or institutional cooperation, recruitment, presence, funding, or expansion.",1
immigrant,against ICE operation,1,"Opposes ICE/CBP, enforcement/raids/detention, or institutional cooperation, recruitment, presence, funding, or expansion.",4
immigrant,against ICE operations,1,"Opposes ICE/CBP, enforcement/raids/detention, or institutional cooperation, recruitment, presence, funding, or expansion.",4
immigrant,against ICE operations in Charlotte,1,"Opposes ICE/CBP, enforcement/raids/detention, or institutional cooperation, recruitment, presence, funding, or expansion.",2
immigrant,against ICE operations in Durham,1,"Opposes ICE/CBP, enforcement/raids/detention, or institutional cooperation, recruitment, presence, funding, or expansion.",1
immigrant,against ICE operations in Idaho,1,"Opposes ICE/CBP, enforcement/raids/detention, or institutional cooperation, recruitment, presence, funding, or expansion.",1
immigrant,against ICE operations in North Carolina,1,"Opposes ICE/CBP, enforcement/raids/detention, or institutional cooperation, recruitment, presence, funding, or expansion.",2
immigrant,against ICE operations in Raleigh,1,"Opposes ICE/CBP, enforcement/raids/detention, or institutional cooperation, recruitment, presence, funding, or expansion.",1
immigrant,against ICE operations in Vermont,1,"Opposes ICE/CBP, enforcement/raids/detention, or institutional cooperation, recruitment, presence, funding, or expansion.",1
immigrant,against ICE operations in Wilson NC,1,"Opposes ICE/CBP, enforcement/raids/detention, or institutional cooperation, recruitment, presence, funding, or expansion.",1
immigrant,against ICE potentially being allowed in schools,1,"Opposes ICE/CBP, enforcement/raids/detention, or institutional cooperation, recruitment, presence, funding, or expansion.",1
immigrant,against ICE practices and polices,1,"Opposes ICE/CBP, enforcement/raids/detention, or institutional cooperation, recruitment, presence, funding, or expansion.",1
immigrant,against ICE presence,1,"Opposes ICE/CBP, enforcement/raids/detention, or institutional cooperation, recruitment, presence, funding, or expansion.",2
immigrant,against ICE presence in Chicago,1,"Opposes ICE/CBP, enforcement/raids/detention, or institutional cooperation, recruitment, presence, funding, or expansion.",1
immigrant,against ICE presence in Iowa,1,"Opposes ICE/CBP, enforcement/raids/detention, or institutional cooperation, recruitment, presence, funding, or expansion.",1
immigrant,against ICE presence in Portland,1,"Opposes ICE/CBP, enforcement/raids/detention, or institutional cooperation, recruitment, presence, funding, or expansion.",2
immigrant,"against ICE presence in immigrant communities, for protecting immigrant rights and safety, against immigration raids that create fear and division, for standing in solidarity with immigrant communities, against federal immigration enforcement disrupting local communities, for students using their voices to oppose deportations, against policies that target and intimidate immigrant families, for ensuring all residents feel safe regardless of immigration status, against actions that create fear in schools and neighborhoods, for a community that welcomes and supports immigrants",1,"Opposes deportation or supports protection, due process, or solidarity for people facing deportation.",1
immigrant,against ICE presence in the town,1,"Opposes ICE/CBP, enforcement/raids/detention, or institutional cooperation, recruitment, presence, funding, or expansion.",1
immigrant,against ICE presence inside the Durham courthouse,1,"Opposes ICE/CBP, enforcement/raids/detention, or institutional cooperation, recruitment, presence, funding, or expansion.",1
immigrant,against ICE presence near schools,1,"Opposes ICE/CBP, enforcement/raids/detention, or institutional cooperation, recruitment, presence, funding, or expansion.",1
immigrant,"against ICE presence on campus, for canceling ICE recruitment events, against university complicity with immigration enforcement, for protecting immigrant students and workers, against the university hosting DHS and ICE-affiliated agencies, for a formal apology from the administration",1,"Opposes ICE/CBP, enforcement/raids/detention, or institutional cooperation, recruitment, presence, funding, or expansion.",1
immigrant,against ICE raid and immigrant deportations,1,"Opposes deportation or supports protection, due process, or solidarity for people facing deportation.",1
immigrant,against ICE raid in Chinatown,1,"Opposes ICE/CBP, enforcement/raids/detention, or institutional cooperation, recruitment, presence, funding, or expansion.",1
immigrant,against ICE raid in Marshall Township,1,"Opposes ICE/CBP, enforcement/raids/detention, or institutional cooperation, recruitment, presence, funding, or expansion.",1
immigrant,against ICE raiding campuses,1,"Opposes ICE/CBP, enforcement/raids/detention, or institutional cooperation, recruitment, presence, funding, or expansion.",1
immigrant,against ICE raids,1,"Opposes ICE/CBP, enforcement/raids/detention, or institutional cooperation, recruitment, presence, funding, or expansion.",162
immigrant,against ICE raids and deportations,1,"Opposes deportation or supports protection, due process, or solidarity for people facing deportation.",1
immigrant,against ICE raids and detentions,1,"Opposes ICE/CBP, enforcement/raids/detention, or institutional cooperation, recruitment, presence, funding, or expansion.",1
immigrant,against ICE raids and detentions in Philadelphia,1,"Opposes ICE/CBP, enforcement/raids/detention, or institutional cooperation, recruitment, presence, funding, or expansion.",1
immigrant,against ICE raids and immigrant deportations,1,"Opposes deportation or supports protection, due process, or solidarity for people facing deportation.",205
immigrant,against ICE raids and immigrant deportations against attacks on trans people,1,"Opposes deportation or supports protection, due process, or solidarity for people facing deportation.",1
immigrant,against ICE raids and immigrant deportations in Los Angeles,1,"Opposes deportation or supports protection, due process, or solidarity for people facing deportation.",2
immigrant,against ICE raids and immigrant deportations in Los Angeles and around the US,1,"Opposes deportation or supports protection, due process, or solidarity for people facing deportation.",13
immigrant,against ICE raids and kidnappings,1,"Opposes ICE/CBP, enforcement/raids/detention, or institutional cooperation, recruitment, presence, funding, or expansion.",1
immigrant,against ICE raids and mass deportations,1,"Opposes deportation or supports protection, due process, or solidarity for people facing deportation.",3
immigrant,against ICE raids and police militarization,1,"Opposes ICE/CBP, enforcement/raids/detention, or institutional cooperation, recruitment, presence, funding, or expansion.",1
immigrant,against ICE raids around Hampton Roads,1,"Opposes ICE/CBP, enforcement/raids/detention, or institutional cooperation, recruitment, presence, funding, or expansion.",1
immigrant,against ICE raids at Home Depots,1,"Opposes ICE/CBP, enforcement/raids/detention, or institutional cooperation, recruitment, presence, funding, or expansion.",1
immigrant,against ICE raids in Inland Empire,1,"Opposes ICE/CBP, enforcement/raids/detention, or institutional cooperation, recruitment, presence, funding, or expansion.",1
immigrant,against ICE raids in Los Angeles,1,"Opposes ICE/CBP, enforcement/raids/detention, or institutional cooperation, recruitment, presence, funding, or expansion.",2
immigrant,against ICE raids on campus,1,"Opposes ICE/CBP, enforcement/raids/detention, or institutional cooperation, recruitment, presence, funding, or expansion.",1
immigrant,against ICE raids on local workers,1,"Opposes ICE/CBP, enforcement/raids/detention, or institutional cooperation, recruitment, presence, funding, or expansion.",1
immigrant,against ICE raids on schools,1,"Opposes ICE/CBP, enforcement/raids/detention, or institutional cooperation, recruitment, presence, funding, or expansion.",1
immigrant,"against ICE raids that create fear in immigrant communities, for student activism in support of immigrant rights, against policies that target and disrupt immigrant families, for local communities standing together in solidarity, against federal enforcement actions that instill fear in schools and neighborhoods, for policies that ensure all students feel safe in their schools, against deportations that separate families, for advocating humane immigration policies",1,"Opposes deportation or supports protection, due process, or solidarity for people facing deportation.",1
immigrant,"against ICE raids, kidnappings, and deportations",1,"Opposes deportation or supports protection, due process, or solidarity for people facing deportation.",1
immigrant,against ICE riads and immigrant deportations,1,"Opposes deportation or supports protection, due process, or solidarity for people facing deportation.",2
immigrant,against ICE street blockade and checkpoint,1,"Opposes ICE/CBP, enforcement/raids/detention, or institutional cooperation, recruitment, presence, funding, or expansion.",1
immigrant,against ICE tactics,1,"Opposes ICE/CBP, enforcement/raids/detention, or institutional cooperation, recruitment, presence, funding, or expansion.",1
immigrant,against ICE targeting individuals at Home Depot,1,"Opposes ICE/CBP, enforcement/raids/detention, or institutional cooperation, recruitment, presence, funding, or expansion.",1
immigrant,against ICE targeting undocumented high school students in Washington state,1,"Opposes ICE/CBP, enforcement/raids/detention, or institutional cooperation, recruitment, presence, funding, or expansion.",1
immigrant,against ICE terror,1,"Opposes ICE/CBP, enforcement/raids/detention, or institutional cooperation, recruitment, presence, funding, or expansion.",1
immigrant,against ICE using the parking lots of the Powderhorn and Lake Street post offices as staging grounds for their operations in South Minneapolis,1,"Opposes ICE/CBP, enforcement/raids/detention, or institutional cooperation, recruitment, presence, funding, or expansion.",1
immigrant,against ICE's actions in the community,1,"Opposes ICE/CBP, enforcement/raids/detention, or institutional cooperation, recruitment, presence, funding, or expansion.",1
immigrant,against ICE's detention of Ismael Sandoval,1,"Opposes ICE/CBP, enforcement/raids/detention, or institutional cooperation, recruitment, presence, funding, or expansion.",1
immigrant,against ICE's increased presence and deportation actions,1,"Opposes deportation or supports protection, due process, or solidarity for people facing deportation.",1
immigrant,against ICE's local recruiting drive,1,"Opposes ICE/CBP, enforcement/raids/detention, or institutional cooperation, recruitment, presence, funding, or expansion.",2
immigrant,against ICE's plans for social media surveillance and intelligence gathering,1,"Opposes ICE/CBP, enforcement/raids/detention, or institutional cooperation, recruitment, presence, funding, or expansion.",1
immigrant,against ICE's presence at University of Colorado Boulder career fair,1,"Opposes ICE/CBP, enforcement/raids/detention, or institutional cooperation, recruitment, presence, funding, or expansion.",1
immigrant,"against ICE’s arrest of a man (Jair Celis) at what was supposed to be his final green card interview, which violated the principle that USCIS should be a safe space for immigration processing",1,"Opposes ICE/CBP, enforcement/raids/detention, or institutional cooperation, recruitment, presence, funding, or expansion.",1
immigrant,against Imam Ayman Soleman having his asylum status revoked without warning or explanation,1,"Explicitly supports immigrant/migrant rights, legal safeguards, asylum, or protection.",1
immigrant,against Immigration and Customs Enforcement (ICE) agents’ ability to hide their faces with facial coverings during enforcement actions,1,"Opposes ICE/CBP, enforcement/raids/detention, or institutional cooperation, recruitment, presence, funding, or expansion.",1
immigrant,against Immigration and Customs Enforcement arrests of Acton community members,1,"Opposes targeting, mistreatment, exclusion, detention, or immigration enforcement affecting immigrants/migrants.",1
immigrant,against Internal Revenue Service agreeing to give information about undocumented taxpayers to immigrations officials,1,"Opposes targeting, mistreatment, exclusion, detention, or immigration enforcement affecting immigrants/migrants.",1
immigrant,against Joint Forces Training Base Los Alamitos collaborating with ICE and Border Patrol agents to detain and deport immigrants,1,"Opposes deportation or supports protection, due process, or solidarity for people facing deportation.",1
immigrant,against Key Lime Air's ties to immigration enforcement flights,1,"Opposes ICE/CBP, enforcement/raids/detention, or institutional cooperation, recruitment, presence, funding, or expansion.",1
immigrant,against LVMPD cooperation with ICE,1,"Opposes ICE/CBP, enforcement/raids/detention, or institutional cooperation, recruitment, presence, funding, or expansion.",1
immigrant,against Las Vegas Metropolitan Police Department's cooperation with ICE,1,"Opposes ICE/CBP, enforcement/raids/detention, or institutional cooperation, recruitment, presence, funding, or expansion.",1
immigrant,against Miami-Dade County Commission approving a resolution that would allow the county to profit from holding ICE detainees awaiting deportation in local jails,1,"Opposes deportation or supports protection, due process, or solidarity for people facing deportation.",1
immigrant,against Miami-Dade County making money from ICE raids,1,"Opposes ICE/CBP, enforcement/raids/detention, or institutional cooperation, recruitment, presence, funding, or expansion.",1
immigrant,against NY corporations working with ICE,1,"Opposes ICE/CBP, enforcement/raids/detention, or institutional cooperation, recruitment, presence, funding, or expansion.",1
immigrant,against Newsom's immigration policy,0,Opposes unspecified Newsom immigration policy; direction is ambiguous.,1
immigrant,against North Carolina cooperating with US Customs and Immigration Enforcement,1,"Opposes ICE/CBP, enforcement/raids/detention, or institutional cooperation, recruitment, presence, funding, or expansion.",1
immigrant,against Palantir assisting in ICE immigration raids and immigrant deportations,1,"Opposes deportation or supports protection, due process, or solidarity for people facing deportation.",1
immigrant,against Palantir providing AI technology to assist ICE with mass deportations,1,"Opposes deportation or supports protection, due process, or solidarity for people facing deportation.",1
immigrant,against Palantir providing technology used for ICE tracking and deportation raids,1,"Opposes deportation or supports protection, due process, or solidarity for people facing deportation.",1
immigrant,against Palantir supplying surveilance technology to ICE,1,"Opposes ICE/CBP, enforcement/raids/detention, or institutional cooperation, recruitment, presence, funding, or expansion.",1
immigrant,against Palantir working with ICE,1,"Opposes ICE/CBP, enforcement/raids/detention, or institutional cooperation, recruitment, presence, funding, or expansion.",1
immigrant,against Palantir working with the U.S Immigration and Customs Enforcement,1,"Opposes targeting, mistreatment, exclusion, detention, or immigration enforcement affecting immigrants/migrants.",1
immigrant,against Palantir working with the U.S Immigration and Customs Enforcement to create surveillance technologies,1,"Opposes targeting, mistreatment, exclusion, detention, or immigration enforcement affecting immigrants/migrants.",1
immigrant,"against Palantir, Google, Amazon, Facebook, Whole Foods, Tesla, and ICE",1,"Opposes ICE/CBP, enforcement/raids/detention, or institutional cooperation, recruitment, presence, funding, or expansion.",7
immigrant,against Penn State University's ties to ICE,1,"Opposes ICE/CBP, enforcement/raids/detention, or institutional cooperation, recruitment, presence, funding, or expansion.",1
immigrant,against Penn State anti-ICE rally,0,"Opposes an anti-ICE rally, not ICE enforcement; opposing direction.",1
immigrant,against Pierce County Sherriffs Office collaboration with ICE,1,"Opposes ICE/CBP, enforcement/raids/detention, or institutional cooperation, recruitment, presence, funding, or expansion.",1
immigrant,against Plymouth County Correctional Facility allowing ICE to house migrants in the facility,1,"Opposes ICE/CBP, enforcement/raids/detention, or institutional cooperation, recruitment, presence, funding, or expansion.",1
immigrant,against Plymouth Sheriff McDonald's agreement with ICE that allows his office to perform some duties that fall under the responsibility of Immigration officers,1,"Opposes ICE/CBP, enforcement/raids/detention, or institutional cooperation, recruitment, presence, funding, or expansion.",1
immigrant,against President Trump administration's immigration policies,0,Opposition to unspecified Trump immigration policies; rights or anti-enforcement direction is not explicit.,1
immigrant,against President Trump administration's policies towards immigration,0,Opposition to unspecified Trump immigration policies; rights or anti-enforcement direction is not explicit.,1
immigrant,against President Trump adminstration's immigrant policy,0,Opposition to unspecified Trump immigrant policy; rights or anti-enforcement direction is not explicit.,1
immigrant,against President Trump adminstration's immigration policies,0,Opposition to unspecified Trump immigration policies; rights or anti-enforcement direction is not explicit.,1
immigrant,against President Trump adminstration's threat to immigrants constitutional rights,1,"Explicitly supports immigrant/migrant rights, legal safeguards, asylum, or protection.",1
immigrant,against President Trump adminstrations immigration polices,0,Opposition to unspecified Trump immigration policies; rights or anti-enforcement direction is not explicit.,1
immigrant,against President Trump immigration policies,0,Opposition to unspecified Trump immigration policies; rights or anti-enforcement direction is not explicit.,3
immigrant,against President Trump targeting immigrants,1,"Opposes targeting, mistreatment, exclusion, detention, or immigration enforcement affecting immigrants/migrants.",1
immigrant,against President Trump's adminstration's mass deportation efforts,1,"Opposes deportation or supports protection, due process, or solidarity for people facing deportation.",1
immigrant,against President Trump's attacks on immigrants,1,"Opposes targeting, mistreatment, exclusion, detention, or immigration enforcement affecting immigrants/migrants.",4
immigrant,against President Trump's attacks on migrants,1,"Opposes targeting, mistreatment, exclusion, detention, or immigration enforcement affecting immigrants/migrants.",2
immigrant,against President Trump's deportation policies,1,"Opposes deportation or supports protection, due process, or solidarity for people facing deportation.",1
immigrant,"against President Trump's executive order increasing ICE presence in Washington, D.C.",1,"Opposes ICE/CBP, enforcement/raids/detention, or institutional cooperation, recruitment, presence, funding, or expansion.",1
immigrant,against President Trump's executive orders to deport immigrants,1,"Opposes deportation or supports protection, due process, or solidarity for people facing deportation.",1
immigrant,against President Trump's immigrant deportation policies,1,"Opposes deportation or supports protection, due process, or solidarity for people facing deportation.",1
immigrant,against President Trump's immigrant deportations and family separations,1,"Opposes deportation or supports protection, due process, or solidarity for people facing deportation.",1
immigrant,against President Trump's immigration agenda,0,Ambiguous or indirect claim: no explicit pro-immigrant protection or opposition to immigration enforcement in this clause.,1
immigrant,against President Trump's immigration policies,0,Ambiguous or indirect claim: no explicit pro-immigrant protection or opposition to immigration enforcement in this clause.,18
immigrant,against President Trump's immigration policy,0,Ambiguous or indirect claim: no explicit pro-immigrant protection or opposition to immigration enforcement in this clause.,1
immigrant,against President Trump's mass deporation of immigrants,1,"Opposes targeting, mistreatment, exclusion, detention, or immigration enforcement affecting immigrants/migrants.",1
immigrant,against President Trump's mass deportations of immigrants,1,"Opposes deportation or supports protection, due process, or solidarity for people facing deportation.",3
immigrant,against President Trumps administration immigration policies,0,Ambiguous or indirect claim: no explicit pro-immigrant protection or opposition to immigration enforcement in this clause.,1
immigrant,against Republican accusations that Democrats wanted to provide healthcare for undocumented immigrants,0,Rejects an accusation about immigrant healthcare; does not explicitly support that healthcare or immigrant protections.,1
immigrant,against Rochester police officers assisting Border Patrol agents in contradiction of Rochester's status as a sanctuary city,1,"Opposes ICE/CBP, enforcement/raids/detention, or institutional cooperation, recruitment, presence, funding, or expansion.",1
immigrant,against Ron DeSantis's plans to convert Baker Correctional Facility into an immigrant detention center,1,"Opposes targeting, mistreatment, exclusion, detention, or immigration enforcement affecting immigrants/migrants.",1
immigrant,"against Sen. Katie Britt’s support for the “One, Big, Beautiful Bill,” which eliminated funding for Medicaid, school programs, and food assistance, while also enabling immigration enforcement without due process",1,Supports people targeted/detained by immigration authorities or explicitly anti-ICE mobilization/protections.,1
immigrant,against Smith County partnership with ICE,1,"Opposes ICE/CBP, enforcement/raids/detention, or institutional cooperation, recruitment, presence, funding, or expansion.",1
immigrant,against Stanford University cooperating with ICE,1,"Opposes ICE/CBP, enforcement/raids/detention, or institutional cooperation, recruitment, presence, funding, or expansion.",1
immigrant,against Tallahassee Police Department's cooperation with ICE,1,"Opposes ICE/CBP, enforcement/raids/detention, or institutional cooperation, recruitment, presence, funding, or expansion.",1
immigrant,against The Home Depot's cooperation with ICE,1,"Opposes ICE/CBP, enforcement/raids/detention, or institutional cooperation, recruitment, presence, funding, or expansion.",1
immigrant,against The University of Texas at Arlington allowing ICE on campus,1,"Opposes ICE/CBP, enforcement/raids/detention, or institutional cooperation, recruitment, presence, funding, or expansion.",1
immigrant,against Town President Larry Dominick's cooperation with ICE,1,"Opposes ICE/CBP, enforcement/raids/detention, or institutional cooperation, recruitment, presence, funding, or expansion.",1
immigrant,against Trump administration's immigration policies,0,Ambiguous or indirect claim: no explicit pro-immigrant protection or opposition to immigration enforcement in this clause.,1
immigrant,against Trump administrations immigration enforcement policies,1,"Opposes ICE/CBP, enforcement/raids/detention, or institutional cooperation, recruitment, presence, funding, or expansion.",1
immigrant,against Trump adminstration's crackdown on LA anti-ICE protest,0,"Opposes repression/arrest/discipline of protesters or officials; ICE/immigration is context, without an explicit immigrant-protection or anti-enforcement claim.",1
immigrant,against Trump adminstration's polices on immigration DEI and research funding,0,Ambiguous or indirect claim: no explicit pro-immigrant protection or opposition to immigration enforcement in this clause.,1
immigrant,against Trump deportation campaign,1,"Opposes deportation or supports protection, due process, or solidarity for people facing deportation.",1
immigrant,against Trump executive orders for increased immigration authorities,1,"Opposes targeting, mistreatment, exclusion, detention, or immigration enforcement affecting immigrants/migrants.",1
immigrant,"against Trump federal takeover of DC, against ICE raids",1,"Opposes ICE/CBP, enforcement/raids/detention, or institutional cooperation, recruitment, presence, funding, or expansion.",1
immigrant,against Trump immigration policies,0,Ambiguous or indirect claim: no explicit pro-immigrant protection or opposition to immigration enforcement in this clause.,1
immigrant,against Trump immigration policy,0,Ambiguous or indirect claim: no explicit pro-immigrant protection or opposition to immigration enforcement in this clause.,9
immigrant,against Trump policies for ICE deporation,1,"Opposes ICE/CBP, enforcement/raids/detention, or institutional cooperation, recruitment, presence, funding, or expansion.",1
immigrant,against Trump's deportation policy,1,"Opposes deportation or supports protection, due process, or solidarity for people facing deportation.",1
immigrant,against Trump's executive orders aimed at increasing deportations and tightening border security,1,"Opposes deportation or supports protection, due process, or solidarity for people facing deportation.",1
immigrant,against Trump's immigration policy,0,Ambiguous or indirect claim: no explicit pro-immigrant protection or opposition to immigration enforcement in this clause.,1
immigrant,"against Trump’s immigration policies, for standing up for immigrant families, against mass deportations, for keeping families together, against the fear and uncertainty facing undocumented students, for students using their voices to demand justice, against the dehumanization of immigrants, for recognizing the humanity of all people, against school staff attempting to suppress student activism, for the right to protest peacefully",1,"Opposes deportation or supports protection, due process, or solidarity for people facing deportation.",1
immigrant,"against Trump’s mass deportation plans, for immigrant rights and dignity, against forced family separations, for unity and solidarity among Black and Brown communities, against xenophobia and exclusionary policies, for Tulsa recognizing and embracing its immigrant population, against policies that create fear and instability",1,"Opposes deportation or supports protection, due process, or solidarity for people facing deportation.",1
immigrant,"against Trump’s mass deportations, for students' right to protest policies that harm their families, against ICE raids disrupting communities, for keeping families together, against the fear instilled in undocumented families, for young people standing up for justice, against policies that criminalize immigrants seeking better lives, for student activism in defense of their friends and loved ones, against a system that dehumanizes migrants, for constructive dialogue about immigration policies, against the increased enforcement tearing apart communities",1,"Opposes deportation or supports protection, due process, or solidarity for people facing deportation.",2
immigrant,against U.S. ICE raids in Nashville,1,"Opposes ICE/CBP, enforcement/raids/detention, or institutional cooperation, recruitment, presence, funding, or expansion.",1
immigrant,against U.S. Immigration and Customs Enforcement raids,1,"Opposes targeting, mistreatment, exclusion, detention, or immigration enforcement affecting immigrants/migrants.",1
immigrant,"against U.S. immigration crackdowns, mass detention facility construction, and racial profiling",1,"Opposes targeting, mistreatment, exclusion, detention, or immigration enforcement affecting immigrants/migrants.",1
immigrant,against U.S. immigration policies,0,Ambiguous or indirect claim: no explicit pro-immigrant protection or opposition to immigration enforcement in this clause.,1
immigrant,against U.S. immigration policies and the presence of ICE in Portland,1,"Opposes ICE/CBP, enforcement/raids/detention, or institutional cooperation, recruitment, presence, funding, or expansion.",1
immigrant,against UCLA allowing ICE on campus,1,"Opposes ICE/CBP, enforcement/raids/detention, or institutional cooperation, recruitment, presence, funding, or expansion.",1
immigrant,against University of Maryland's willingness to host ICE and defense contrators as employers at the Spring Career Fair,1,"Opposes ICE/CBP, enforcement/raids/detention, or institutional cooperation, recruitment, presence, funding, or expansion.",1
immigrant,against University of Minnesota cooperating with ICE,1,"Opposes ICE/CBP, enforcement/raids/detention, or institutional cooperation, recruitment, presence, funding, or expansion.",1
immigrant,against University of Minnesota's stated intention to comply with ICE orders,1,"Opposes ICE/CBP, enforcement/raids/detention, or institutional cooperation, recruitment, presence, funding, or expansion.",1
immigrant,against University of North Carolina Chapel Hill chancellor Lee Roberts' stated intention to cooperate with ICE in detention and deportation of undocumented migrants on campus,1,"Opposes deportation or supports protection, due process, or solidarity for people facing deportation.",1
immigrant,against W&W Dairy's new policy to use E-Verify to check employees' immigration status,1,"Opposes targeting, mistreatment, exclusion, detention, or immigration enforcement affecting immigrants/migrants.",1
immigrant,against Wells police collaborating with ICE,1,"Opposes ICE/CBP, enforcement/raids/detention, or institutional cooperation, recruitment, presence, funding, or expansion.",1
immigrant,against Zapata-Velasquez's detention and deportation,1,"Opposes deportation or supports protection, due process, or solidarity for people facing deportation.",1
immigrant,against a 6-year-old facing immigration court alone,1,"Opposes targeting, mistreatment, exclusion, detention, or immigration enforcement affecting immigrants/migrants.",1
immigrant,against a Tennessee bill allowing schools to deny enrolling unauthorized immigrants,1,"Opposes targeting, mistreatment, exclusion, detention, or immigration enforcement affecting immigrants/migrants.",1
immigrant,against a federal immigration crackdown ordered by the Trump adminstration,1,"Opposes targeting, mistreatment, exclusion, detention, or immigration enforcement affecting immigrants/migrants.",2
immigrant,against a lack of transparency regarding ICE detainments,1,"Demands accountability/transparency for ICE detention or enforcement, protecting those affected.",1
immigrant,"against a new state bill in Tennessee that, if approved, would allow school districts to deny enrollment to students who are undocumented immigrants",1,"Opposes targeting, mistreatment, exclusion, detention, or immigration enforcement affecting immigrants/migrants.",1
immigrant,against a proposed City Council resolution that would allow local police officers to assist federal agents in deporting undocumented migrants,1,"Opposes deportation or supports protection, due process, or solidarity for people facing deportation.",1
immigrant,"against aggressive actions undertaken by U.S. Immigration and Customs Enforcement (ICE), including an incident where an ICE vehicle reportedly injured a resident’s foot during an arrest",1,"Opposes ICE/CBP, enforcement/raids/detention, or institutional cooperation, recruitment, presence, funding, or expansion.",1
immigrant,against aggressive immigration enforcement,1,"Opposes ICE/CBP, enforcement/raids/detention, or institutional cooperation, recruitment, presence, funding, or expansion.",426
immigrant,against allowing UFPD 287 (g) agreement with ICE,1,"Opposes ICE/CBP, enforcement/raids/detention, or institutional cooperation, recruitment, presence, funding, or expansion.",1
immigrant,against an ICE and DEA raid at a Colorado Springs night club,1,"Opposes ICE/CBP, enforcement/raids/detention, or institutional cooperation, recruitment, presence, funding, or expansion.",1
immigrant,"against an ICE detainment of six people, including a minor and a disabled person on August 12",1,"Opposes ICE/CBP, enforcement/raids/detention, or institutional cooperation, recruitment, presence, funding, or expansion.",1
immigrant,against an ICE operation carried out on May 29 in College Town,1,"Opposes ICE/CBP, enforcement/raids/detention, or institutional cooperation, recruitment, presence, funding, or expansion.",1
immigrant,against an ICE operation in San Bernardino that included shots being fired at a family's vehicle,1,"Opposes ICE/CBP, enforcement/raids/detention, or institutional cooperation, recruitment, presence, funding, or expansion.",1
immigrant,against an ICE raid at Allston Car Wash in Boston,1,"Opposes ICE/CBP, enforcement/raids/detention, or institutional cooperation, recruitment, presence, funding, or expansion.",1
immigrant,"against an ICE raid in El Cajon, California",1,"Opposes ICE/CBP, enforcement/raids/detention, or institutional cooperation, recruitment, presence, funding, or expansion.",1
immigrant,against anti-ICE demonstration,0,Opposes immigrants/immigration or pro-immigrant/anti-ICE protesters; opposing direction.,2
immigrant,against anti-ICE protest,0,Opposes immigrants/immigration or pro-immigrant/anti-ICE protesters; opposing direction.,1
immigrant,against anti-ICE protesters,0,Opposes immigrants/immigration or pro-immigrant/anti-ICE protesters; opposing direction.,5
immigrant,against anti-ICE protests,0,Opposes immigrants/immigration or pro-immigrant/anti-ICE protesters; opposing direction.,1
immigrant,"against anti-LGBTQ+ legislation, for protecting immigrant rights, against criminalizing the unhoused, for human dignity and civil rights, against Senate Bill 484 restricting aid to the unhoused, for municipalities’ rights to care for vulnerable populations, against fear-based policymaking, for love and inclusivity in governance",1,"Explicitly supports immigrant/migrant rights, legal safeguards, asylum, or protection.",1
immigrant,against anti-immigrant bigotry,1,"Opposes targeting, mistreatment, exclusion, detention, or immigration enforcement affecting immigrants/migrants.",1
immigrant,against anti-immigrant policies,1,"Opposes targeting, mistreatment, exclusion, detention, or immigration enforcement affecting immigrants/migrants.",1
immigrant,against anti-immigrant rhetoric,1,"Opposes targeting, mistreatment, exclusion, detention, or immigration enforcement affecting immigrants/migrants.",1
immigrant,against anti-immigration raids at schools,1,"Opposes targeting, mistreatment, exclusion, detention, or immigration enforcement affecting immigrants/migrants.",1
immigrant,against any cooperating between Chapman University and ICE,1,"Opposes ICE/CBP, enforcement/raids/detention, or institutional cooperation, recruitment, presence, funding, or expansion.",1
immigrant,against any cooperation between Boston University and ICE,1,"Opposes ICE/CBP, enforcement/raids/detention, or institutional cooperation, recruitment, presence, funding, or expansion.",1
immigrant,against any cooperation between CU Boulder and ICE,1,"Opposes ICE/CBP, enforcement/raids/detention, or institutional cooperation, recruitment, presence, funding, or expansion.",1
immigrant,against any cooperation between Dartmouth Dining Services and ICE,1,"Opposes ICE/CBP, enforcement/raids/detention, or institutional cooperation, recruitment, presence, funding, or expansion.",1
immigrant,against any cooperation between John Hopkins and federal immigration authorities,1,"Opposes targeting, mistreatment, exclusion, detention, or immigration enforcement affecting immigrants/migrants.",1
immigrant,against any cooperation of the University of Minnesota with ICE,1,"Opposes ICE/CBP, enforcement/raids/detention, or institutional cooperation, recruitment, presence, funding, or expansion.",1
immigrant,against arrests and deportations of migrant workers,1,"Opposes deportation or supports protection, due process, or solidarity for people facing deportation.",4
immigrant,against arrests made by ICE of Aguacates workers,1,"Opposes ICE/CBP, enforcement/raids/detention, or institutional cooperation, recruitment, presence, funding, or expansion.",1
immigrant,against asylum policies.,0,Ambiguous or indirect claim: no explicit pro-immigrant protection or opposition to immigration enforcement in this clause.,1
immigrant,against attacks on immigrant workers,1,"Opposes targeting, mistreatment, exclusion, detention, or immigration enforcement affecting immigrants/migrants.",2
immigrant,against attacks on immigrants,1,"Opposes targeting, mistreatment, exclusion, detention, or immigration enforcement affecting immigrants/migrants.",1
immigrant,"against attacks on immigrants, women, LGBTQ people, and all other minority communities",1,"Opposes targeting, mistreatment, exclusion, detention, or immigration enforcement affecting immigrants/migrants.",2
immigrant,against attacks on migrants and workers and women and LGBTQIA+ people,1,"Opposes targeting, mistreatment, exclusion, detention, or immigration enforcement affecting immigrants/migrants.",1
immigrant,against barriers for immigrant children to attend public schools,1,"Opposes targeting, mistreatment, exclusion, detention, or immigration enforcement affecting immigrants/migrants.",1
immigrant,against bills HB1 and SB88 that would place new restrictions on immigrants who seek to buy or own land in Ohio,1,"Opposes targeting, mistreatment, exclusion, detention, or immigration enforcement affecting immigrants/migrants.",1
immigrant,against border patrol,1,"Opposes ICE/CBP, enforcement/raids/detention, or institutional cooperation, recruitment, presence, funding, or expansion.",1
immigrant,against border patrol deployment in New Orleans,1,"Opposes ICE/CBP, enforcement/raids/detention, or institutional cooperation, recruitment, presence, funding, or expansion.",1
immigrant,against campus police being able to arrest illegal immigrants,1,"Explicitly supports immigrant/migrant rights, legal safeguards, asylum, or protection.",1
immigrant,against campus police partnership with ice,1,"Opposes ICE/CBP, enforcement/raids/detention, or institutional cooperation, recruitment, presence, funding, or expansion.",1
immigrant,against collaboration between the Chicago Police and Immigration and Customs Enforcement,1,"Opposes targeting, mistreatment, exclusion, detention, or immigration enforcement affecting immigrants/migrants.",1
immigrant,against collusion between local police and ICE,1,"Opposes ICE/CBP, enforcement/raids/detention, or institutional cooperation, recruitment, presence, funding, or expansion.",1
immigrant,against construction of new ICE facility,1,"Opposes ICE/CBP, enforcement/raids/detention, or institutional cooperation, recruitment, presence, funding, or expansion.",1
immigrant,against cooperation with ICE,1,"Opposes ICE/CBP, enforcement/raids/detention, or institutional cooperation, recruitment, presence, funding, or expansion.",1
immigrant,against criminalization of immigrants,1,"Opposes targeting, mistreatment, exclusion, detention, or immigration enforcement affecting immigrants/migrants.",1
immigrant,against current US immigration policies,0,Ambiguous or indirect claim: no explicit pro-immigrant protection or opposition to immigration enforcement in this clause.,1
immigrant,against deal between Ruthersford County Sheriffs Office and ICE enforcing their collaboration,1,"Opposes ICE/CBP, enforcement/raids/detention, or institutional cooperation, recruitment, presence, funding, or expansion.",1
immigrant,against deportation,1,"Opposes deportation or supports protection, due process, or solidarity for people facing deportation.",18
immigrant,against deportation and abduction,1,"Opposes deportation or supports protection, due process, or solidarity for people facing deportation.",1
immigrant,against deportation flights taking place in Signature Airlines terminal,1,"Opposes deportation or supports protection, due process, or solidarity for people facing deportation.",1
immigrant,against deportation of Filipino crew members who were visa-holding and held no criminal charges and demand fair treatment and legal advocacy,1,"Opposes deportation or supports protection, due process, or solidarity for people facing deportation.",1
immigrant,against deportation policies,1,"Opposes deportation or supports protection, due process, or solidarity for people facing deportation.",1
immigrant,against deportation to Mexico of Paulino Martin San Pedro,1,"Opposes deportation or supports protection, due process, or solidarity for people facing deportation.",1
immigrant,against deportations,1,"Opposes deportation or supports protection, due process, or solidarity for people facing deportation.",972
immigrant,against deportations of immigrant students,1,"Opposes deportation or supports protection, due process, or solidarity for people facing deportation.",1
immigrant,against deportations of immigrant students from University of Wisconsin Milwaukee,1,"Opposes deportation or supports protection, due process, or solidarity for people facing deportation.",1
immigrant,against deportations of immigrants,1,"Opposes deportation or supports protection, due process, or solidarity for people facing deportation.",3
immigrant,against deportations of migrants,1,"Opposes deportation or supports protection, due process, or solidarity for people facing deportation.",1
immigrant,against deportations of migrants on flights from Gary/Chicago International Airport,1,"Opposes deportation or supports protection, due process, or solidarity for people facing deportation.",1
immigrant,against deportations of student activists,1,"Opposes deportation or supports protection, due process, or solidarity for people facing deportation.",1
immigrant,against deportations of students rallying for Palestine,1,"Opposes deportation or supports protection, due process, or solidarity for people facing deportation.",1
immigrant,against deportations of undocumented migrants,1,"Opposes deportation or supports protection, due process, or solidarity for people facing deportation.",1
immigrant,against deportations without due process,1,"Opposes deportation or supports protection, due process, or solidarity for people facing deportation.",1
immigrant,against deporting immigrants,1,"Opposes deportation or supports protection, due process, or solidarity for people facing deportation.",2
immigrant,against deporting migrants,1,"Opposes deportation or supports protection, due process, or solidarity for people facing deportation.",2
immigrant,against deporting student protesters,1,"Opposes deportation or supports protection, due process, or solidarity for people facing deportation.",1
immigrant,against deporting students,1,"Opposes deportation or supports protection, due process, or solidarity for people facing deportation.",1
immigrant,against detention and deportation of Harjit Kaur by ICE,1,"Opposes deportation or supports protection, due process, or solidarity for people facing deportation.",1
immigrant,against detention and deportation of Mahmoud Khalil,1,"Opposes deportation or supports protection, due process, or solidarity for people facing deportation.",6
immigrant,against detention and deportation of mahmoud khalil,1,"Opposes deportation or supports protection, due process, or solidarity for people facing deportation.",1
immigrant,against detention of immigrants,1,"Opposes targeting, mistreatment, exclusion, detention, or immigration enforcement affecting immigrants/migrants.",1
immigrant,against detentions and deportations of migrants,1,"Opposes deportation or supports protection, due process, or solidarity for people facing deportation.",1
immigrant,against fear in immigrant community,1,"Opposes targeting, mistreatment, exclusion, detention, or immigration enforcement affecting immigrants/migrants.",1
immigrant,against fear in the immigrant community,1,"Opposes targeting, mistreatment, exclusion, detention, or immigration enforcement affecting immigrants/migrants.",1
immigrant,against federal deportation flights,1,"Opposes deportation or supports protection, due process, or solidarity for people facing deportation.",1
immigrant,against federal immigration action,0,Ambiguous or indirect claim: no explicit pro-immigrant protection or opposition to immigration enforcement in this clause.,1
immigrant,against federal immigration agents using any city property (including parking lots and city buildings) for staging or enforcement operations,1,"Opposes targeting, mistreatment, exclusion, detention, or immigration enforcement affecting immigrants/migrants.",1
immigrant,against federal immigration deportment policies,0,Ambiguous or indirect claim: no explicit pro-immigrant protection or opposition to immigration enforcement in this clause.,1
immigrant,against federal immigration enforcement (specifically mass deportations),1,"Opposes deportation or supports protection, due process, or solidarity for people facing deportation.",1
immigrant,against federal immigration enforcement policies,1,"Opposes ICE/CBP, enforcement/raids/detention, or institutional cooperation, recruitment, presence, funding, or expansion.",1
immigrant,against federal immigration policies,0,Ambiguous or indirect claim: no explicit pro-immigrant protection or opposition to immigration enforcement in this clause.,2
immigrant,against federal immigration raids,1,"Opposes targeting, mistreatment, exclusion, detention, or immigration enforcement affecting immigrants/migrants.",2
immigrant,"against federal indictments stemming from a September 26, 2025, action where the ""Broadview Six"" allegedly surrounded an ICE vehicle",0,"Opposes indictments of people allegedly surrounding an ICE vehicle, without explicitly opposing ICE/enforcement or stating immigrant protections.",1
immigrant,against federal legislation that would facilitate immigrant deportations,1,"Opposes deportation or supports protection, due process, or solidarity for people facing deportation.",2
immigrant,against federal migrant deportation policies,1,"Opposes deportation or supports protection, due process, or solidarity for people facing deportation.",1
immigrant,against federal policies targeting trans and immigrant communities,1,"Opposes targeting, mistreatment, exclusion, detention, or immigration enforcement affecting immigrants/migrants.",1
immigrant,against flights deporting undocumented immigrants,1,"Opposes deportation or supports protection, due process, or solidarity for people facing deportation.",1
immigrant,against forced deportations,1,"Opposes deportation or supports protection, due process, or solidarity for people facing deportation.",1
immigrant,against growing presence of ICE and Border Patrol in their communities,1,"Opposes ICE/CBP, enforcement/raids/detention, or institutional cooperation, recruitment, presence, funding, or expansion.",2
immigrant,against growing presence of ICE and border patrol in their community,1,"Opposes ICE/CBP, enforcement/raids/detention, or institutional cooperation, recruitment, presence, funding, or expansion.",2
immigrant,against hate towards immigrants,1,"Opposes targeting, mistreatment, exclusion, detention, or immigration enforcement affecting immigrants/migrants.",1
immigrant,against ice,1,"Opposes ICE/CBP, enforcement/raids/detention, or institutional cooperation, recruitment, presence, funding, or expansion.",2
immigrant,against ice raids in Los Angeles,1,"Opposes ICE/CBP, enforcement/raids/detention, or institutional cooperation, recruitment, presence, funding, or expansion.",1
immigrant,against illegal detentions by ICE,1,"Opposes ICE/CBP, enforcement/raids/detention, or institutional cooperation, recruitment, presence, funding, or expansion.",1
immigrant,against illegal immigration,0,Opposes immigrants/immigration or pro-immigrant/anti-ICE protesters; opposing direction.,3
immigrant,against immigrant deportation,1,"Opposes deportation or supports protection, due process, or solidarity for people facing deportation.",5
immigrant,against immigrant deportation and family separation,1,"Opposes deportation or supports protection, due process, or solidarity for people facing deportation.",1
immigrant,against immigrant deportations,1,"Opposes deportation or supports protection, due process, or solidarity for people facing deportation.",58
immigrant,against immigrant deportations and ICE raids,1,"Opposes deportation or supports protection, due process, or solidarity for people facing deportation.",3
immigrant,against immigrant deportations and family deportations,1,"Opposes deportation or supports protection, due process, or solidarity for people facing deportation.",2
immigrant,against immigrant deportations and family separation,1,"Opposes deportation or supports protection, due process, or solidarity for people facing deportation.",3
immigrant,against immigrant deportations and family separations,1,"Opposes deportation or supports protection, due process, or solidarity for people facing deportation.",51
immigrant,against immigrant detention,1,"Opposes targeting, mistreatment, exclusion, detention, or immigration enforcement affecting immigrants/migrants.",17
immigrant,against immigrant detention and deportation,1,"Opposes deportation or supports protection, due process, or solidarity for people facing deportation.",1
immigrant,against immigrant detention and deportations,1,"Opposes deportation or supports protection, due process, or solidarity for people facing deportation.",1
immigrant,against immigrant detentions,1,"Opposes targeting, mistreatment, exclusion, detention, or immigration enforcement affecting immigrants/migrants.",2
immigrant,against immigrant enforcement raids,1,"Opposes targeting, mistreatment, exclusion, detention, or immigration enforcement affecting immigrants/migrants.",1
immigrant,against immigrant rights demonstration,0,Opposes immigrants/immigration or pro-immigrant/anti-ICE protesters; opposing direction.,1
immigrant,against immigrants,0,Opposes immigrants/immigration or pro-immigrant/anti-ICE protesters; opposing direction.,1
immigrant,against immigrants' deportation and family separation,1,"Opposes deportation or supports protection, due process, or solidarity for people facing deportation.",9
immigrant,against immigrants' deportations and family separations,1,"Opposes deportation or supports protection, due process, or solidarity for people facing deportation.",1
immigrant,against immigration,0,Opposes immigrants/immigration or pro-immigrant/anti-ICE protesters; opposing direction.,2
immigrant,against immigration arrests/crackdowns,1,"Opposes targeting, mistreatment, exclusion, detention, or immigration enforcement affecting immigrants/migrants.",1
immigrant,against immigration bill,0,Ambiguous or indirect claim: no explicit pro-immigrant protection or opposition to immigration enforcement in this clause.,1
immigrant,against immigration crackdown,1,"Opposes targeting, mistreatment, exclusion, detention, or immigration enforcement affecting immigrants/migrants.",1
immigrant,against immigration deportations,1,"Opposes deportation or supports protection, due process, or solidarity for people facing deportation.",1
immigrant,against immigration detention,1,"Opposes targeting, mistreatment, exclusion, detention, or immigration enforcement affecting immigrants/migrants.",1
immigrant,against immigration detentions,1,"Opposes targeting, mistreatment, exclusion, detention, or immigration enforcement affecting immigrants/migrants.",1
immigrant,against immigration operations,1,"Opposes targeting, mistreatment, exclusion, detention, or immigration enforcement affecting immigrants/migrants.",1
immigrant,against immigration polices enforced by ICE,1,"Opposes ICE/CBP, enforcement/raids/detention, or institutional cooperation, recruitment, presence, funding, or expansion.",2
immigrant,against immigration policies,0,Ambiguous or indirect claim: no explicit pro-immigrant protection or opposition to immigration enforcement in this clause.,1
immigrant,against immigration policies by the Trump administration,0,Ambiguous or indirect claim: no explicit pro-immigrant protection or opposition to immigration enforcement in this clause.,1
immigrant,against immigration raid at Camarillo farm in California,1,"Opposes targeting, mistreatment, exclusion, detention, or immigration enforcement affecting immigrants/migrants.",1
immigrant,against immigration raids,1,"Opposes targeting, mistreatment, exclusion, detention, or immigration enforcement affecting immigrants/migrants.",7
immigrant,against immigration sweeps,1,"Opposes targeting, mistreatment, exclusion, detention, or immigration enforcement affecting immigrants/migrants.",1
immigrant,against immigrations,0,Opposes immigrants/immigration or pro-immigrant/anti-ICE protesters; opposing direction.,2
immigrant,against immmigration raids and deportations in Long Island,1,"Opposes deportation or supports protection, due process, or solidarity for people facing deportation.",1
immigrant,against increasing funding for ICE and law enforcement,1,"Opposes ICE/CBP, enforcement/raids/detention, or institutional cooperation, recruitment, presence, funding, or expansion.",1
immigrant,against inhuman treatment of detainees by ICE,1,"Opposes ICE/CBP, enforcement/raids/detention, or institutional cooperation, recruitment, presence, funding, or expansion.",1
immigrant,against inhumane conditions for migrant detainees in Tacoma Northwest Detention Center,1,"Opposes targeting, mistreatment, exclusion, detention, or immigration enforcement affecting immigrants/migrants.",362
immigrant,against inhumane conditions of immigration centers,1,"Opposes targeting, mistreatment, exclusion, detention, or immigration enforcement affecting immigrants/migrants.",1
immigrant,against inhumane treatement of immigrants at the Chantilly ICE offices,1,"Opposes ICE/CBP, enforcement/raids/detention, or institutional cooperation, recruitment, presence, funding, or expansion.",1
immigrant,against inhumane treatment of detainees by ICE,1,"Opposes ICE/CBP, enforcement/raids/detention, or institutional cooperation, recruitment, presence, funding, or expansion.",121
immigrant,against intimidation of migrant workers by Customs and Border Patrol,1,"Opposes ICE/CBP, enforcement/raids/detention, or institutional cooperation, recruitment, presence, funding, or expansion.",4
immigrant,against legislator that targets immigrants,1,"Opposes targeting, mistreatment, exclusion, detention, or immigration enforcement affecting immigrants/migrants.",1
immigrant,against living conditions at the US ICE facility in Baltimore,1,"Opposes ICE/CBP, enforcement/raids/detention, or institutional cooperation, recruitment, presence, funding, or expansion.",1
immigrant,against local ICE detainment,1,"Opposes ICE/CBP, enforcement/raids/detention, or institutional cooperation, recruitment, presence, funding, or expansion.",1
immigrant,against local authorities assisting federal deportation efforts,1,"Opposes deportation or supports protection, due process, or solidarity for people facing deportation.",1
immigrant,"against local immigration raids and demand ""sanctuary"" protections for workers",1,"Explicitly supports immigrant/migrant rights, legal safeguards, asylum, or protection.",1
immigrant,against local law enforcement's partnership with ICE,1,"Opposes ICE/CBP, enforcement/raids/detention, or institutional cooperation, recruitment, presence, funding, or expansion.",1
immigrant,against local law enforcements compliance with federal immigration agents under President Trump's deportation agenda,1,"Opposes deportation or supports protection, due process, or solidarity for people facing deportation.",1
immigrant,"against local police acting as federal immigration agents, for public safety policies that build trust with immigrant communities, against policies that lead to fear and decreased crime reporting, for maintaining clear distinctions between civil and criminal law enforcement roles, against using county resources for federal immigration enforcement, for ensuring all residents feel safe accessing community services, against measures that discourage school attendance and social participation, for passing state laws that protect immigrant communities, against political stunts that harm public confidence in law enforcement, for policies that respect and honor immigrant contributions",1,"Opposes ICE/CBP, enforcement/raids/detention, or institutional cooperation, recruitment, presence, funding, or expansion.",1
immigrant,against man killed during immigration raid,0,Literal wording opposes a man killed during a raid; cannot infer intended opposition to the killing or raid.,1
immigrant,against mass deportation,1,"Opposes deportation or supports protection, due process, or solidarity for people facing deportation.",7
immigrant,against mass deportation of immigrants,1,"Opposes deportation or supports protection, due process, or solidarity for people facing deportation.",3
immigrant,against mass deportation of immigrants and refugees,1,"Opposes deportation or supports protection, due process, or solidarity for people facing deportation.",1
immigrant,against mass deportations,1,"Opposes deportation or supports protection, due process, or solidarity for people facing deportation.",33
immigrant,"against mass deportations and fear-driven immigration policies, for immigrant rights and family unity, against the targeting of hardworking migrants and racial profiling, for dignity and respect for all individuals regardless of legal status, against ICE raids that instill fear in communities, for due process and legal protections for immigrants, against the criminalization of migration and asylum-seeking, for comprehensive immigration reform and pathways to citizenship, against policies that separate families and undermine community trust, for recognizing immigrants’ contributions to the economy and society, against xenophobia and anti-immigrant rhetoric",1,"Opposes deportation or supports protection, due process, or solidarity for people facing deportation.",1
immigrant,against mass deportations of immigrants,1,"Opposes deportation or supports protection, due process, or solidarity for people facing deportation.",3
immigrant,against mass deportations of students,1,"Opposes deportation or supports protection, due process, or solidarity for people facing deportation.",1
immigrant,"against mass deportations, for immigrant rights, against fear-based immigration policies, for protecting undocumented families, against ICE raids in communities",1,"Opposes deportation or supports protection, due process, or solidarity for people facing deportation.",1
immigrant,against mass immigrant deportations,1,"Opposes deportation or supports protection, due process, or solidarity for people facing deportation.",1
immigrant,against migrant detention and deportations,1,"Opposes deportation or supports protection, due process, or solidarity for people facing deportation.",4
immigrant,against militarization of ICE,1,"Opposes ICE/CBP, enforcement/raids/detention, or institutional cooperation, recruitment, presence, funding, or expansion.",1
immigrant,against military cooperation with ICE kidnappings,1,"Opposes ICE/CBP, enforcement/raids/detention, or institutional cooperation, recruitment, presence, funding, or expansion.",1
immigrant,against mistreatment of ICE detainees,1,"Opposes ICE/CBP, enforcement/raids/detention, or institutional cooperation, recruitment, presence, funding, or expansion.",1
immigrant,against mistreatment of detainees in ICE custody,1,"Opposes ICE/CBP, enforcement/raids/detention, or institutional cooperation, recruitment, presence, funding, or expansion.",3
immigrant,against mistreatment of immigrants,1,"Opposes targeting, mistreatment, exclusion, detention, or immigration enforcement affecting immigrants/migrants.",1
immigrant,against new ICE facility,1,"Opposes ICE/CBP, enforcement/raids/detention, or institutional cooperation, recruitment, presence, funding, or expansion.",1
immigrant,against ongoing Border Patrol operations,1,"Opposes ICE/CBP, enforcement/raids/detention, or institutional cooperation, recruitment, presence, funding, or expansion.",1
immigrant,against oppression of women and queer and trans people and migrants and unhoused people and addicts and prisoners,1,"Opposes targeting, mistreatment, exclusion, detention, or immigration enforcement affecting immigrants/migrants.",1
immigrant,against passing city ordinance 2025-147 and the criminalization of immigrants,1,"Opposes targeting, mistreatment, exclusion, detention, or immigration enforcement affecting immigrants/migrants.",1
immigrant,against permitting Maryland officials from cooperating with ICE,1,"Opposes ICE/CBP, enforcement/raids/detention, or institutional cooperation, recruitment, presence, funding, or expansion.",1
immigrant,against plans to use Federal Corrections Institution in Dublin to hold immigrants detained by ICE,1,"Opposes ICE/CBP, enforcement/raids/detention, or institutional cooperation, recruitment, presence, funding, or expansion.",1
immigrant,against police cooperation with ICE,1,"Opposes ICE/CBP, enforcement/raids/detention, or institutional cooperation, recruitment, presence, funding, or expansion.",1
immigrant,against potential deportations of immigrants in Saint Louis,1,"Opposes deportation or supports protection, due process, or solidarity for people facing deportation.",1
immigrant,against private prison company CoreCivic to house ICE detainees,1,"Opposes ICE/CBP, enforcement/raids/detention, or institutional cooperation, recruitment, presence, funding, or expansion.",1
immigrant,against pro-immigrant rally,0,Opposes immigrants/immigration or pro-immigrant/anti-ICE protesters; opposing direction.,2
immigrant,against pro-immigrants demonstration,0,Opposes immigrants/immigration or pro-immigrant/anti-ICE protesters; opposing direction.,3
immigrant,against pro-immigrants march,0,Opposes immigrants/immigration or pro-immigrant/anti-ICE protesters; opposing direction.,1
immigrant,against proposed ice detention facility at camp blanding,1,"Opposes ICE/CBP, enforcement/raids/detention, or institutional cooperation, recruitment, presence, funding, or expansion.",3
immigrant,against protest about Penn State University's ties to ICE,0,Opposes a protest about university ties to ICE; does not oppose those ties or ICE itself.,1
immigrant,against racial profiling by ICE,1,"Opposes ICE/CBP, enforcement/raids/detention, or institutional cooperation, recruitment, presence, funding, or expansion.",1
immigrant,against racist attacks on immigrants,1,"Opposes targeting, mistreatment, exclusion, detention, or immigration enforcement affecting immigrants/migrants.",1
immigrant,against recent ICE arrests,1,"Opposes ICE/CBP, enforcement/raids/detention, or institutional cooperation, recruitment, presence, funding, or expansion.",1
immigrant,"against recent ICE raids occurring across the country, including one that directly impacted a local family at New Heaven",1,"Opposes ICE/CBP, enforcement/raids/detention, or institutional cooperation, recruitment, presence, funding, or expansion.",1
immigrant,against requiring school districts to collect a student’s immigration status,1,"Opposes targeting, mistreatment, exclusion, detention, or immigration enforcement affecting immigrants/migrants.",1
immigrant,against retaliation against teacher Alondra Garcia for providing information about legal services available to families potentially facing deportation,1,"Opposes deportation or supports protection, due process, or solidarity for people facing deportation.",1
immigrant,against revoking the legal asylum under Temporary Protected Status of Luis Juarez,1,"Explicitly supports immigrant/migrant rights, legal safeguards, asylum, or protection.",1
immigrant,against secretary Noem’s visit which is viewed as a political show to stoke fear and promote harsh immigration enforcement,1,"Opposes ICE/CBP, enforcement/raids/detention, or institutional cooperation, recruitment, presence, funding, or expansion.",1
immigrant,against secretive operations conducted by ICE at the Burlington Airport,1,"Opposes ICE/CBP, enforcement/raids/detention, or institutional cooperation, recruitment, presence, funding, or expansion.",1
immigrant,against state and local government cooperating with ICE,1,"Opposes ICE/CBP, enforcement/raids/detention, or institutional cooperation, recruitment, presence, funding, or expansion.",1
immigrant,against state legislation that would incentivize enforcing federal immigration laws and create criminal penalties for officials who adopt sanctuary policies and require their removal from office upon conviction,1,"Opposes targeting, mistreatment, exclusion, detention, or immigration enforcement affecting immigrants/migrants.",1
immigrant,against state senator Jessica de la Cruz's support for President Trump's immigrant deportations,1,"Opposes deportation or supports protection, due process, or solidarity for people facing deportation.",1
immigrant,against state sharing of Department of Licensing (DOL) data with Immigration and Customs Enforcement (ICE),1,"Opposes ICE/CBP, enforcement/raids/detention, or institutional cooperation, recruitment, presence, funding, or expansion.",1
immigrant,against systemic injustices within the criminal justice and immigration systems,1,"Opposes targeting, mistreatment, exclusion, detention, or immigration enforcement affecting immigrants/migrants.",1
immigrant,"against targeting immigrant families, profiling, arresting and detaining people without warrants",1,"Opposes targeting, mistreatment, exclusion, detention, or immigration enforcement affecting immigrants/migrants.",2565
immigrant,against targeting international students at U.S. colleges for deportation,1,"Opposes deportation or supports protection, due process, or solidarity for people facing deportation.",1
immigrant,"against the ""aggressive"" ICE arrest of Omar Ramos Jimenez, a well-known local activist and father who was detained earlier that week",1,"Opposes ICE/CBP, enforcement/raids/detention, or institutional cooperation, recruitment, presence, funding, or expansion.",1
immigrant,against the 287(g) program which allows Loudoun County police in Virginia to detain individuals in custody for up to 48 hours giving ICE a change to pick them up,1,"Opposes ICE/CBP, enforcement/raids/detention, or institutional cooperation, recruitment, presence, funding, or expansion.",1
immigrant,against the Chatham County Police Department working with ICE agent,1,"Opposes ICE/CBP, enforcement/raids/detention, or institutional cooperation, recruitment, presence, funding, or expansion.",1
immigrant,against the Chicago Police Department working with ICE agents,1,"Opposes ICE/CBP, enforcement/raids/detention, or institutional cooperation, recruitment, presence, funding, or expansion.",1
immigrant,against the City of Portland's decision to grant a building permit for a US Immigration and Customs Enforcement building,1,"Opposes targeting, mistreatment, exclusion, detention, or immigration enforcement affecting immigrants/migrants.",1
immigrant,against the Cornhusker Clink Immigration Detention Center,1,"Opposes targeting, mistreatment, exclusion, detention, or immigration enforcement affecting immigrants/migrants.",1
immigrant,against the Florida appeal of in-state tuition rights for undocumented immigrants,1,"Explicitly supports immigrant/migrant rights, legal safeguards, asylum, or protection.",1
immigrant,against the Hyatt Place for operating with and housing ICE agents,1,"Opposes ICE/CBP, enforcement/raids/detention, or institutional cooperation, recruitment, presence, funding, or expansion.",1
immigrant,against the ICE and Tennessee Highway Patrol raids of undocumented immigrants,1,"Opposes ICE/CBP, enforcement/raids/detention, or institutional cooperation, recruitment, presence, funding, or expansion.",1
immigrant,"against the ICE arrest of Jorge González Ochoa, a member of Escucha Mi Voz Iowa",1,"Opposes ICE/CBP, enforcement/raids/detention, or institutional cooperation, recruitment, presence, funding, or expansion.",1
immigrant,against the ICE arrest of a Jovita Idar Elementary School parent,1,"Opposes ICE/CBP, enforcement/raids/detention, or institutional cooperation, recruitment, presence, funding, or expansion.",1
immigrant,against the ICE detainment of Detroit Public Schools Community District student Maykol Bogoya-Duarte,1,"Opposes ICE/CBP, enforcement/raids/detention, or institutional cooperation, recruitment, presence, funding, or expansion.",1
immigrant,against the ICE detention of Imam Ayman Soleman,1,"Opposes ICE/CBP, enforcement/raids/detention, or institutional cooperation, recruitment, presence, funding, or expansion.",1
immigrant,against the ICE raid in a south Omaha plant earlier that day,1,"Opposes ICE/CBP, enforcement/raids/detention, or institutional cooperation, recruitment, presence, funding, or expansion.",1
immigrant,against the ICE raid on Elegante Restaurant and Pizzeria in Honesdale,1,"Opposes ICE/CBP, enforcement/raids/detention, or institutional cooperation, recruitment, presence, funding, or expansion.",1
immigrant,against the ICE raids and lack of due process for immigrants,1,"Opposes ICE/CBP, enforcement/raids/detention, or institutional cooperation, recruitment, presence, funding, or expansion.",1
immigrant,against the ICE's increased presence in Norristown,1,"Opposes ICE/CBP, enforcement/raids/detention, or institutional cooperation, recruitment, presence, funding, or expansion.",1
immigrant,against the ICE's presence in Ithaca,1,"Opposes ICE/CBP, enforcement/raids/detention, or institutional cooperation, recruitment, presence, funding, or expansion.",1
immigrant,against the Los Angeles Police Department arresting anti-ICE protesters,0,"Opposes repression/arrest/discipline of protesters or officials; ICE/immigration is context, without an explicit immigrant-protection or anti-enforcement claim.",1
immigrant,against the NDCS partnership with ICE,1,"Opposes ICE/CBP, enforcement/raids/detention, or institutional cooperation, recruitment, presence, funding, or expansion.",1
immigrant,against the SCOTUS ruling that allows ICE to conduct “roving patrols” and gives ICE the green light to legally use racial profiling in practices,1,"Opposes ICE/CBP, enforcement/raids/detention, or institutional cooperation, recruitment, presence, funding, or expansion.",1
immigrant,against the Santa Fe College Board's agreement with ICE to allow Santa Fe police to act as immigration officers,1,"Opposes ICE/CBP, enforcement/raids/detention, or institutional cooperation, recruitment, presence, funding, or expansion.",1
immigrant,against the Speedway Slammer migrant detention facility,1,"Opposes targeting, mistreatment, exclusion, detention, or immigration enforcement affecting immigrants/migrants.",1
immigrant,against the Trump Administration's efforts to deport Columbia student Yunseo Chung for her Pro-Palestinian speech,1,"Opposes deportation or supports protection, due process, or solidarity for people facing deportation.",1
immigrant,against the Trump administration immigration policies,0,Ambiguous/indirect immigration or ICE reference without explicit immigrant protection or opposition to enforcement.,1
immigrant,"against the Trump administration's decision to end Temporary Protected Status for immigrants from Honduras, Nicaragua, and Nepal",1,"Explicitly supports immigrant/migrant rights, legal safeguards, asylum, or protection.",1
immigrant,against the Trump administration's deportation agenda,1,"Opposes deportation or supports protection, due process, or solidarity for people facing deportation.",1
immigrant,against the Trump administration's deportation policies,1,"Opposes deportation or supports protection, due process, or solidarity for people facing deportation.",3
immigrant,against the Trump administration's deportation policy,1,"Opposes deportation or supports protection, due process, or solidarity for people facing deportation.",1
immigrant,against the Trump administration's deportations,1,"Opposes deportation or supports protection, due process, or solidarity for people facing deportation.",2
immigrant,"against the Trump administration's efforts to revoke Temporary Protected Status for immigrants from Nepal, Honduras, and Nicaragua",1,"Explicitly supports immigrant/migrant rights, legal safeguards, asylum, or protection.",1
immigrant,against the Trump administration's immigrant policies and practicies,0,Ambiguous/indirect immigration or ICE reference without explicit immigrant protection or opposition to enforcement.,1
immigrant,against the Trump administration's immigration policies,0,Ambiguous/indirect immigration or ICE reference without explicit immigrant protection or opposition to enforcement.,7
immigrant,against the Trump administration's immigration policy,0,Ambiguous/indirect immigration or ICE reference without explicit immigrant protection or opposition to enforcement.,2
immigrant,against the Trump administration's latest tactic to expedite deportations for migrants whose cases have been dismissed,1,"Opposes deportation or supports protection, due process, or solidarity for people facing deportation.",1
immigrant,against the Trump administration's policies against lawful protest and immigration,1,"Opposes targeting, mistreatment, exclusion, detention, or immigration enforcement affecting immigrants/migrants.",1
immigrant,against the Trump administrations crackdown on immigration,1,"Opposes targeting, mistreatment, exclusion, detention, or immigration enforcement affecting immigrants/migrants.",1
immigrant,against the Trump administrations immigration policies,0,Ambiguous/indirect immigration or ICE reference without explicit immigrant protection or opposition to enforcement.,1
immigrant,"against the Trump administrations policies including national immigration crackdowns, ICE, democracy, due process, and corruption",1,"Opposes ICE/CBP, enforcement/raids/detention, or institutional cooperation, recruitment, presence, funding, or expansion.",1
immigrant,against the Trump administrations's use of deportations and visa revocations,1,"Opposes deportation or supports protection, due process, or solidarity for people facing deportation.",1
immigrant,against the Trump administration’s actions against schools and immigrants,1,"Opposes targeting, mistreatment, exclusion, detention, or immigration enforcement affecting immigrants/migrants.",1
immigrant,against the Trump administration’s current immigration policies,0,Ambiguous/indirect immigration or ICE reference without explicit immigrant protection or opposition to enforcement.,1
immigrant,against the Trump adminstration immigration policies,0,Ambiguous/indirect immigration or ICE reference without explicit immigrant protection or opposition to enforcement.,1
immigrant,against the Trump adminstration's immigration policies,0,Ambiguous/indirect immigration or ICE reference without explicit immigrant protection or opposition to enforcement.,22
immigrant,against the Trump adminstration's mass deportation agenda,1,"Opposes deportation or supports protection, due process, or solidarity for people facing deportation.",1
immigrant,against the Trump-Vance mass deportation agena,1,"Opposes deportation or supports protection, due process, or solidarity for people facing deportation.",1
immigrant,against the Trunp adminstrations immigration policies,0,Ambiguous/indirect immigration or ICE reference without explicit immigrant protection or opposition to enforcement.,1
immigrant,against the US immigration system,0,Ambiguous/indirect immigration or ICE reference without explicit immigrant protection or opposition to enforcement.,1
immigrant,against the University of North Florida's police department joining an ICE task force,1,"Opposes ICE/CBP, enforcement/raids/detention, or institutional cooperation, recruitment, presence, funding, or expansion.",1
immigrant,against the Work Ethic Camp's transition to an ICE detention facility,1,"Opposes ICE/CBP, enforcement/raids/detention, or institutional cooperation, recruitment, presence, funding, or expansion.",1
immigrant,against the abduction of international students by ICE,1,"Opposes ICE/CBP, enforcement/raids/detention, or institutional cooperation, recruitment, presence, funding, or expansion.",1
immigrant,"against the administration's ""Operation Midway Blitz"" mass deportation effort",1,"Opposes deportation or supports protection, due process, or solidarity for people facing deportation.",1
immigrant,against the administration's recent executive orders and federal immigration raids,1,"Opposes targeting, mistreatment, exclusion, detention, or immigration enforcement affecting immigrants/migrants.",1
immigrant,against the alleged political coercion of New York Mayor Eric Adams regarding deportations,0,Ambiguous/indirect immigration or ICE reference without explicit immigrant protection or opposition to enforcement.,1
immigrant,against the allowance of ICE on University of Texas- Austin campus,1,"Opposes ICE/CBP, enforcement/raids/detention, or institutional cooperation, recruitment, presence, funding, or expansion.",1
immigrant,against the arrest and deportation of Mahmoud Khalil,1,"Opposes deportation or supports protection, due process, or solidarity for people facing deportation.",1
immigrant,against the arrest and political persecution of US Representative LaMonica McIver for interfering with ICE raids,0,"Opposes repression/arrest/discipline of protesters or officials; ICE/immigration is context, without an explicit immigrant-protection or anti-enforcement claim.",1
immigrant,against the arrest by ICE of 475 immigrant workers at the under-construction Hyundai plant,1,"Opposes ICE/CBP, enforcement/raids/detention, or institutional cooperation, recruitment, presence, funding, or expansion.",1
immigrant,against the arrest by ICE of David Huerta,1,"Opposes ICE/CBP, enforcement/raids/detention, or institutional cooperation, recruitment, presence, funding, or expansion.",1
immigrant,against the arrest by ICE of immigrant employees of Lynne-Ette & Sons Inc farm earlier in May,1,"Opposes ICE/CBP, enforcement/raids/detention, or institutional cooperation, recruitment, presence, funding, or expansion.",2
immigrant,against the arrest by ICE of local community members,1,"Opposes ICE/CBP, enforcement/raids/detention, or institutional cooperation, recruitment, presence, funding, or expansion.",1
immigrant,against the arrest of Alejandro Orellana for his participation in protesting ICE raids,0,"Opposes repression/arrest/discipline of protesters or officials; ICE/immigration is context, without an explicit immigrant-protection or anti-enforcement claim.",4
immigrant,against the arrest of CSU Channel Islands professor Caravello during an immigration protest,0,"Opposes repression/arrest/discipline of protesters or officials; ICE/immigration is context, without an explicit immigrant-protection or anti-enforcement claim.",1
immigrant,against the arrest of Jeanette Vizguerra by ICE,1,"Opposes ICE/CBP, enforcement/raids/detention, or institutional cooperation, recruitment, presence, funding, or expansion.",1
immigrant,against the arrest of Marlon Ivan Mendez by ICE,1,"Opposes ICE/CBP, enforcement/raids/detention, or institutional cooperation, recruitment, presence, funding, or expansion.",1
immigrant,against the arrest of a congresswoman outside an ICE detention facility,0,"Opposes repression/arrest/discipline of protesters or officials; ICE/immigration is context, without an explicit immigrant-protection or anti-enforcement claim.",1
immigrant,against the arrest of a fellow student by ICE,1,"Opposes ICE/CBP, enforcement/raids/detention, or institutional cooperation, recruitment, presence, funding, or expansion.",1
immigrant,against the arrest of immigrant student Marcelo Gomes by ICE,1,"Opposes ICE/CBP, enforcement/raids/detention, or institutional cooperation, recruitment, presence, funding, or expansion.",2
immigrant,against the arrest of immigrants without criminal records,1,"Opposes targeting, mistreatment, exclusion, detention, or immigration enforcement affecting immigrants/migrants.",1
immigrant,against the arrest of several migrant workers by ICE,1,"Opposes ICE/CBP, enforcement/raids/detention, or institutional cooperation, recruitment, presence, funding, or expansion.",1
immigrant,against the arrest of six peaceful anti-ICE activists on June 14th by Modesto Police Department,0,"Opposes repression/arrest/discipline of protesters or officials; ICE/immigration is context, without an explicit immigrant-protection or anti-enforcement claim.",1
immigrant,against the arrests of individuals who go to the Eugene Federal Building for immigration check-ins,1,"Opposes targeting, mistreatment, exclusion, detention, or immigration enforcement affecting immigrants/migrants.",1
immigrant,against the arrests of restaurant owners by ICE,1,"Opposes ICE/CBP, enforcement/raids/detention, or institutional cooperation, recruitment, presence, funding, or expansion.",1
immigrant,against the city council's resolution to help with immigration enforcement,1,"Opposes ICE/CBP, enforcement/raids/detention, or institutional cooperation, recruitment, presence, funding, or expansion.",1
immigrant,against the collaboration of Avelo Airlines with the Department of Homeland Security with their deportations,1,"Opposes deportation or supports protection, due process, or solidarity for people facing deportation.",1
immigrant,"against the construction of a new ICE detention center dubbed ""Alligator Alcatraz",1,"Opposes ICE/CBP, enforcement/raids/detention, or institutional cooperation, recruitment, presence, funding, or expansion.",1
immigrant,"against the construction of a new ICE detention center dubbed the ""Alligator Alcatraz""",1,"Opposes ICE/CBP, enforcement/raids/detention, or institutional cooperation, recruitment, presence, funding, or expansion.",1
immigrant,"against the construction of a new ICE detention center in Florida dubbed ""Alligator Alcatraz",1,"Opposes ICE/CBP, enforcement/raids/detention, or institutional cooperation, recruitment, presence, funding, or expansion.",3
immigrant,against the construction of a new ICE detention center in Newark,1,"Opposes ICE/CBP, enforcement/raids/detention, or institutional cooperation, recruitment, presence, funding, or expansion.",1
immigrant,against the construction of a new ICE facility,1,"Opposes ICE/CBP, enforcement/raids/detention, or institutional cooperation, recruitment, presence, funding, or expansion.",1
immigrant,against the construction of a proposed immigrant detention center in the Florida Everglades,1,"Opposes targeting, mistreatment, exclusion, detention, or immigration enforcement affecting immigrants/migrants.",1
immigrant,against the conversion of Huerfano Correctional Facility to a potential ICE detention center,1,"Opposes ICE/CBP, enforcement/raids/detention, or institutional cooperation, recruitment, presence, funding, or expansion.",1
immigrant,against the cooperation between Tulsa County Sherrif's Office and federal immigration officials,1,"Opposes targeting, mistreatment, exclusion, detention, or immigration enforcement affecting immigrants/migrants.",1
immigrant,"against the creation of an ICE detention facility in Newport, OR",1,"Opposes ICE/CBP, enforcement/raids/detention, or institutional cooperation, recruitment, presence, funding, or expansion.",1
immigrant,against the cruel and chaotic tactics used by ICE,1,"Opposes ICE/CBP, enforcement/raids/detention, or institutional cooperation, recruitment, presence, funding, or expansion.",1
immigrant,against the deployement of the national guard to assist in ICE opertations,1,"Opposes ICE/CBP, enforcement/raids/detention, or institutional cooperation, recruitment, presence, funding, or expansion.",1
immigrant,against the deployment of ICE FBI and U.S. military,1,"Opposes ICE/CBP, enforcement/raids/detention, or institutional cooperation, recruitment, presence, funding, or expansion.",1
immigrant,against the deployment of ICE and federal forces to Chicago,1,"Opposes ICE/CBP, enforcement/raids/detention, or institutional cooperation, recruitment, presence, funding, or expansion.",1
immigrant,against the deporatation of immigrants,1,"Opposes targeting, mistreatment, exclusion, detention, or immigration enforcement affecting immigrants/migrants.",1
immigrant,against the deportation of Dr. Rasha Alawieh,1,"Opposes deportation or supports protection, due process, or solidarity for people facing deportation.",1
immigrant,against the deportation of Jeanette Vizguerra,1,"Opposes deportation or supports protection, due process, or solidarity for people facing deportation.",41
immigrant,against the deportation of Kilmar Abrego Garcia,1,"Opposes deportation or supports protection, due process, or solidarity for people facing deportation.",1
immigrant,against the deportation of Pascual Pedro,1,"Opposes deportation or supports protection, due process, or solidarity for people facing deportation.",1
immigrant,against the deportation of Rasha Alawieh,1,"Opposes deportation or supports protection, due process, or solidarity for people facing deportation.",1
immigrant,against the deportation of immigrants,1,"Opposes deportation or supports protection, due process, or solidarity for people facing deportation.",2
immigrant,against the deportation of students,1,"Opposes deportation or supports protection, due process, or solidarity for people facing deportation.",1
immigrant,against the detention and arrest of Ruperto Vicens Marquez by ICE,1,"Opposes ICE/CBP, enforcement/raids/detention, or institutional cooperation, recruitment, presence, funding, or expansion.",1
immigrant,against the detention and deportation of Mahmoud Khalil,1,"Opposes deportation or supports protection, due process, or solidarity for people facing deportation.",42
immigrant,against the detention and deportation of immigrants,1,"Opposes deportation or supports protection, due process, or solidarity for people facing deportation.",4
immigrant,against the detention and deportation of mahmoud khalil,1,"Opposes deportation or supports protection, due process, or solidarity for people facing deportation.",4
immigrant,against the detention and re-deportation of Kilmar Abrego Garcia,1,"Opposes deportation or supports protection, due process, or solidarity for people facing deportation.",1
immigrant,against the detention and threatened deportation of Kilmar Abrego García,1,"Opposes deportation or supports protection, due process, or solidarity for people facing deportation.",1
immigrant,against the detention of David Huerta by ICE,1,"Opposes ICE/CBP, enforcement/raids/detention, or institutional cooperation, recruitment, presence, funding, or expansion.",2
immigrant,against the detention of Syracuse Residents by ICE,1,"Opposes ICE/CBP, enforcement/raids/detention, or institutional cooperation, recruitment, presence, funding, or expansion.",1
immigrant,against the detention of immigrants,1,"Opposes targeting, mistreatment, exclusion, detention, or immigration enforcement affecting immigrants/migrants.",2
immigrant,against the economic and social impacts of increased federal immigration enforcement,1,"Opposes ICE/CBP, enforcement/raids/detention, or institutional cooperation, recruitment, presence, funding, or expansion.",1
immigrant,against the escalation of immigration enforcement,1,"Opposes ICE/CBP, enforcement/raids/detention, or institutional cooperation, recruitment, presence, funding, or expansion.",1
immigrant,against the establishment of possible ICE facility in Pflugerville,1,"Opposes ICE/CBP, enforcement/raids/detention, or institutional cooperation, recruitment, presence, funding, or expansion.",1
immigrant,against the expansion of Folkston ICE processing center,1,"Opposes ICE/CBP, enforcement/raids/detention, or institutional cooperation, recruitment, presence, funding, or expansion.",1
immigrant,against the expansion of funding for ICE,1,"Opposes ICE/CBP, enforcement/raids/detention, or institutional cooperation, recruitment, presence, funding, or expansion.",1
immigrant,against the fear caused by recent ICE actions and threats to revoke Temporary Protected Status (TPS),1,"Opposes ICE/CBP, enforcement/raids/detention, or institutional cooperation, recruitment, presence, funding, or expansion.",1
immigrant,against the federal government's plan to convert Camp Atterbury into a detention center for undocumented immigrants,1,"Opposes targeting, mistreatment, exclusion, detention, or immigration enforcement affecting immigrants/migrants.",1
immigrant,against the illegal deportation of Kilmar Garcia,1,"Opposes deportation or supports protection, due process, or solidarity for people facing deportation.",1
immigrant,against the illegal detainment and deportation of immigrants without due process,1,"Opposes deportation or supports protection, due process, or solidarity for people facing deportation.",1
immigrant,against the immigration policies of the Trump administration,0,Unspecified immigration-policy opposition does not state supportive direction; same rule as other unspecified policy clauses.,1
immigrant,against the immigration raids in LA,1,"Opposes targeting, mistreatment, exclusion, detention, or immigration enforcement affecting immigrants/migrants.",1
immigrant,against the indictment of Congresswoman LaMonica McIver by US Attorney Alina Habba for allegedly assaulting an ICE officer during a protest at Delaney Hall (an ICE detention center),0,"Opposes repression/arrest/discipline of protesters or officials; ICE/immigration is context, without an explicit immigrant-protection or anti-enforcement claim.",1
immigrant,against the intrusion of ICE,1,"Opposes ICE/CBP, enforcement/raids/detention, or institutional cooperation, recruitment, presence, funding, or expansion.",1
immigrant,against the killing of Silverio Villegas-Gonzalez by ICE agents,1,"Opposes ICE/CBP, enforcement/raids/detention, or institutional cooperation, recruitment, presence, funding, or expansion.",1
immigrant,against the large ICE raids in San Antonio,1,"Opposes ICE/CBP, enforcement/raids/detention, or institutional cooperation, recruitment, presence, funding, or expansion.",1
immigrant,against the location of a proposed men's migrant shelter,0,Ambiguous/indirect immigration or ICE reference without explicit immigrant protection or opposition to enforcement.,1
immigrant,against the mass deportation of immigrants,1,"Opposes deportation or supports protection, due process, or solidarity for people facing deportation.",2
immigrant,against the mistreatment of ICE detainees,1,"Opposes ICE/CBP, enforcement/raids/detention, or institutional cooperation, recruitment, presence, funding, or expansion.",1
immigrant,against the moving of Milwaukee U.S. Immigrations and Customs facility to a larger building,1,"Opposes targeting, mistreatment, exclusion, detention, or immigration enforcement affecting immigrants/migrants.",1
immigrant,against the opening of California's largest ICE detention center in California City,1,"Opposes ICE/CBP, enforcement/raids/detention, or institutional cooperation, recruitment, presence, funding, or expansion.",1
immigrant,against the opening of a local ICE detention facility,1,"Opposes ICE/CBP, enforcement/raids/detention, or institutional cooperation, recruitment, presence, funding, or expansion.",1
immigrant,against the opening of a migrant detention center by CoreCivic,1,"Opposes targeting, mistreatment, exclusion, detention, or immigration enforcement affecting immigrants/migrants.",1
immigrant,against the opening of a proposed local ICE detention facility,1,"Opposes ICE/CBP, enforcement/raids/detention, or institutional cooperation, recruitment, presence, funding, or expansion.",1
immigrant,"against the opening of the migrant shelter in the Bronx, against Democratic leadership's handling of migrant shelter and community resource allocation",0,"Supports ICE/deportation/stronger enforcement, or opposes migrant shelter; opposing direction.",1
immigrant,against the persecution of the immigrants,1,"Opposes targeting, mistreatment, exclusion, detention, or immigration enforcement affecting immigrants/migrants.",1
immigrant,against the planned deportation of an ill Filipino detainee (Greg “Kuya G” Osorio) from the Northwest ICE Processing Center,1,"Opposes deportation or supports protection, due process, or solidarity for people facing deportation.",1
immigrant,against the possibility of an immigration crackdown in the Bay Area,1,"Opposes targeting, mistreatment, exclusion, detention, or immigration enforcement affecting immigrants/migrants.",1
immigrant,against the potential $25 million ICE partnership with Dallas PD,1,"Opposes ICE/CBP, enforcement/raids/detention, or institutional cooperation, recruitment, presence, funding, or expansion.",1
immigrant,against the potential deployment of the National Guard and ICE in Chicago,1,"Opposes ICE/CBP, enforcement/raids/detention, or institutional cooperation, recruitment, presence, funding, or expansion.",1
immigrant,against the prescence of ICE,1,"Opposes ICE/CBP, enforcement/raids/detention, or institutional cooperation, recruitment, presence, funding, or expansion.",1
immigrant,against the presence of ICE agents in or near healthcare facilities,1,"Opposes ICE/CBP, enforcement/raids/detention, or institutional cooperation, recruitment, presence, funding, or expansion.",1
immigrant,against the presence of ICE at the Naval Station Great Lakes and in the Chicago are,1,"Opposes ICE/CBP, enforcement/raids/detention, or institutional cooperation, recruitment, presence, funding, or expansion.",1
immigrant,against the presence of ICE on college campuses,1,"Opposes ICE/CBP, enforcement/raids/detention, or institutional cooperation, recruitment, presence, funding, or expansion.",1
immigrant,against the presence of immigration enforcement officers in LA,1,"Opposes ICE/CBP, enforcement/raids/detention, or institutional cooperation, recruitment, presence, funding, or expansion.",171
immigrant,against the presence of immigration enforcement officers in Little Rock,1,"Opposes ICE/CBP, enforcement/raids/detention, or institutional cooperation, recruitment, presence, funding, or expansion.",15
immigrant,against the presence/expansion of the ICE facility,1,"Opposes ICE/CBP, enforcement/raids/detention, or institutional cooperation, recruitment, presence, funding, or expansion.",1
immigrant,against the proliferation of ICE activities in Washington state,1,"Opposes ICE/CBP, enforcement/raids/detention, or institutional cooperation, recruitment, presence, funding, or expansion.",2
immigrant,against the proposal to reopen Dublin prison as ICE detention center,1,"Opposes ICE/CBP, enforcement/raids/detention, or institutional cooperation, recruitment, presence, funding, or expansion.",1
immigrant,against the proposed construction of a fence around the Cedar Rapids ICE building,1,"Opposes ICE/CBP, enforcement/raids/detention, or institutional cooperation, recruitment, presence, funding, or expansion.",1
immigrant,against the raids and deportations by ICE,1,"Opposes deportation or supports protection, due process, or solidarity for people facing deportation.",1
immigrant,"against the re-opening of a federal prison in Dublin, CA for use as an ICE detention facility",1,"Opposes ICE/CBP, enforcement/raids/detention, or institutional cooperation, recruitment, presence, funding, or expansion.",1
immigrant,against the recent ICE arrest of Jediael Amaya Sanchez,1,"Opposes ICE/CBP, enforcement/raids/detention, or institutional cooperation, recruitment, presence, funding, or expansion.",1
immigrant,against the recent detainment of 78 undocumented migrants in Fresno and Kern counties,1,"Opposes targeting, mistreatment, exclusion, detention, or immigration enforcement affecting immigrants/migrants.",1
immigrant,against the recruitment of new ICE agents,1,"Opposes ICE/CBP, enforcement/raids/detention, or institutional cooperation, recruitment, presence, funding, or expansion.",2
immigrant,against the removal of adult undocumented immigrants from Minnesota's healthcare program,1,"Opposes targeting, mistreatment, exclusion, detention, or immigration enforcement affecting immigrants/migrants.",1
immigrant,against the reopening of Prairie Correctional Facility as an ICE detention center,1,"Opposes ICE/CBP, enforcement/raids/detention, or institutional cooperation, recruitment, presence, funding, or expansion.",1
immigrant,against the suspension of 45 students who walked out of Northside High School in protest of mass deportation efforts,0,"Opposes repression/arrest/discipline of protesters or officials; ICE/immigration is context, without an explicit immigrant-protection or anti-enforcement claim.",1
immigrant,against the targeting of Black and Brown neighbors for deportation,1,"Opposes deportation or supports protection, due process, or solidarity for people facing deportation.",1
immigrant,against the targeting of immigrant communities in Oregon,1,"Opposes targeting, mistreatment, exclusion, detention, or immigration enforcement affecting immigrants/migrants.",1
immigrant,against the treatment of immigrants,1,"Opposes targeting, mistreatment, exclusion, detention, or immigration enforcement affecting immigrants/migrants.",1
immigrant,against the trump administrations immigration policies,0,Ambiguous/indirect immigration or ICE reference without explicit immigrant protection or opposition to enforcement.,1
immigrant,against the university and the police department cooperating with ICE,1,"Opposes ICE/CBP, enforcement/raids/detention, or institutional cooperation, recruitment, presence, funding, or expansion.",1
immigrant,against the unlawful deportation of Kilmar Abrego Garcia,1,"Opposes deportation or supports protection, due process, or solidarity for people facing deportation.",1
immigrant,against the use of Homeland Security Grant funds for upgrades at the Washoe County jail intended for ICE,1,"Opposes ICE/CBP, enforcement/raids/detention, or institutional cooperation, recruitment, presence, funding, or expansion.",1
immigrant,against the use of force by police to disperse anti-ICE protests in Los Angeles,0,"Opposes repression/arrest/discipline of protesters or officials; ICE/immigration is context, without an explicit immigrant-protection or anti-enforcement claim.",1
immigrant,against the violent arrest of a pregnant woman by ICE agents,1,"Opposes ICE/CBP, enforcement/raids/detention, or institutional cooperation, recruitment, presence, funding, or expansion.",1
immigrant,against their sherriff precinct cooperating with ICE,1,"Opposes ICE/CBP, enforcement/raids/detention, or institutional cooperation, recruitment, presence, funding, or expansion.",1
immigrant,against threats of enhanced ICE raids,1,"Opposes ICE/CBP, enforcement/raids/detention, or institutional cooperation, recruitment, presence, funding, or expansion.",1
immigrant,against threats to deport American citizens,1,"Opposes deportation or supports protection, due process, or solidarity for people facing deportation.",2151
immigrant,against threats to healthcare immigrants and research,1,"Opposes targeting, mistreatment, exclusion, detention, or immigration enforcement affecting immigrants/migrants.",1
immigrant,against transfer of Sergio Hechacarria to ICE custody,1,"Opposes ICE/CBP, enforcement/raids/detention, or institutional cooperation, recruitment, presence, funding, or expansion.",1
immigrant,against troop and ICE presence in US cities,1,"Opposes ICE/CBP, enforcement/raids/detention, or institutional cooperation, recruitment, presence, funding, or expansion.",1
immigrant,against unexpected check-ins by ICE on immigrant families,1,"Opposes ICE/CBP, enforcement/raids/detention, or institutional cooperation, recruitment, presence, funding, or expansion.",1
immigrant,"against unfair labor practices at Lamell Lumber, for fair wages and improved housing for immigrant workers, against employer retaliation for wage demands, for workplace dignity and safety, against threats of eviction tied to employment, for holding employers accountable to fair labor standards, against unilateral pay cuts imposed on workers, for collective bargaining rights, against workplace intimidation tactics",1,"Explicitly supports immigrant/migrant rights, legal safeguards, asylum, or protection.",1
immigrant,against university police working with ICE,1,"Opposes ICE/CBP, enforcement/raids/detention, or institutional cooperation, recruitment, presence, funding, or expansion.",1
immigrant,against unlawful ICE operations,1,"Opposes ICE/CBP, enforcement/raids/detention, or institutional cooperation, recruitment, presence, funding, or expansion.",2
immigrant,against unprecedented and unabashed deportations,1,"Opposes deportation or supports protection, due process, or solidarity for people facing deportation.",1
immigrant,"against using county resources, time, or money to assist ICE including refusal of notification request compliance",1,"Opposes ICE/CBP, enforcement/raids/detention, or institutional cooperation, recruitment, presence, funding, or expansion.",1
immigrant,against veteran deportations,1,"Opposes deportation or supports protection, due process, or solidarity for people facing deportation.",1
immigrant,against violent ICE attacks in Saint Paul on November 18,1,"Opposes ICE/CBP, enforcement/raids/detention, or institutional cooperation, recruitment, presence, funding, or expansion.",1
immigrant,against weaponization of ICE against immigrant communities,1,"Opposes ICE/CBP, enforcement/raids/detention, or institutional cooperation, recruitment, presence, funding, or expansion.",425
immigrant,againt deportations,1,"Opposes deportation or supports protection, due process, or solidarity for people facing deportation.",1
immigrant,againt the detention and deportation of mahmoud khalil,1,"Opposes deportation or supports protection, due process, or solidarity for people facing deportation.",1
immigrant,againts ICE,1,"Opposes ICE/CBP, enforcement/raids/detention, or institutional cooperation, recruitment, presence, funding, or expansion.",1
immigrant,againts ICE raids in Catawba and Caldwell counties,1,"Opposes ICE/CBP, enforcement/raids/detention, or institutional cooperation, recruitment, presence, funding, or expansion.",1
immigrant,agaisnt deportations,1,"Opposes deportation or supports protection, due process, or solidarity for people facing deportation.",1
immigrant,agsints ICE raid,1,"Opposes ICE/CBP, enforcement/raids/detention, or institutional cooperation, recruitment, presence, funding, or expansion.",1
immigrant,criticizing ICE version of events,0,Disputes ICE account of unspecified events; does not explicitly oppose ICE or enforcement or state immigrant protections.,1
immigrant,criticizing Trump administration immigration polices,0,Ambiguous/indirect immigration or ICE reference without explicit immigrant protection or opposition to enforcement.,1
immigrant,deportation tactics,0,Names deportation tactics without stating a position.,1
immigrant,for  promoting tougher immigration enforcement including expanding the 287(g) program and funding more ICE agents,0,"Supports ICE/deportation/stronger enforcement, or opposes migrant shelter; opposing direction.",1
immigrant,for  protection for immigrant communities and human rights.,1,"Explicitly supports immigrant/migrant rights, legal safeguards, asylum, or protection.",1
immigrant,"for 2 miles of protection around schools, churches, parks and hospitals prohibiting ICE from detaining anyone in that area",1,"Opposes ICE/CBP, enforcement/raids/detention, or institutional cooperation, recruitment, presence, funding, or expansion.",1
immigrant,for CARE for Immigrant Families Act,1,"Supports immigrant/migrant communities, their wellbeing and inclusion, humane policy, or solidarity.",1
immigrant,for Hannaford and Ahold Delhaize to participate in immigrant rights advocacy group Migrant Justice’s Milk with Dignity program,1,"Explicitly supports immigrant/migrant rights, legal safeguards, asylum, or protection.",1
immigrant,for Home Depot to not comply with ICE raids,1,"Opposes ICE/CBP, enforcement/raids/detention, or institutional cooperation, recruitment, presence, funding, or expansion.",1
immigrant,for Home Depot to take action against ICE targeting people at their stores,1,"Opposes ICE/CBP, enforcement/raids/detention, or institutional cooperation, recruitment, presence, funding, or expansion.",1
immigrant,for Homedepot denouncing the ICE raids taking place on their parking lots across the nation,1,"Opposes ICE/CBP, enforcement/raids/detention, or institutional cooperation, recruitment, presence, funding, or expansion.",1
immigrant,for ICE,0,"Supports ICE/deportation/stronger enforcement, or opposes migrant shelter; opposing direction.",5
immigrant,for ICE accountability,0,Generic agency accountability without an explicit immigrant-protection or anti-enforcement demand.,2
immigrant,for ICE off college campuses,1,"Opposes ICE/CBP, enforcement/raids/detention, or institutional cooperation, recruitment, presence, funding, or expansion.",1
immigrant,for ICE out of Butler County,1,"Opposes ICE/CBP, enforcement/raids/detention, or institutional cooperation, recruitment, presence, funding, or expansion.",1
immigrant,for ICE out of Los Angeles,1,"Opposes ICE/CBP, enforcement/raids/detention, or institutional cooperation, recruitment, presence, funding, or expansion.",1
immigrant,for ICE transparency,0,Generic agency transparency without an explicit immigrant-protection or anti-enforcement demand.,1
immigrant,for ICE's removal from San Antonio,1,"Opposes ICE/CBP, enforcement/raids/detention, or institutional cooperation, recruitment, presence, funding, or expansion.",1
immigrant,for Immigrant rights,1,"Explicitly supports immigrant/migrant rights, legal safeguards, asylum, or protection.",1
immigrant,for Immigrtaion Rights,1,"Explicitly supports immigrant/migrant rights, legal safeguards, asylum, or protection.",1
immigrant,for LSU to make the university a sanctuary campus in defense of immigrant students,1,"Supports immigrant/migrant communities, their wellbeing and inclusion, humane policy, or solidarity.",1
immigrant,for New York borough immigrant communites,1,"Supports immigrant/migrant communities, their wellbeing and inclusion, humane policy, or solidarity.",1
immigrant,for Penn State Adminstration to refuse to cooperate with ICE,1,"Opposes ICE/CBP, enforcement/raids/detention, or institutional cooperation, recruitment, presence, funding, or expansion.",1
immigrant,for Rami Othmane to be freed from ICE custody,1,Seeks release from immigration detention.,1
immigrant,for San Francisco State University withholding any cooperation with ICE,1,"Opposes ICE/CBP, enforcement/raids/detention, or institutional cooperation, recruitment, presence, funding, or expansion.",1
immigrant,for Texas A&M University to protect immigrant students,1,"Explicitly supports immigrant/migrant rights, legal safeguards, asylum, or protection.",1
immigrant,for Trump's  immigration policy,0,"Supports unspecified Trump immigration policy, not explicit immigrant rights or anti-enforcement.",1
immigrant,for Tulane University to become a sanctuary campus for immigrant students,1,"Supports immigrant/migrant communities, their wellbeing and inclusion, humane policy, or solidarity.",1
immigrant,for UMD holding a town hall to educate students on its actions taken to protect international students from ICE,1,"Opposes ICE/CBP, enforcement/raids/detention, or institutional cooperation, recruitment, presence, funding, or expansion.",1
immigrant,for University of Delaware's administration to provide better support for international students facing threats of deportation,1,"Opposes deportation or supports protection, due process, or solidarity for people facing deportation.",1
immigrant,"for Walmart to offer safe, private spaces for delivery workers, reducing ICE’s ability to use retail locations as enforcement zones in response to a video showing ICE agents tasing Deivi Jose Molina‑Pena",1,"Opposes ICE/CBP, enforcement/raids/detention, or institutional cooperation, recruitment, presence, funding, or expansion.",1
immigrant,for a Wilbur Cross high school student detained by ICE,1,Supports people targeted/detained by immigration authorities or explicitly anti-ICE mobilization/protections.,1
immigrant,for a flourishing economy in Vermont powered by immigrants,1,"Supports immigrant/migrant communities, their wellbeing and inclusion, humane policy, or solidarity.",1
immigrant,for a pathway to citizenship for all undocumented migrants,1,"Supports immigrant/migrant communities, their wellbeing and inclusion, humane policy, or solidarity.",1
immigrant,for a proposal to ban immigration agents and all law enforcement agents from wearing masks to conceal their identity,1,"Supports immigrant/migrant communities, their wellbeing and inclusion, humane policy, or solidarity.",1
immigrant,for a spiritual instead of political persepctive of the injustices face by immigrnats,1,"Supports immigrant/migrant communities, their wellbeing and inclusion, humane policy, or solidarity.",1
immigrant,for abolishing ICE,1,"Opposes ICE/CBP, enforcement/raids/detention, or institutional cooperation, recruitment, presence, funding, or expansion.",367
immigrant,for access to legal representation for detained immigrants,1,"Explicitly supports immigrant/migrant rights, legal safeguards, asylum, or protection.",1
immigrant,for access to legal representation for migrants,1,"Explicitly supports immigrant/migrant rights, legal safeguards, asylum, or protection.",1
immigrant,for access to resources for immigrants,1,"Supports immigrant/migrant communities, their wellbeing and inclusion, humane policy, or solidarity.",1
immigrant,for action by Mayor Eric Adams and the New York City Council to protect immigrant New Yorkers from Donald Trump's planned mass deportations and family separations,1,"Opposes deportation or supports protection, due process, or solidarity for people facing deportation.",1
immigrant,for advocating for 20 migrants reported to have died in ICE custody in 2025,1,"Opposes ICE/CBP, enforcement/raids/detention, or institutional cooperation, recruitment, presence, funding, or expansion.",1
immigrant,for amnesty for queer immigrants,1,"Supports immigrant/migrant communities, their wellbeing and inclusion, humane policy, or solidarity.",1
immigrant,for an end to colonization and deportation,1,"Opposes deportation or supports protection, due process, or solidarity for people facing deportation.",1
immigrant,for an end to local police collaboration with ICE,1,"Opposes ICE/CBP, enforcement/raids/detention, or institutional cooperation, recruitment, presence, funding, or expansion.",1
immigrant,for assistance for immigrant families living in homeless shelter,1,"Supports immigrant/migrant communities, their wellbeing and inclusion, humane policy, or solidarity.",1
immigrant,for asylum,1,"Explicitly supports immigrant/migrant rights, legal safeguards, asylum, or protection.",1
immigrant,for banning immigration agents from George Washington University,1,"Supports immigrant/migrant communities, their wellbeing and inclusion, humane policy, or solidarity.",1
immigrant,for better communication about ICE detainees,0,Communication-only demand does not explicitly demand detainee rights or release.,1
immigrant,for border priorities and immigration reform,0,Unqualified immigration reform/border priorities could favor restriction or protection; direction unspecified.,1
immigrant,for breaking ties between local law enforcement and federal immigration agents,1,"Supports immigrant/migrant communities, their wellbeing and inclusion, humane policy, or solidarity.",2
immigrant,"for calling  for the company to protect its customers and the day laborers who seek work at their locations from ""predatory"" immigration enforcement",1,"Opposes ICE/CBP, enforcement/raids/detention, or institutional cooperation, recruitment, presence, funding, or expansion.",2
immigrant,for citizenship for all undocumented migrants,1,"Supports immigrant/migrant communities, their wellbeing and inclusion, humane policy, or solidarity.",2
immigrant,for closure of CoreCivic ICE detention center,1,"Opposes ICE/CBP, enforcement/raids/detention, or institutional cooperation, recruitment, presence, funding, or expansion.",1
immigrant,for compassionate immigration reform,1,"Supports immigrant/migrant communities, their wellbeing and inclusion, humane policy, or solidarity.",12
immigrant,for condemning mass deportations,1,"Opposes deportation or supports protection, due process, or solidarity for people facing deportation.",1
immigrant,for continued interfaith advocacy and protection of immigrants,1,"Explicitly supports immigrant/migrant rights, legal safeguards, asylum, or protection.",1
immigrant,for continued mobilization until ICE ends,1,"Opposes ICE/CBP, enforcement/raids/detention, or institutional cooperation, recruitment, presence, funding, or expansion.",1
immigrant,"for declaring that Columbus city resources will not be used for federal immigration enforcement (""Operation Midway Blitz"")",1,"Opposes ICE/CBP, enforcement/raids/detention, or institutional cooperation, recruitment, presence, funding, or expansion.",1
immigrant,"for demanding  ""sanctuary"" protections for the local immigrant community",1,"Explicitly supports immigrant/migrant rights, legal safeguards, asylum, or protection.",1
immigrant,for demanding  an end to unjust deportations targeting immigrant laborers.,1,"Opposes deportation or supports protection, due process, or solidarity for people facing deportation.",1
immigrant,for demanding  community safety and dignity for immigrant neighbors,1,"Supports immigrant/migrant communities, their wellbeing and inclusion, humane policy, or solidarity.",1
immigrant,for demanding  that the Town of Islip immediately terminate its long-standing contract (active since the early 2000s) that allows ICE agents to use the town-owned rifle range for training,1,"Opposes ICE/CBP, enforcement/raids/detention, or institutional cooperation, recruitment, presence, funding, or expansion.",1
immigrant,for demanding  transparency and accountability following the detention of approximately 60 factory workers in the Cato factory ICE raid happened in Oswego,1,"Demands accountability/transparency for ICE detention or enforcement, protecting those affected.",1
immigrant,for demanding an end to local law enforcement's cooperation with ICE and to protest the Governor's policies,1,"Opposes ICE/CBP, enforcement/raids/detention, or institutional cooperation, recruitment, presence, funding, or expansion.",1
immigrant,"for demanding justice, safety, and the right for all immigrants to live free from fear",1,"Explicitly supports immigrant/migrant rights, legal safeguards, asylum, or protection.",1
immigrant,for demanding that Home Depot implement a formal policy prohibiting ICE agents from entering their stores or parking lots without a judicial warrant,1,"Opposes ICE/CBP, enforcement/raids/detention, or institutional cooperation, recruitment, presence, funding, or expansion.",2
immigrant,"for demanding that Home Depot publicly denounce ICE raids on its property, implement policies to prevent agents from entering stores without judicial warrants",1,"Opposes ICE/CBP, enforcement/raids/detention, or institutional cooperation, recruitment, presence, funding, or expansion.",1
immigrant,"for demanding that federal agents treat community members with ""dignity, safety, and respect"" rather than deporting those who are complying with orders.",1,"Opposes deportation or supports protection, due process, or solidarity for people facing deportation.",1
immigrant,"for demanding that the city do more to limit federal access, though the Mayor Pamela Panzenbeck said she  has no authority over federal ICE agents",1,"Opposes ICE/CBP, enforcement/raids/detention, or institutional cooperation, recruitment, presence, funding, or expansion.",1
immigrant,for deportation,0,"Supports ICE/deportation/stronger enforcement, or opposes migrant shelter; opposing direction.",1
immigrant,for deportations,0,"Supports ICE/deportation/stronger enforcement, or opposes migrant shelter; opposing direction.",6
immigrant,for deportations of illegal immigrants,0,"Supports ICE/deportation/stronger enforcement, or opposes migrant shelter; opposing direction.",1
immigrant,for deporting illegal immigrants,0,"Supports ICE/deportation/stronger enforcement, or opposes migrant shelter; opposing direction.",1
immigrant,for deporting undocumented immigrants,0,"Supports ICE/deportation/stronger enforcement, or opposes migrant shelter; opposing direction.",1
immigrant,for disclosing the names and locations of people detained by ICE,1,"Opposes ICE/CBP, enforcement/raids/detention, or institutional cooperation, recruitment, presence, funding, or expansion.",1
immigrant,for disrupting ICE operations by preventing agents from sleeping,1,"Opposes ICE/CBP, enforcement/raids/detention, or institutional cooperation, recruitment, presence, funding, or expansion.",24
immigrant,for due process for immigrants,1,"Supports immigrant/migrant communities, their wellbeing and inclusion, humane policy, or solidarity.",1
immigrant,for due process rights for immigrants,1,"Explicitly supports immigrant/migrant rights, legal safeguards, asylum, or protection.",1
immigrant,for elected leaders in Oakland and the East Bay resisting deportation policies,1,"Opposes deportation or supports protection, due process, or solidarity for people facing deportation.",1
immigrant,for elected officials to block ICE and federal agents from Minneapolis,1,"Opposes ICE/CBP, enforcement/raids/detention, or institutional cooperation, recruitment, presence, funding, or expansion.",1
immigrant,for ending Clearfield County's cooperation with ICE,1,"Opposes ICE/CBP, enforcement/raids/detention, or institutional cooperation, recruitment, presence, funding, or expansion.",1
immigrant,"for ending attacks on immigrants, transgenders and other marginalized communities",1,"Opposes targeting, mistreatment, exclusion, detention, or immigration enforcement affecting immigrants/migrants.",1077
immigrant,"for ending attacks on immigrants, transgenders and other marginalized communities]",1,"Opposes targeting, mistreatment, exclusion, detention, or immigration enforcement affecting immigrants/migrants.",1
immigrant,for ending cooperation between state agencies and ICE,1,"Opposes ICE/CBP, enforcement/raids/detention, or institutional cooperation, recruitment, presence, funding, or expansion.",1
immigrant,"for ending cuts in federal funding for Medical aid, Social Security and other key programs that working class depends on, for ending attacks on immigrants, transgenders and other marginalized communities",1,"Opposes targeting, mistreatment, exclusion, detention, or immigration enforcement affecting immigrants/migrants.",1
immigrant,for ensuring that Chicago remains a sanctuary city for undocumented migrants,1,"Supports immigrant/migrant communities, their wellbeing and inclusion, humane policy, or solidarity.",1
immigrant,for ensuring that immigrants have access to legal council,1,"Explicitly supports immigrant/migrant rights, legal safeguards, asylum, or protection.",1
immigrant,for expanding HUSKY 4 Immigrants,1,"Supports immigrant/migrant communities, their wellbeing and inclusion, humane policy, or solidarity.",1
immigrant,for expanding funding for legal services for immigrants facing deportation,1,"Opposes deportation or supports protection, due process, or solidarity for people facing deportation.",1
immigrant,for expanding immigrant rights,1,"Explicitly supports immigrant/migrant rights, legal safeguards, asylum, or protection.",1
immigrant,for freeing all detained migrants,1,"Supports immigrant/migrant communities, their wellbeing and inclusion, humane policy, or solidarity.",362
immigrant,for greater state protections for the migrant population,1,"Explicitly supports immigrant/migrant rights, legal safeguards, asylum, or protection.",1
immigrant,for greater support to immigrant students from Beaverton School District,1,"Supports immigrant/migrant communities, their wellbeing and inclusion, humane policy, or solidarity.",6
immigrant,for healthcare and unemployment insurance for undocumented immigrants,1,"Supports immigrant/migrant communities, their wellbeing and inclusion, humane policy, or solidarity.",1
immigrant,for honoring  deceased ancestors while protesting current immigration policies,0,Ambiguous/indirect claim without explicit immigrant rights/protection or opposition to immigration enforcement.,1
immigrant,for honoring a man passed away during an ICE raid in Norfolk,0,"Commemoration, remembrance, heritage celebration, or wellbeing wish alone does not explicitly state immigrant rights/protection or opposition to enforcement.",1
immigrant,"for housing rights, healthcare, fair wages, union protection, and safety regardless of race, zip code, or immigration status",1,"Explicitly supports immigrant/migrant rights, legal safeguards, asylum, or protection.",999
immigrant,for human rights for immigrants,1,"Explicitly supports immigrant/migrant rights, legal safeguards, asylum, or protection.",1
immigrant,for immigrant community in Detroit,1,"Supports immigrant/migrant communities, their wellbeing and inclusion, humane policy, or solidarity.",1
immigrant,for immigrant families,1,"Supports immigrant/migrant communities, their wellbeing and inclusion, humane policy, or solidarity.",2
immigrant,for immigrant justice,1,"Supports immigrant/migrant communities, their wellbeing and inclusion, humane policy, or solidarity.",8
immigrant,for immigrant protection,1,"Explicitly supports immigrant/migrant rights, legal safeguards, asylum, or protection.",1
immigrant,for immigrant protections,1,"Explicitly supports immigrant/migrant rights, legal safeguards, asylum, or protection.",103
immigrant,for immigrant rights,1,"Explicitly supports immigrant/migrant rights, legal safeguards, asylum, or protection.",498
immigrant,for immigrant rights and protections,1,"Explicitly supports immigrant/migrant rights, legal safeguards, asylum, or protection.",2
immigrant,"for immigrant, women, LGBTQ, Palestinian, and union rights",1,"Explicitly supports immigrant/migrant rights, legal safeguards, asylum, or protection.",1
immigrant,for immigrants,1,"Supports immigrant/migrant communities, their wellbeing and inclusion, humane policy, or solidarity.",33
immigrant,for immigrants and workers rights,1,"Explicitly supports immigrant/migrant rights, legal safeguards, asylum, or protection.",1
immigrant,for immigrants knowing their rights,1,"Explicitly supports immigrant/migrant rights, legal safeguards, asylum, or protection.",1
immigrant,for immigrants right,1,"Explicitly supports immigrant/migrant rights, legal safeguards, asylum, or protection.",1
immigrant,for immigrants rights,1,"Explicitly supports immigrant/migrant rights, legal safeguards, asylum, or protection.",15
immigrant,for immigrants' rights,1,"Explicitly supports immigrant/migrant rights, legal safeguards, asylum, or protection.",354
immigrant,for immigrants'rights,1,"Explicitly supports immigrant/migrant rights, legal safeguards, asylum, or protection.",1
immigrant,for immigration,0,Supports immigration in general; does not explicitly state immigrant rights/protection or opposition to enforcement.,8
immigrant,for immigration reform,0,Unqualified immigration reform/border priorities could favor restriction or protection; direction unspecified.,8
immigrant,for immigration refrom,0,Unqualified immigration reform/border priorities could favor restriction or protection; direction unspecified.,1
immigrant,for immigration rights,1,"Explicitly supports immigrant/migrant rights, legal safeguards, asylum, or protection.",31
immigrant,for immigrations rights,1,"Explicitly supports immigrant/migrant rights, legal safeguards, asylum, or protection.",1
immigrant,for justice and respect for immigrants,1,"Supports immigrant/migrant communities, their wellbeing and inclusion, humane policy, or solidarity.",3
immigrant,for justice for Kilmar Abrego Garcia and all immigrants facing detention and exile,1,"Supports immigrant/migrant communities, their wellbeing and inclusion, humane policy, or solidarity.",1
immigrant,for justice for Ulises Pena Lopez who was brutalized by ICE,1,"Opposes ICE/CBP, enforcement/raids/detention, or institutional cooperation, recruitment, presence, funding, or expansion.",1
immigrant,for justice for immigrants held in for-profit GEO detention centers,1,"Supports immigrant/migrant communities, their wellbeing and inclusion, humane policy, or solidarity.",1
immigrant,for keeping Los Angeles a sanctuary city for migrants,1,"Supports immigrant/migrant communities, their wellbeing and inclusion, humane policy, or solidarity.",1
immigrant,for keeping immigrant neighbors safe and protected,1,"Explicitly supports immigrant/migrant rights, legal safeguards, asylum, or protection.",8
immigrant,for kicking ICE off campus,1,"Opposes ICE/CBP, enforcement/raids/detention, or institutional cooperation, recruitment, presence, funding, or expansion.",1
immigrant,for legalization for all undocumented immigrants,1,"Explicitly supports immigrant/migrant rights, legal safeguards, asylum, or protection.",1
immigrant,for legalization for all undocumented migrants,1,"Explicitly supports immigrant/migrant rights, legal safeguards, asylum, or protection.",2
immigrant,for legislators to support measures that restrict how local and state police collaborate with federal immigration authorities,1,"Supports immigrant/migrant communities, their wellbeing and inclusion, humane policy, or solidarity.",1
immigrant,for local and state officals to stop cooperating with ICE and end all local-federal collaborations that enable deportations,1,"Opposes deportation or supports protection, due process, or solidarity for people facing deportation.",1
immigrant,for making CSU campuses a sanctuary from ICE,1,"Opposes ICE/CBP, enforcement/raids/detention, or institutional cooperation, recruitment, presence, funding, or expansion.",1
immigrant,for making Tallahassee a sanctuary city for migrants,1,"Supports immigrant/migrant communities, their wellbeing and inclusion, humane policy, or solidarity.",1
immigrant,for mass deportation,0,"Supports mass deportation, ICE, or expansion of ICE detention; opposing direction.",1
immigrant,for migrant farm workers rights,1,"Explicitly supports immigrant/migrant rights, legal safeguards, asylum, or protection.",1
immigrant,for migrant protection,1,"Explicitly supports immigrant/migrant rights, legal safeguards, asylum, or protection.",123
immigrant,for migrant rights,1,"Explicitly supports immigrant/migrant rights, legal safeguards, asylum, or protection.",1
immigrant,for migrant workers and their families,1,"Supports immigrant/migrant communities, their wellbeing and inclusion, humane policy, or solidarity.",1
immigrant,for more humanity in the immigration system,1,"Supports immigrant/migrant communities, their wellbeing and inclusion, humane policy, or solidarity.",1
immigrant,for more state support for legal services for migrants facing deportation,1,"Opposes deportation or supports protection, due process, or solidarity for people facing deportation.",1
immigrant,for moving court hearings online in order to prevent ICE abductions,1,"Opposes ICE/CBP, enforcement/raids/detention, or institutional cooperation, recruitment, presence, funding, or expansion.",1
immigrant,for no ICE on campus,1,"Opposes ICE/CBP, enforcement/raids/detention, or institutional cooperation, recruitment, presence, funding, or expansion.",1
immigrant,for offering immigrant families support,1,"Supports immigrant/migrant communities, their wellbeing and inclusion, humane policy, or solidarity.",1
immigrant,for passage of state legislation that would stop law enforcement from working with ICE and Border Patrol,1,"Opposes ICE/CBP, enforcement/raids/detention, or institutional cooperation, recruitment, presence, funding, or expansion.",1
immigrant,"for passing the proposed Building Up Immigrant Legal Defense Act (BUILD Act, A2689/S4538) by New York's state legislature",1,"Explicitly supports immigrant/migrant rights, legal safeguards, asylum, or protection.",1
immigrant,for peace and nonviolence in Los Angeles amidst the ICE raids and anti-ICE protests,0,Ambiguous/indirect claim without explicit immigrant rights/protection or opposition to immigration enforcement.,1
immigrant,for policies at University of Vermont to protect immigrant and LGBTQ+ students and workers,1,"Explicitly supports immigrant/migrant rights, legal safeguards, asylum, or protection.",1
immigrant,for pressuring Amazon to withdraw cooperation with ICE and the Department of Homeland Security,1,"Opposes ICE/CBP, enforcement/raids/detention, or institutional cooperation, recruitment, presence, funding, or expansion.",1
immigrant,for pressuring Avelo Airlines to stop cooperating with ICE,1,"Opposes ICE/CBP, enforcement/raids/detention, or institutional cooperation, recruitment, presence, funding, or expansion.",2
immigrant,for pressuring Home Depot to actively resist ICE,1,"Opposes ICE/CBP, enforcement/raids/detention, or institutional cooperation, recruitment, presence, funding, or expansion.",1
immigrant,for pressuring Home Depot to resist ICE,1,"Opposes ICE/CBP, enforcement/raids/detention, or institutional cooperation, recruitment, presence, funding, or expansion.",6
immigrant,for pressuring Key Lime Air to cease cooperation with ICE,1,"Opposes ICE/CBP, enforcement/raids/detention, or institutional cooperation, recruitment, presence, funding, or expansion.",8
immigrant,for protecting immigrant communities and demanding family unity,1,"Explicitly supports immigrant/migrant rights, legal safeguards, asylum, or protection.",1
immigrant,for protecting immigrant families from deportation,1,"Opposes deportation or supports protection, due process, or solidarity for people facing deportation.",1
immigrant,for protecting immigrant neighbors from ICE,1,"Opposes ICE/CBP, enforcement/raids/detention, or institutional cooperation, recruitment, presence, funding, or expansion.",1
immigrant,"for protecting labor rights, unions, and immigrants",1,"Explicitly supports immigrant/migrant rights, legal safeguards, asylum, or protection.",999
immigrant,"for protecting the right of all children, regardless of immigration status, to receive an education",1,"Explicitly supports immigrant/migrant rights, legal safeguards, asylum, or protection.",1
immigrant,for protecting the rights of immigrants and workers,1,"Explicitly supports immigrant/migrant rights, legal safeguards, asylum, or protection.",1
immigrant,for protection for immigrants,1,"Explicitly supports immigrant/migrant rights, legal safeguards, asylum, or protection.",3
immigrant,for protection for immigrants on Duke campus,1,"Explicitly supports immigrant/migrant rights, legal safeguards, asylum, or protection.",1
immigrant,for protection from national deportation mandates,1,"Opposes deportation or supports protection, due process, or solidarity for people facing deportation.",1
immigrant,for protection of immigrant communities in Wisconsin,1,"Explicitly supports immigrant/migrant rights, legal safeguards, asylum, or protection.",18
immigrant,for protection of immigrant rights,1,"Explicitly supports immigrant/migrant rights, legal safeguards, asylum, or protection.",1
immigrant,for protection of immigrants's rights,1,"Explicitly supports immigrant/migrant rights, legal safeguards, asylum, or protection.",1
immigrant,for protections for immigrant students,1,"Explicitly supports immigrant/migrant rights, legal safeguards, asylum, or protection.",1
immigrant,for protections for immigrants,1,"Explicitly supports immigrant/migrant rights, legal safeguards, asylum, or protection.",2
immigrant,for protections for immigrants in New Jersey,1,"Explicitly supports immigrant/migrant rights, legal safeguards, asylum, or protection.",1
immigrant,for protections from immigration raids,1,"Explicitly supports immigrant/migrant rights, legal safeguards, asylum, or protection.",1
immigrant,for providing sanctuary to immigrants,1,"Supports immigrant/migrant communities, their wellbeing and inclusion, humane policy, or solidarity.",1
immigrant,for release of all ICE immigrant detainees,1,Seeks release from immigration detention.,1
immigrant,for release of around 200 Iranian Christians detained by ICE,1,Seeks release from immigration detention.,1
immigrant,for release of those taken by ICE,1,Seeks release from immigration detention.,1
immigrant,for relocating taxpayer funds to SNAP instead of ICE,1,"Opposes ICE/CBP, enforcement/raids/detention, or institutional cooperation, recruitment, presence, funding, or expansion.",1
immigrant,for remembering those captured by ICE,0,"Commemoration, remembrance, heritage celebration, or wellbeing wish alone does not explicitly state immigrant rights/protection or opposition to enforcement.",1
immigrant,for remembering those taken by ICE,0,"Commemoration, remembrance, heritage celebration, or wellbeing wish alone does not explicitly state immigrant rights/protection or opposition to enforcement.",1
immigrant,"for reproductive rights, immigrants' rights",1,"Explicitly supports immigrant/migrant rights, legal safeguards, asylum, or protection.",2
immigrant,for requiring ICE agents to present identificationand  requiring warrants to interview or remove students,1,"Opposes ICE/CBP, enforcement/raids/detention, or institutional cooperation, recruitment, presence, funding, or expansion.",1
immigrant,for revoking ICE permit,1,"Opposes ICE/CBP, enforcement/raids/detention, or institutional cooperation, recruitment, presence, funding, or expansion.",1
immigrant,for rights of asylum,1,"Explicitly supports immigrant/migrant rights, legal safeguards, asylum, or protection.",2
immigrant,for rule of law with immigration,0,Rule of law could favor enforcement or immigrant due process; direction unspecified.,1
immigrant,for safety for immigrant students and their families,1,"Supports immigrant/migrant communities, their wellbeing and inclusion, humane policy, or solidarity.",2
immigrant,for showing support to immigrants during scheduled check-ins,1,"Supports immigrant/migrant communities, their wellbeing and inclusion, humane policy, or solidarity.",1
immigrant,for solidarity with families affected by recent ICE raids,1,Supports people targeted/detained by immigration authorities or explicitly anti-ICE mobilization/protections.,1
immigrant,for solidarity with immigrants,1,"Supports immigrant/migrant communities, their wellbeing and inclusion, humane policy, or solidarity.",5
immigrant,for solidarity with people and immigrants in LA,1,"Supports immigrant/migrant communities, their wellbeing and inclusion, humane policy, or solidarity.",1
immigrant,for state legislation that would bar state and local law enforcement from cooperating with ICE,1,"Opposes ICE/CBP, enforcement/raids/detention, or institutional cooperation, recruitment, presence, funding, or expansion.",1
immigrant,for state legislation that would guarantee right to legal counsel for New Yorkers in deportation proceedings,1,"Opposes deportation or supports protection, due process, or solidarity for people facing deportation.",1
immigrant,for state legislation to help protect immigrants against deportations,1,"Opposes deportation or supports protection, due process, or solidarity for people facing deportation.",1
immigrant,for state legislation to make Massachusetts a sanctuary state for migrants,1,"Supports immigrant/migrant communities, their wellbeing and inclusion, humane policy, or solidarity.",1
immigrant,for state legislation to protect immigrants' rights,1,"Explicitly supports immigrant/migrant rights, legal safeguards, asylum, or protection.",1
immigrant,for stopping ICE raids,1,"Opposes ICE/CBP, enforcement/raids/detention, or institutional cooperation, recruitment, presence, funding, or expansion.",2
immigrant,"for stopping the attacks on immigrants, Black, indigenous, trans people, and all our communities",1,"Opposes targeting, mistreatment, exclusion, detention, or immigration enforcement affecting immigrants/migrants.",907
immigrant,for support of families and individuals during their immigration check-ins,1,"Supports immigrant/migrant communities, their wellbeing and inclusion, humane policy, or solidarity.",1
immigrant,"for supporting  Noe Guerrero, a local construction worker arrested by U.S. Immigration and Customs Enforcement (ICE)",1,Supports people targeted/detained by immigration authorities or explicitly anti-ICE mobilization/protections.,1
immigrant,for supporting  of Des Moines Public Schools Superintendent Dr. Ian Roberts that was arrested by ICE,1,Supports people targeted/detained by immigration authorities or explicitly anti-ICE mobilization/protections.,1
immigrant,for supporting 56 immigrants during mandatory annual check-ins,1,"Supports immigrant/migrant communities, their wellbeing and inclusion, humane policy, or solidarity.",1
immigrant,for supporting a teenager who was detained by ICE,1,Supports people targeted/detained by immigration authorities or explicitly anti-ICE mobilization/protections.,1
immigrant,for supporting immigrant neighbors,1,"Supports immigrant/migrant communities, their wellbeing and inclusion, humane policy, or solidarity.",1
immigrant,for supporting immigrant rights,1,"Explicitly supports immigrant/migrant rights, legal safeguards, asylum, or protection.",1
immigrant,for supporting immigrant students and their families,1,"Supports immigrant/migrant communities, their wellbeing and inclusion, humane policy, or solidarity.",1
immigrant,for supporting immigrants,1,"Supports immigrant/migrant communities, their wellbeing and inclusion, humane policy, or solidarity.",4
immigrant,for the Skokie Village Board to amend village code to ensure ICE agents cannot use village owned property for civil immigration enforcement,1,"Opposes ICE/CBP, enforcement/raids/detention, or institutional cooperation, recruitment, presence, funding, or expansion.",1
immigrant,for the Sonoma County Sheriff to not cooperate with ICE officials looking to arrest undocumented immigrants,1,"Opposes ICE/CBP, enforcement/raids/detention, or institutional cooperation, recruitment, presence, funding, or expansion.",1
immigrant,for the University of Northern Texas to protect its immigrants students,1,"Explicitly supports immigrant/migrant rights, legal safeguards, asylum, or protection.",1
immigrant,for the abolishment of ICE,1,"Opposes ICE/CBP, enforcement/raids/detention, or institutional cooperation, recruitment, presence, funding, or expansion.",1
immigrant,for the abolition of ICE,1,"Opposes ICE/CBP, enforcement/raids/detention, or institutional cooperation, recruitment, presence, funding, or expansion.",2
immigrant,for the closure of Folkston ICE processing center,1,"Opposes ICE/CBP, enforcement/raids/detention, or institutional cooperation, recruitment, presence, funding, or expansion.",1
immigrant,for the health of Riccardo Aguayo Rodriguez after hospitalization from ICE,0,"Commemoration, remembrance, heritage celebration, or wellbeing wish alone does not explicitly state immigrant rights/protection or opposition to enforcement.",1
immigrant,for the immediate release of Kilmar Abrego Garcia from immigration detention,1,"Supports immigrant/migrant communities, their wellbeing and inclusion, humane policy, or solidarity.",1
immigrant,for the immediate release of President David Huerta and ICE out of LA,1,Seeks release from immigration detention.,1
immigrant,for the legalization of immigrants,1,"Explicitly supports immigrant/migrant rights, legal safeguards, asylum, or protection.",1
immigrant,for the protection of educational rights for all students regardless of immigration status,1,"Explicitly supports immigrant/migrant rights, legal safeguards, asylum, or protection.",1
immigrant,for the protection of immigrant families,1,"Explicitly supports immigrant/migrant rights, legal safeguards, asylum, or protection.",1
immigrant,for the protection of immigrant neighbors from ICE,1,"Opposes ICE/CBP, enforcement/raids/detention, or institutional cooperation, recruitment, presence, funding, or expansion.",29
immigrant,for the release by ICE of Vanhhatdy,1,Seeks release from immigration detention.,1
immigrant,for the release of Ayman Soliman by ICE,1,Seeks release from immigration detention.,1
immigrant,for the release of Ayman Soliman detained by ICE,1,Seeks release from immigration detention.,2
immigrant,for the release of Carlos Della Valle detained by ICE,1,Seeks release from immigration detention.,1
immigrant,for the release of Ian Roberts detained by ICE,1,Seeks release from immigration detention.,1
immigrant,for the release of Mahmoud Khalil and other immigrants detained by ICE,1,Seeks release from immigration detention.,1
immigrant,"for the release of Mahmoud Khalil, Rumeysa Ozturk, and all students targeted by ICE or DHS",1,Seeks release from immigration detention.,1
immigrant,for the release of Mamadou Mouctar Diallo from ICE Custody,1,Seeks release from immigration detention.,1
immigrant,"for the release of Maria ""Lulu"" Martinez from ICE detention",1,Seeks release from immigration detention.,1
immigrant,for the release of Maricela Aguilar from ICE detention,1,Seeks release from immigration detention.,1
immigrant,for the release of Miguel Angel Garcia Martinez who is accused of ramming ICE vehicle,0,Seeks release of a person accused of ramming an ICE vehicle; does not specify immigration detention or an immigrant-protection/anti-enforcement claim.,1
immigrant,for the release of Pascual Pedro detained by ICE,1,Seeks release from immigration detention.,3
immigrant,for the release of Rodney Taylor from ICE,1,Seeks release from immigration detention.,1
immigrant,"for the release of Rosmery Alvarado from ICE detention, who was arrested during a Green Card interview",1,Seeks release from immigration detention.,1
immigrant,for the release of Yolanda Magellón Perez who was wrongfully detained by ICE,1,Seeks release from immigration detention.,1
immigrant,for the release of detained family from ICE custody,1,Seeks release from immigration detention.,1
immigrant,"for the release of detained immigrants, including Jorge Luis",1,"Supports immigrant/migrant communities, their wellbeing and inclusion, humane policy, or solidarity.",1
immigrant,for the release of detained migrants,1,"Supports immigrant/migrant communities, their wellbeing and inclusion, humane policy, or solidarity.",1
immigrant,for the release of hospital workers Alcibiades Lazaro Ramirez Gonzalez and Yannier Vazquez Hidalgo by ICE,1,Seeks release from immigration detention.,1
immigrant,for the release of immigrant Ayman Soliman,1,"Supports immigrant/migrant communities, their wellbeing and inclusion, humane policy, or solidarity.",1
immigrant,for the release of immigrants detained by ICE,1,Seeks release from immigration detention.,1
immigrant,for the release of mahmoud khalil and leqaa kordia from ice custody,1,Seeks release from immigration detention.,2
immigrant,for the removal of ICE from campuses,1,"Opposes ICE/CBP, enforcement/raids/detention, or institutional cooperation, recruitment, presence, funding, or expansion.",1
immigrant,for the removal of ICE personnel recently depoloyed to Columbus and other parts of Ohio,1,"Opposes ICE/CBP, enforcement/raids/detention, or institutional cooperation, recruitment, presence, funding, or expansion.",1
immigrant,for the revocation of the Portland ICE building permit,1,"Opposes ICE/CBP, enforcement/raids/detention, or institutional cooperation, recruitment, presence, funding, or expansion.",1
immigrant,"for the rights of immigrants, workers, and veterans",1,"Explicitly supports immigrant/migrant rights, legal safeguards, asylum, or protection.",1
immigrant,for the withdrawal of ICE personnel from Union Station,1,"Opposes ICE/CBP, enforcement/raids/detention, or institutional cooperation, recruitment, presence, funding, or expansion.",1
immigrant,for transparency and accountability following the detention of approximately 60 factory workers in the Cato factory ICE raid happened in Oswego,1,"Demands accountability/transparency for ICE detention or enforcement, protecting those affected.",1
immigrant,for transparency and accountability following the detention of approximately 60 factory workers in the Cato factory ICE raid in Oswego,1,"Demands accountability/transparency for ICE detention or enforcement, protecting those affected.",94
immigrant,for transparency of ICE procedures,0,Generic agency transparency without an explicit immigrant-protection or anti-enforcement demand.,1
immigrant,for transperancy of ICE enforcement actions,0,Generic agency transparency without an explicit immigrant-protection or anti-enforcement demand.,1
immigrant,for warning the community about the consequences of Trumps agenda on immigrants and nonimmigrants,0,Ambiguous/indirect claim without explicit immigrant rights/protection or opposition to immigration enforcement.,1
immigrant,immigrants are welcome here,1,"Supports immigrant/migrant communities, their wellbeing and inclusion, humane policy, or solidarity.",1
immigrant,immigrants belong,1,"Supports immigrant/migrant communities, their wellbeing and inclusion, humane policy, or solidarity.",1
immigrant,in an effort to stop an ICE raid as agents set up a staging area in Dodger Stadium,1,"Opposes ICE/CBP, enforcement/raids/detention, or institutional cooperation, recruitment, presence, funding, or expansion.",1
immigrant,in celebration of HSI cancelling its attendance plan at Towson U career fair' against ICE,1,"Opposes ICE/CBP, enforcement/raids/detention, or institutional cooperation, recruitment, presence, funding, or expansion.",1
immigrant,in celebration of the release of pro-Palestine student protester Mahmoud Khalil after 104 days of ICE detention,1,Seeks release from immigration detention.,1
immigrant,in commemoration of Immigrant's Day,0,"Commemoration, remembrance, heritage celebration, or wellbeing wish alone does not explicitly state immigrant rights/protection or opposition to enforcement.",1
immigrant,in commemoration of President Trump calling off a surge in immigration enforcement,0,Commemorates a halt to an enforcement surge without explicitly endorsing the halt or stating immigrant rights/protection.,1
immigrant,in honor of lives lost in ICE custody,0,"Commemoration, remembrance, heritage celebration, or wellbeing wish alone does not explicitly state immigrant rights/protection or opposition to enforcement.",1
immigrant,in opposition to a raid by federal and local law officials (thought by protestors to be ICE agents) staged near the Las Quatras restraurant,1,"Opposes ICE/CBP, enforcement/raids/detention, or institutional cooperation, recruitment, presence, funding, or expansion.",1
immigrant,in protest of Avelo Airlines providing ICE with chartered flights,1,"Opposes ICE/CBP, enforcement/raids/detention, or institutional cooperation, recruitment, presence, funding, or expansion.",1
immigrant,"in protest of ICE coming to California State University, Chico's career fair",1,"Opposes ICE/CBP, enforcement/raids/detention, or institutional cooperation, recruitment, presence, funding, or expansion.",1
immigrant,in protest of ICE's tactic of arresting immigrants at their court hearings,1,"Opposes ICE/CBP, enforcement/raids/detention, or institutional cooperation, recruitment, presence, funding, or expansion.",1
immigrant,in protest of an ICE raid at the restaurant Buona Forchetta,1,"Opposes ICE/CBP, enforcement/raids/detention, or institutional cooperation, recruitment, presence, funding, or expansion.",1
immigrant,in protest of two arrests made by ICE inside a Milwaukee County courthouse,1,"Opposes ICE/CBP, enforcement/raids/detention, or institutional cooperation, recruitment, presence, funding, or expansion.",1
immigrant,in recognition of those who have been deported without due process under the Trump administration,1,"Opposes deportation or supports protection, due process, or solidarity for people facing deportation.",1
immigrant,in remembrance of all people killed by ICE,0,"Commemoration, remembrance, heritage celebration, or wellbeing wish alone does not explicitly state immigrant rights/protection or opposition to enforcement.",1
immigrant,in remembrance of migrants killed trying to enter the United States,0,"Commemoration, remembrance, heritage celebration, or wellbeing wish alone does not explicitly state immigrant rights/protection or opposition to enforcement.",52
immigrant,in remembrance of the 111th World Day of Migrants and Refugees,0,"Commemoration, remembrance, heritage celebration, or wellbeing wish alone does not explicitly state immigrant rights/protection or opposition to enforcement.",1
immigrant,in slidarity with Ian Roberts detained by ICE,1,"Opposes ICE/CBP, enforcement/raids/detention, or institutional cooperation, recruitment, presence, funding, or expansion.",1
immigrant,in soldiarity with immigrant communities,1,"Supports immigrant/migrant communities, their wellbeing and inclusion, humane policy, or solidarity.",1
immigrant,in solidarity of 2 Portland high schoolers detained by ICE,1,Supports people targeted/detained by immigration authorities or explicitly anti-ICE mobilization/protections.,1
immigrant,in solidarity with  Jorge Gonzalez Ochoa detained by ICE,1,Supports people targeted/detained by immigration authorities or explicitly anti-ICE mobilization/protections.,1
immigrant,in solidarity with 4 car wash workers detained by ICE,1,Supports people targeted/detained by immigration authorities or explicitly anti-ICE mobilization/protections.,1
immigrant,in solidarity with Cata Xochitl Santiago and others who have been detained in mass immigration raids,1,"Supports immigrant/migrant communities, their wellbeing and inclusion, humane policy, or solidarity.",1
immigrant,in solidarity with ICE detainees,1,Supports people targeted/detained by immigration authorities or explicitly anti-ICE mobilization/protections.,1
immigrant,in solidarity with Ian Roberts detained by ICE,1,Supports people targeted/detained by immigration authorities or explicitly anti-ICE mobilization/protections.,1
immigrant,"in solidarity with Judge Dugan, who allegedly assisted an immigrant evade ICE",0,Solidarity with a judge allegedly helping someone evade ICE; immigrant-protection or anti-enforcement demand not explicit.,1
immigrant,in solidarity with Los Angeles anti-ICE protesters,1,Supports people targeted/detained by immigration authorities or explicitly anti-ICE mobilization/protections.,20
immigrant,in solidarity with Los Angeles anti-ice protests,1,Supports people targeted/detained by immigration authorities or explicitly anti-ICE mobilization/protections.,1
immigrant,in solidarity with Palestine and people abducted by ICE,1,Supports people targeted/detained by immigration authorities or explicitly anti-ICE mobilization/protections.,1
immigrant,in solidarity with Subramanyam Vedam detained by ICE,1,Supports people targeted/detained by immigration authorities or explicitly anti-ICE mobilization/protections.,1
immigrant,in solidarity with United States immigrants,1,"Supports immigrant/migrant communities, their wellbeing and inclusion, humane policy, or solidarity.",1
immigrant,in solidarity with anti-ICE protests in Los Angeles,1,Supports people targeted/detained by immigration authorities or explicitly anti-ICE mobilization/protections.,1
immigrant,in solidarity with at- risk neighbors and businesses suffering from ICE,1,Supports people targeted/detained by immigration authorities or explicitly anti-ICE mobilization/protections.,1
immigrant,in solidarity with classmate Kevin who was detained by ICE,1,Supports people targeted/detained by immigration authorities or explicitly anti-ICE mobilization/protections.,1
immigrant,in solidarity with classmates who were recently taken by ICE,1,Supports people targeted/detained by immigration authorities or explicitly anti-ICE mobilization/protections.,1
immigrant,in solidarity with immigrant communities,1,"Supports immigrant/migrant communities, their wellbeing and inclusion, humane policy, or solidarity.",2
immigrant,in solidarity with immigrant communities in Pennsylvania,1,"Supports immigrant/migrant communities, their wellbeing and inclusion, humane policy, or solidarity.",1
immigrant,in solidarity with immigrant families,1,"Supports immigrant/migrant communities, their wellbeing and inclusion, humane policy, or solidarity.",1
immigrant,in solidarity with immigrant rights activist Alejandro Orellana,1,"Explicitly supports immigrant/migrant rights, legal safeguards, asylum, or protection.",1
immigrant,in solidarity with immigrant rights activist Verita Topete,1,"Explicitly supports immigrant/migrant rights, legal safeguards, asylum, or protection.",1
immigrant,in solidarity with immigrant rights activists,1,"Explicitly supports immigrant/migrant rights, legal safeguards, asylum, or protection.",1
immigrant,in solidarity with immigrant students,1,"Supports immigrant/migrant communities, their wellbeing and inclusion, humane policy, or solidarity.",1
immigrant,in solidarity with immigrant women,1,"Supports immigrant/migrant communities, their wellbeing and inclusion, humane policy, or solidarity.",1
immigrant,in solidarity with immigrants,1,"Supports immigrant/migrant communities, their wellbeing and inclusion, humane policy, or solidarity.",65
immigrant,in solidarity with immigrants and seafarers,1,"Supports immigrant/migrant communities, their wellbeing and inclusion, humane policy, or solidarity.",1
immigrant,in solidarity with immigrants and undocumented people,1,"Supports immigrant/migrant communities, their wellbeing and inclusion, humane policy, or solidarity.",1
immigrant,in solidarity with immigrants in immigration hearings,1,"Supports immigrant/migrant communities, their wellbeing and inclusion, humane policy, or solidarity.",1
immigrant,in solidarity with immigrants refugees and asylum seekers,1,"Explicitly supports immigrant/migrant rights, legal safeguards, asylum, or protection.",1
immigrant,in solidarity with immigration communities,1,"Supports immigrant/migrant communities, their wellbeing and inclusion, humane policy, or solidarity.",1
immigrant,in solidarity with immigration protests in Los Angeles,0,Solidarity with immigration protests without a stated directional position.,1
immigrant,in solidarity with individuals targeted by ICE,1,Supports people targeted/detained by immigration authorities or explicitly anti-ICE mobilization/protections.,1
immigrant,in solidarity with migrant day laborers,1,"Supports immigrant/migrant communities, their wellbeing and inclusion, humane policy, or solidarity.",1
immigrant,in solidarity with migrant detainees,1,"Supports immigrant/migrant communities, their wellbeing and inclusion, humane policy, or solidarity.",12
immigrant,"in solidarity with the Palestinian resistance, immigrants, and Black people",1,"Supports immigrant/migrant communities, their wellbeing and inclusion, humane policy, or solidarity.",1
immigrant,in solidarity with the anti-ICE demonstrations in LA,1,Supports people targeted/detained by immigration authorities or explicitly anti-ICE mobilization/protections.,10
immigrant,in solidarity with the anti-ICE protests in Los Angeles,1,Supports people targeted/detained by immigration authorities or explicitly anti-ICE mobilization/protections.,1
immigrant,in solidarity with the ongoing anti-ICE protests in Los Angeles,1,Supports people targeted/detained by immigration authorities or explicitly anti-ICE mobilization/protections.,4
immigrant,in solidarity with those abducted by ICE,1,Supports people targeted/detained by immigration authorities or explicitly anti-ICE mobilization/protections.,1
immigrant,in solidarity with those affected by federal immigration sweeps,1,"Supports immigrant/migrant communities, their wellbeing and inclusion, humane policy, or solidarity.",1
immigrant,in solidarity with those impacted by ICE detentions,1,Supports people targeted/detained by immigration authorities or explicitly anti-ICE mobilization/protections.,1
immigrant,in solidiarity with Los Angeles anti-ICE protests,1,"Opposes ICE/CBP, enforcement/raids/detention, or institutional cooperation, recruitment, presence, funding, or expansion.",1
immigrant,in support of Benjamin Marcelo Guerrero Cruz detained by ICE,1,Supports people targeted/detained by immigration authorities or explicitly anti-ICE mobilization/protections.,1
immigrant,"in support of Carlos, an immigrant summoned to appear at the ICE office in Burlington after filing a law suit against ICE",1,Supports people targeted/detained by immigration authorities or explicitly anti-ICE mobilization/protections.,1
immigrant,in support of Donald Trump's immigration policies,0,Ambiguous/indirect claim without explicit immigrant rights/protection or opposition to immigration enforcement.,4
immigrant,in support of Dr Ian Roberts arrested by ICE,1,Supports people targeted/detained by immigration authorities or explicitly anti-ICE mobilization/protections.,1
immigrant,in support of Guillermo Medina Reyes at his ICE appointment,1,Supports people targeted/detained by immigration authorities or explicitly anti-ICE mobilization/protections.,1
immigrant,in support of ICE,0,"Supports mass deportation, ICE, or expansion of ICE detention; opposing direction.",4
immigrant,in support of ICE workers and the agency,0,"Supports mass deportation, ICE, or expansion of ICE detention; opposing direction.",1
immigrant,in support of ICe,0,"Supports mass deportation, ICE, or expansion of ICE detention; opposing direction.",1
immigrant,in support of Juan De La Cruz during his check in at the St. Albans ICE office,1,Supports people targeted/detained by immigration authorities or explicitly anti-ICE mobilization/protections.,1
immigrant,in support of McIver and Newark Mayor Ras Baraka's efforts to close the ICE detention center at Delaney Hall,1,Supports people targeted/detained by immigration authorities or explicitly anti-ICE mobilization/protections.,1
immigrant,in support of President Trump's immigration policies,0,Ambiguous/indirect claim without explicit immigrant rights/protection or opposition to immigration enforcement.,2
immigrant,in support of South East Asian immigrants,1,"Supports immigrant/migrant communities, their wellbeing and inclusion, humane policy, or solidarity.",1
immigrant,in support of US veteran Zahid Chaudhry facing deportation,1,"Opposes deportation or supports protection, due process, or solidarity for people facing deportation.",1
immigrant,in support of Wuendy Bernardo at her ICE appointment,1,Supports people targeted/detained by immigration authorities or explicitly anti-ICE mobilization/protections.,1
immigrant,in support of a resolution by the Dauphin County Commissioners that would prevent county employees from collaborating with federal immigration enforcement,1,Supports people targeted/detained by immigration authorities or explicitly anti-ICE mobilization/protections.,1
immigrant,in support of immigrant families,1,"Supports immigrant/migrant communities, their wellbeing and inclusion, humane policy, or solidarity.",1
immigrant,in support of immigrant rights,1,"Explicitly supports immigrant/migrant rights, legal safeguards, asylum, or protection.",1
immigrant,in support of immigrants,1,"Supports immigrant/migrant communities, their wellbeing and inclusion, humane policy, or solidarity.",10
immigrant,in support of president Trump's immigration policies,0,Ambiguous/indirect claim without explicit immigrant rights/protection or opposition to immigration enforcement.,1
immigrant,in support of pro-Palestinian activists threatened with deportation in the US,1,"Opposes deportation or supports protection, due process, or solidarity for people facing deportation.",1
immigrant,in support of the Latino and immigrant community,1,"Supports immigrant/migrant communities, their wellbeing and inclusion, humane policy, or solidarity.",1
immigrant,in support of the Worcester Woman who was detained by ICE,1,Supports people targeted/detained by immigration authorities or explicitly anti-ICE mobilization/protections.,1
immigrant,in support of the construction of a new ICE detention facility in the Florida Everglades called Alligator Alcatraz,0,"Supports mass deportation, ICE, or expansion of ICE detention; opposing direction.",1
immigrant,in support of the immigrant community,1,"Supports immigrant/migrant communities, their wellbeing and inclusion, humane policy, or solidarity.",1
immigrant,in support of the immigrant community at Boston University,1,"Supports immigrant/migrant communities, their wellbeing and inclusion, humane policy, or solidarity.",1
immigrant,in support of those being held by ICE at the Butler County Jail,1,Supports people targeted/detained by immigration authorities or explicitly anti-ICE mobilization/protections.,1
immigrant,in support of three Sackets Harbor Central School District children who were removed from their home and detained by ICE,1,Supports people targeted/detained by immigration authorities or explicitly anti-ICE mobilization/protections.,1
immigrant,protection for immigrants,1,"Explicitly supports immigrant/migrant rights, legal safeguards, asylum, or protection.",1
immigrant,protest inhumane detention conditions at the ICE Dallas Field Office during an extreme summer heatwave,1,"Opposes ICE/CBP, enforcement/raids/detention, or institutional cooperation, recruitment, presence, funding, or expansion.",1
immigrant,solidarity with immigrants,1,"Supports immigrant/migrant communities, their wellbeing and inclusion, humane policy, or solidarity.",1
immigrant,support for immigrant communities,1,"Supports immigrant/migrant communities, their wellbeing and inclusion, humane policy, or solidarity.",1
immigrant,support for immigrant students and families,1,"Supports immigrant/migrant communities, their wellbeing and inclusion, humane policy, or solidarity.",1
immigrant,to celebrate immigrant contributions and heritage in the Santa Maria Valley,0,Celebrates immigrant contributions/heritage without an explicit rights/protection or anti-enforcement claim.,1
immigrant,"to demand humane treatment, transparency and accountability for immigrant detainees",1,"Supports immigrant/migrant communities, their wellbeing and inclusion, humane policy, or solidarity.",1
ukraine,For honoring Ukraine’s sovereignty and uplifting its voice locally,1,Explicit support for Ukrainian sovereignty and voice.,1
ukraine,In solidarity with Ukraine,1,Explicit solidarity with Ukraine.,4
ukraine,against President Biden's decision to allow Ukraine to use U.S.-supplied ATACM missiles to attack Russia,0,Opposes authorization for Ukraine to use US-supplied missiles; not explicit support for Ukraine.,1
ukraine,against President Donald Trump's conduct regarding Ukraine,0,Unspecified criticism of Trump conduct; supportive direction toward Ukraine is not explicit.,1
ukraine,against President Trump cutting aid to Ukraine,1,Opposes cutting aid to Ukraine; explicitly favors continued aid.,1
ukraine,against President Trump's decision to halt aid to Ukraine,1,Opposes halting aid to Ukraine; explicitly favors continued aid.,6
ukraine,against President Trump's foreign policy toward Ukraine,0,Unspecified criticism of Trump foreign policy; supportive direction toward Ukraine is not explicit.,1
ukraine,against President Trump's negotiations with Russia regarding the Ukraine War,0,Opposes unspecified negotiations; does not explicitly support Ukraine or oppose Russian invasion.,2
ukraine,against President Trump's treatment of Ukraine during the ongoing war,0,Unspecified criticism of treatment of Ukraine; explicit support or aid demand absent.,1
ukraine,against Rep. Anna Paulina Luna supporting President Trump cutting aid to Ukraine,1,Opposes support for cutting aid to Ukraine; explicitly favors continued aid.,1
ukraine,against Russia's invasion and war in Ukraine,1,Explicit opposition to Russian invasion and war against Ukraine.,51
ukraine,against Russia's invasion of Ukraine,1,Explicit opposition to Russian invasion of Ukraine.,15
ukraine,against Russia's ongoing violence in Ukraine,1,Explicit opposition to Russian violence against Ukraine.,1
ukraine,against Russian war on Ukraine,1,Explicit opposition to Russian war against Ukraine.,14
ukraine,against Trump adminstration's position towards Ukraine,0,Unspecified criticism of administration position; supportive direction toward Ukraine is not explicit.,1
ukraine,against Trump claiming Ukraine was responsible for the war,0,Rejects attribution of war responsibility but does not explicitly endorse Ukraine or oppose Russian invasion.,2
ukraine,against Trump's cutting off of aid to Ukraine,1,Opposes cutting off aid to Ukraine; explicitly favors continued aid.,1
ukraine,against US having ceasefire talks with Russia without Ukraine,0,"Opposes exclusion from ceasefire talks; no explicit support, aid, sovereignty, or anti-invasion demand.",2
ukraine,against Vladimir Putin's war on Ukraine,1,Explicit opposition to Putin war against Ukraine.,1
ukraine,against president Trump's Ukraine policies,0,Unspecified criticism of Trump policies; supportive direction toward Ukraine is not explicit.,1
ukraine,against the Russian invasion and war in Ukraine,1,Explicit opposition to Russian invasion and war against Ukraine.,1
ukraine,against the Trump administration cutting funding to Ukraine,1,Opposes cutting funding to Ukraine; explicitly favors continued aid.,1
ukraine,against the Ukraine-Russia war,0,Generic opposition to bilateral war; no explicit supportive direction toward Ukraine.,1
ukraine,against the war in Ukraine,0,Generic opposition to war in Ukraine; no explicit supportive direction.,2
ukraine,against the war on Ukraine,1,"Opposes war on Ukraine, explicitly identifying Ukraine as the target rather than merely the location.",1
ukraine,against war crimes perpetrated by Russia in Ukraine,1,Explicit opposition to Russian war crimes in Ukraine.,1
ukraine,agaisnt the war in Ukraine,0,Generic opposition to war in Ukraine; misspelling preserved; no explicit supportive direction.,1
ukraine,for Calling on the United States not to abandon Ukraine in its struggle against Russia’s invasion and ongoing aggression,1,Explicit call for US to support Ukraine against Russian invasion and aggression.,1
ukraine,for Celebrating Ukraine’s Independence Day,0,"Celebration alone does not explicitly demand solidarity, aid, sovereignty or opposition to invasion; same rule as commemorative-only claims.",1
ukraine,for US standing with Ukraine,1,Explicit call for US solidarity with Ukraine.,30
ukraine,for Ukraine,1,Explicit affirmative support for Ukraine.,18
ukraine,for Ukrainian liberation,1,Explicit support for Ukrainian liberation.,1
ukraine,for Us support for Ukraine,1,Explicit support for US support to Ukraine.,1
ukraine,for a ceasefire in Ukraine,0,Ceasefire-only demand; no explicit supportive direction toward Ukraine.,5
ukraine,for a fair peace for Ukraine,0,"Fair peace is not defined; no explicit support, aid, sovereignty, or anti-invasion demand.",3
ukraine,for an end to Russia's war on Ukraine,1,Explicit opposition to Russian war against Ukraine.,1
ukraine,for ceasefire in Ukraine,0,Ceasefire-only demand; no explicit supportive direction toward Ukraine.,53
ukraine,for economic and military support from the US for Ukraine,1,Explicit support for US economic and military aid to Ukraine.,2
ukraine,for freedom for Ukraine,1,Explicit support for freedom for Ukraine.,2
ukraine,for freedom in Ukraine,0,Freedom in Ukraine could refer to domestic rights; support for Ukraine or its sovereignty is not explicit.,1
ukraine,for freeing Ukrainian prisoners of war,1,Explicit support for liberation of Ukrainian prisoners of war; humanitarian solidarity.,1
ukraine,for increasing American support for Ukrainian defense,1,Explicit support for increased aid to Ukrainian defense.,1
ukraine,"for international aid and solidarity with Ukraine, for the Ukrainian people's right to defend their country, against Trump’s characterization of Ukraine as responsible for the war, against the lack of support for Ukrainian refugees in the U.S., against the potential end of American aid to Ukraine, against misinformation about Ukraine’s role in the war, for peace and justice in Ukraine, for continued and increased U.S. support for Ukraine, for raising awareness about the war’s impact on Ukrainians, for ensuring safety for Ukrainian refugees in the U.S.",1,"Explicit international solidarity, aid, self-defense and continued US support; comma-separated material remains one semicolon-delimited clause.",1
ukraine,for peace and freedom for Ukraine,1,Explicit support for freedom for Ukraine in addition to peace.,1
ukraine,for peace in Ukraine,0,Generic peace-only demand; no explicit supportive direction toward Ukraine.,4
ukraine,for providing support to Ukraine,1,Explicit support for providing support to Ukraine.,7
ukraine,for solidarity with Ukraine,1,Explicit solidarity with Ukraine.,1
ukraine,for support for Ukraine,1,Explicit support for Ukraine.,1
ukraine,for supporting Ukraine,1,Explicit support for Ukraine.,1
ukraine,for supporting Ukraine against the Russian invasion,1,Explicit support for Ukraine against Russian invasion.,1
ukraine,for supporting Ukraine's independence,1,Explicit support for Ukrainian independence and sovereignty.,1
ukraine,for supporting the Ukrainian President Volodymyr Zelenskyy after his heated exchange in the Oval Office,1,Explicit political solidarity with Ukrainian president following Oval Office exchange.,1
ukraine,for the US aiding Ukraine,1,Explicit support for US aid to Ukraine.,1
ukraine,for the US supporting Ukraine,1,Explicit support for US support to Ukraine.,284
ukraine,for withdrawing Russian troops from Ukraine,1,Explicit demand for Russian troop withdrawal from Ukraine; opposes Russian invasion/occupation.,53
ukraine,in commemoration of Ukraine's independence day,0,"Descriptive commemoration only, unlike an affirmative call to celebrate independence; explicit supportive direction absent.",1
ukraine,in commemoration of the 3rd year anniversary of Russia's invasion of Ukrain,0,Anniversary commemoration alone does not state solidarity or opposition; truncated spelling preserved.,1
ukraine,in commemoration of the anniversary of the unification of Ukraine in 1919,0,Historical unification commemoration alone; explicit supportive direction absent.,1
ukraine,in commemoration of the third anniversary of Russia's attack on Ukraine,0,Anniversary commemoration alone does not state solidarity or opposition to attack.,13
ukraine,in solidarity with Ukraine,1,Explicit solidarity with Ukraine.,89
ukraine,in solidartity with Ukraine,1,Explicit solidarity with Ukraine; misspelling preserved.,1
ukraine,in support of Ukraine,1,Explicit support for Ukraine.,3
