country,country_name,indicator,year,value,source_flag,source,unit
BE,Belgium,I_IUSNET,2014,52.43,,Eurostat: isoc_ci_ac_i,percent
BE,Belgium,I_IUSNET,2015,66.72,,Eurostat: isoc_ci_ac_i,percent
BE,Belgium,I_IUSNET,2016,69.31,,Eurostat: isoc_ci_ac_i,percent
BE,Belgium,I_IUSNET,2017,72.02,,Eurostat: isoc_ci_ac_i,percent
BE,Belgium,I_IUSNET,2018,72.6,,Eurostat: isoc_ci_ac_i,percent
BE,Belgium,I_IUSNET,2019,75.53,,Eurostat: isoc_ci_ac_i,percent
BE,Belgium,I_IUSNET,2020,78.9,u,Eurostat: isoc_ci_ac_i,percent
BE,Belgium,I_IUSNET,2021,62.78,b,Eurostat: isoc_ci_ac_i,percent
BE,Belgium,I_IUSNET,2022,67.84,,Eurostat: isoc_ci_ac_i,percent
BE,Belgium,I_IUSNET,2023,68.48,,Eurostat: isoc_ci_ac_i,percent
BE,Belgium,I_IUSNET,2024,72.26,,Eurostat: isoc_ci_ac_i,percent
BE,Belgium,I_IUSNET,2025,67.68,,Eurostat: isoc_ci_ac_i,percent
BE,Belgium,I_IUVOTE,2014,,,Eurostat: isoc_ci_ac_i,percent
BE,Belgium,I_IUVOTE,2015,4.85,,Eurostat: isoc_ci_ac_i,percent
BE,Belgium,I_IUVOTE,2016,,,Eurostat: isoc_ci_ac_i,percent
BE,Belgium,I_IUVOTE,2017,5.48,,Eurostat: isoc_ci_ac_i,percent
BE,Belgium,I_IUVOTE,2018,,,Eurostat: isoc_ci_ac_i,percent
BE,Belgium,I_IUVOTE,2019,5.21,,Eurostat: isoc_ci_ac_i,percent
BE,Belgium,I_IUVOTE,2020,,,Eurostat: isoc_ci_ac_i,percent
BE,Belgium,I_IUVOTE,2021,4.95,,Eurostat: isoc_ci_ac_i,percent
BE,Belgium,I_IUVOTE,2022,6.24,,Eurostat: isoc_ci_ac_i,percent
BE,Belgium,I_IUVOTE,2023,5.96,,Eurostat: isoc_ci_ac_i,percent
BE,Belgium,I_IUVOTE,2024,7.95,,Eurostat: isoc_ci_ac_i,percent
BE,Belgium,I_IUVOTE,2025,5.74,,Eurostat: isoc_ci_ac_i,percent
BE,Belgium,I_IUPOL2,2014,,,Eurostat: isoc_ci_ac_i,percent
BE,Belgium,I_IUPOL2,2015,,,Eurostat: isoc_ci_ac_i,percent
BE,Belgium,I_IUPOL2,2016,,,Eurostat: isoc_ci_ac_i,percent
BE,Belgium,I_IUPOL2,2017,,,Eurostat: isoc_ci_ac_i,percent
BE,Belgium,I_IUPOL2,2018,,,Eurostat: isoc_ci_ac_i,percent
BE,Belgium,I_IUPOL2,2019,,,Eurostat: isoc_ci_ac_i,percent
BE,Belgium,I_IUPOL2,2020,,,Eurostat: isoc_ci_ac_i,percent
BE,Belgium,I_IUPOL2,2021,9.53,,Eurostat: isoc_ci_ac_i,percent
BE,Belgium,I_IUPOL2,2022,10.44,,Eurostat: isoc_ci_ac_i,percent
BE,Belgium,I_IUPOL2,2023,10.85,,Eurostat: isoc_ci_ac_i,percent
BE,Belgium,I_IUPOL2,2024,11.0,,Eurostat: isoc_ci_ac_i,percent
BE,Belgium,I_IUPOL2,2025,7.58,,Eurostat: isoc_ci_ac_i,percent
BE,Belgium,I_IUCPP,2014,,,Eurostat: isoc_ci_ac_i,percent
BE,Belgium,I_IUCPP,2015,8.07,,Eurostat: isoc_ci_ac_i,percent
BE,Belgium,I_IUCPP,2016,,,Eurostat: isoc_ci_ac_i,percent
BE,Belgium,I_IUCPP,2017,8.71,,Eurostat: isoc_ci_ac_i,percent
BE,Belgium,I_IUCPP,2018,,,Eurostat: isoc_ci_ac_i,percent
BE,Belgium,I_IUCPP,2019,8.32,,Eurostat: isoc_ci_ac_i,percent
BE,Belgium,I_IUCPP,2020,,,Eurostat: isoc_ci_ac_i,percent
BE,Belgium,I_IUCPP,2021,12.15,,Eurostat: isoc_ci_ac_i,percent
BE,Belgium,I_IUCPP,2022,13.34,,Eurostat: isoc_ci_ac_i,percent
BE,Belgium,I_IUCPP,2023,13.62,,Eurostat: isoc_ci_ac_i,percent
BE,Belgium,I_IUCPP,2024,14.58,,Eurostat: isoc_ci_ac_i,percent
BE,Belgium,I_IUCPP,2025,10.78,,Eurostat: isoc_ci_ac_i,percent
BE,Belgium,I_IUVOD,2014,,,Eurostat: isoc_ci_ac_i,percent
BE,Belgium,I_IUVOD,2015,,,Eurostat: isoc_ci_ac_i,percent
BE,Belgium,I_IUVOD,2016,10.66,,Eurostat: isoc_ci_ac_i,percent
BE,Belgium,I_IUVOD,2017,,,Eurostat: isoc_ci_ac_i,percent
BE,Belgium,I_IUVOD,2018,21.01,,Eurostat: isoc_ci_ac_i,percent
BE,Belgium,I_IUVOD,2019,,,Eurostat: isoc_ci_ac_i,percent
BE,Belgium,I_IUVOD,2020,34.57,,Eurostat: isoc_ci_ac_i,percent
BE,Belgium,I_IUVOD,2021,,,Eurostat: isoc_ci_ac_i,percent
BE,Belgium,I_IUVOD,2022,43.4,,Eurostat: isoc_ci_ac_i,percent
BE,Belgium,I_IUVOD,2023,,,Eurostat: isoc_ci_ac_i,percent
BE,Belgium,I_IUVOD,2024,46.74,,Eurostat: isoc_ci_ac_i,percent
BE,Belgium,I_IUVOD,2025,,,Eurostat: isoc_ci_ac_i,percent
BE,Belgium,deprivation,2015,7.2,,Eurostat: ilc_mdsd11,percent
BE,Belgium,deprivation,2016,8.4,,Eurostat: ilc_mdsd11,percent
BE,Belgium,deprivation,2017,7.2,,Eurostat: ilc_mdsd11,percent
BE,Belgium,deprivation,2018,6.5,,Eurostat: ilc_mdsd11,percent
BE,Belgium,deprivation,2019,6.2,,Eurostat: ilc_mdsd11,percent
BE,Belgium,deprivation,2020,6.7,,Eurostat: ilc_mdsd11,percent
BE,Belgium,deprivation,2021,6.2,,Eurostat: ilc_mdsd11,percent
BE,Belgium,deprivation,2022,5.7,,Eurostat: ilc_mdsd11,percent
BE,Belgium,deprivation,2023,6.1,,Eurostat: ilc_mdsd11,percent
BE,Belgium,deprivation,2024,6.2,,Eurostat: ilc_mdsd11,percent
BE,Belgium,deprivation,2025,4.9,,Eurostat: ilc_mdsd11,percent
BG,Bulgaria,I_IUSNET,2014,39.57,,Eurostat: isoc_ci_ac_i,percent
BG,Bulgaria,I_IUSNET,2015,42.15,,Eurostat: isoc_ci_ac_i,percent
BG,Bulgaria,I_IUSNET,2016,45.03,,Eurostat: isoc_ci_ac_i,percent
BG,Bulgaria,I_IUSNET,2017,49.95,,Eurostat: isoc_ci_ac_i,percent
BG,Bulgaria,I_IUSNET,2018,51.36,,Eurostat: isoc_ci_ac_i,percent
BG,Bulgaria,I_IUSNET,2019,52.85,,Eurostat: isoc_ci_ac_i,percent
BG,Bulgaria,I_IUSNET,2020,54.74,,Eurostat: isoc_ci_ac_i,percent
BG,Bulgaria,I_IUSNET,2021,60.05,,Eurostat: isoc_ci_ac_i,percent
BG,Bulgaria,I_IUSNET,2022,63.42,,Eurostat: isoc_ci_ac_i,percent
BG,Bulgaria,I_IUSNET,2023,64.2,,Eurostat: isoc_ci_ac_i,percent
BG,Bulgaria,I_IUSNET,2024,64.99,,Eurostat: isoc_ci_ac_i,percent
BG,Bulgaria,I_IUSNET,2025,71.06,,Eurostat: isoc_ci_ac_i,percent
BG,Bulgaria,I_IUVOTE,2014,,,Eurostat: isoc_ci_ac_i,percent
BG,Bulgaria,I_IUVOTE,2015,2.98,,Eurostat: isoc_ci_ac_i,percent
BG,Bulgaria,I_IUVOTE,2016,,,Eurostat: isoc_ci_ac_i,percent
BG,Bulgaria,I_IUVOTE,2017,2.6,,Eurostat: isoc_ci_ac_i,percent
BG,Bulgaria,I_IUVOTE,2018,,,Eurostat: isoc_ci_ac_i,percent
BG,Bulgaria,I_IUVOTE,2019,3.54,,Eurostat: isoc_ci_ac_i,percent
BG,Bulgaria,I_IUVOTE,2020,,,Eurostat: isoc_ci_ac_i,percent
BG,Bulgaria,I_IUVOTE,2021,4.01,,Eurostat: isoc_ci_ac_i,percent
BG,Bulgaria,I_IUVOTE,2022,7.58,,Eurostat: isoc_ci_ac_i,percent
BG,Bulgaria,I_IUVOTE,2023,6.84,,Eurostat: isoc_ci_ac_i,percent
BG,Bulgaria,I_IUVOTE,2024,8.73,,Eurostat: isoc_ci_ac_i,percent
BG,Bulgaria,I_IUVOTE,2025,6.59,,Eurostat: isoc_ci_ac_i,percent
BG,Bulgaria,I_IUPOL2,2014,,,Eurostat: isoc_ci_ac_i,percent
BG,Bulgaria,I_IUPOL2,2015,,,Eurostat: isoc_ci_ac_i,percent
BG,Bulgaria,I_IUPOL2,2016,,,Eurostat: isoc_ci_ac_i,percent
BG,Bulgaria,I_IUPOL2,2017,,,Eurostat: isoc_ci_ac_i,percent
BG,Bulgaria,I_IUPOL2,2018,,,Eurostat: isoc_ci_ac_i,percent
BG,Bulgaria,I_IUPOL2,2019,,,Eurostat: isoc_ci_ac_i,percent
BG,Bulgaria,I_IUPOL2,2020,,,Eurostat: isoc_ci_ac_i,percent
BG,Bulgaria,I_IUPOL2,2021,15.12,,Eurostat: isoc_ci_ac_i,percent
BG,Bulgaria,I_IUPOL2,2022,16.82,,Eurostat: isoc_ci_ac_i,percent
BG,Bulgaria,I_IUPOL2,2023,17.2,,Eurostat: isoc_ci_ac_i,percent
BG,Bulgaria,I_IUPOL2,2024,19.77,,Eurostat: isoc_ci_ac_i,percent
BG,Bulgaria,I_IUPOL2,2025,18.08,,Eurostat: isoc_ci_ac_i,percent
BG,Bulgaria,I_IUCPP,2014,,,Eurostat: isoc_ci_ac_i,percent
BG,Bulgaria,I_IUCPP,2015,9.01,,Eurostat: isoc_ci_ac_i,percent
BG,Bulgaria,I_IUCPP,2016,,,Eurostat: isoc_ci_ac_i,percent
BG,Bulgaria,I_IUCPP,2017,8.1,,Eurostat: isoc_ci_ac_i,percent
BG,Bulgaria,I_IUCPP,2018,,,Eurostat: isoc_ci_ac_i,percent
BG,Bulgaria,I_IUCPP,2019,10.4,,Eurostat: isoc_ci_ac_i,percent
BG,Bulgaria,I_IUCPP,2020,,,Eurostat: isoc_ci_ac_i,percent
BG,Bulgaria,I_IUCPP,2021,16.0,,Eurostat: isoc_ci_ac_i,percent
BG,Bulgaria,I_IUCPP,2022,17.86,,Eurostat: isoc_ci_ac_i,percent
BG,Bulgaria,I_IUCPP,2023,18.73,,Eurostat: isoc_ci_ac_i,percent
BG,Bulgaria,I_IUCPP,2024,21.07,,Eurostat: isoc_ci_ac_i,percent
BG,Bulgaria,I_IUCPP,2025,19.83,,Eurostat: isoc_ci_ac_i,percent
BG,Bulgaria,I_IUVOD,2014,,,Eurostat: isoc_ci_ac_i,percent
BG,Bulgaria,I_IUVOD,2015,,,Eurostat: isoc_ci_ac_i,percent
BG,Bulgaria,I_IUVOD,2016,4.82,,Eurostat: isoc_ci_ac_i,percent
BG,Bulgaria,I_IUVOD,2017,,,Eurostat: isoc_ci_ac_i,percent
BG,Bulgaria,I_IUVOD,2018,6.08,,Eurostat: isoc_ci_ac_i,percent
BG,Bulgaria,I_IUVOD,2019,,,Eurostat: isoc_ci_ac_i,percent
BG,Bulgaria,I_IUVOD,2020,6.06,,Eurostat: isoc_ci_ac_i,percent
BG,Bulgaria,I_IUVOD,2021,,,Eurostat: isoc_ci_ac_i,percent
BG,Bulgaria,I_IUVOD,2022,8.43,,Eurostat: isoc_ci_ac_i,percent
BG,Bulgaria,I_IUVOD,2023,,,Eurostat: isoc_ci_ac_i,percent
BG,Bulgaria,I_IUVOD,2024,11.67,,Eurostat: isoc_ci_ac_i,percent
BG,Bulgaria,I_IUVOD,2025,,,Eurostat: isoc_ci_ac_i,percent
BG,Bulgaria,deprivation,2015,36.8,,Eurostat: ilc_mdsd11,percent
BG,Bulgaria,deprivation,2016,33.5,,Eurostat: ilc_mdsd11,percent
BG,Bulgaria,deprivation,2017,30.0,,Eurostat: ilc_mdsd11,percent
BG,Bulgaria,deprivation,2018,22.3,,Eurostat: ilc_mdsd11,percent
BG,Bulgaria,deprivation,2019,22.1,,Eurostat: ilc_mdsd11,percent
BG,Bulgaria,deprivation,2020,22.1,,Eurostat: ilc_mdsd11,percent
BG,Bulgaria,deprivation,2021,19.1,,Eurostat: ilc_mdsd11,percent
BG,Bulgaria,deprivation,2022,18.7,,Eurostat: ilc_mdsd11,percent
BG,Bulgaria,deprivation,2023,18.0,,Eurostat: ilc_mdsd11,percent
BG,Bulgaria,deprivation,2024,16.6,,Eurostat: ilc_mdsd11,percent
BG,Bulgaria,deprivation,2025,15.0,,Eurostat: ilc_mdsd11,percent
CZ,Czechia,I_IUSNET,2014,39.98,,Eurostat: isoc_ci_ac_i,percent
CZ,Czechia,I_IUSNET,2015,40.64,,Eurostat: isoc_ci_ac_i,percent
CZ,Czechia,I_IUSNET,2016,45.05,,Eurostat: isoc_ci_ac_i,percent
CZ,Czechia,I_IUSNET,2017,48.35,,Eurostat: isoc_ci_ac_i,percent
CZ,Czechia,I_IUSNET,2018,55.57,b,Eurostat: isoc_ci_ac_i,percent
CZ,Czechia,I_IUSNET,2019,58.95,,Eurostat: isoc_ci_ac_i,percent
CZ,Czechia,I_IUSNET,2020,58.97,,Eurostat: isoc_ci_ac_i,percent
CZ,Czechia,I_IUSNET,2021,61.5,,Eurostat: isoc_ci_ac_i,percent
CZ,Czechia,I_IUSNET,2022,64.13,,Eurostat: isoc_ci_ac_i,percent
CZ,Czechia,I_IUSNET,2023,68.13,,Eurostat: isoc_ci_ac_i,percent
CZ,Czechia,I_IUSNET,2024,70.24,,Eurostat: isoc_ci_ac_i,percent
CZ,Czechia,I_IUSNET,2025,70.09,,Eurostat: isoc_ci_ac_i,percent
CZ,Czechia,I_IUVOTE,2014,,,Eurostat: isoc_ci_ac_i,percent
CZ,Czechia,I_IUVOTE,2015,4.9,,Eurostat: isoc_ci_ac_i,percent
CZ,Czechia,I_IUVOTE,2016,,,Eurostat: isoc_ci_ac_i,percent
CZ,Czechia,I_IUVOTE,2017,2.55,,Eurostat: isoc_ci_ac_i,percent
CZ,Czechia,I_IUVOTE,2018,,,Eurostat: isoc_ci_ac_i,percent
CZ,Czechia,I_IUVOTE,2019,5.93,b,Eurostat: isoc_ci_ac_i,percent
CZ,Czechia,I_IUVOTE,2020,,,Eurostat: isoc_ci_ac_i,percent
CZ,Czechia,I_IUVOTE,2021,6.06,,Eurostat: isoc_ci_ac_i,percent
CZ,Czechia,I_IUVOTE,2022,8.43,,Eurostat: isoc_ci_ac_i,percent
CZ,Czechia,I_IUVOTE,2023,8.1,,Eurostat: isoc_ci_ac_i,percent
CZ,Czechia,I_IUVOTE,2024,8.64,,Eurostat: isoc_ci_ac_i,percent
CZ,Czechia,I_IUVOTE,2025,8.14,,Eurostat: isoc_ci_ac_i,percent
CZ,Czechia,I_IUPOL2,2014,,,Eurostat: isoc_ci_ac_i,percent
CZ,Czechia,I_IUPOL2,2015,,,Eurostat: isoc_ci_ac_i,percent
CZ,Czechia,I_IUPOL2,2016,,,Eurostat: isoc_ci_ac_i,percent
CZ,Czechia,I_IUPOL2,2017,,,Eurostat: isoc_ci_ac_i,percent
CZ,Czechia,I_IUPOL2,2018,,,Eurostat: isoc_ci_ac_i,percent
CZ,Czechia,I_IUPOL2,2019,,,Eurostat: isoc_ci_ac_i,percent
CZ,Czechia,I_IUPOL2,2020,,,Eurostat: isoc_ci_ac_i,percent
CZ,Czechia,I_IUPOL2,2021,6.57,,Eurostat: isoc_ci_ac_i,percent
CZ,Czechia,I_IUPOL2,2022,9.0,,Eurostat: isoc_ci_ac_i,percent
CZ,Czechia,I_IUPOL2,2023,7.88,,Eurostat: isoc_ci_ac_i,percent
CZ,Czechia,I_IUPOL2,2024,8.02,,Eurostat: isoc_ci_ac_i,percent
CZ,Czechia,I_IUPOL2,2025,7.0,,Eurostat: isoc_ci_ac_i,percent
CZ,Czechia,I_IUCPP,2014,,,Eurostat: isoc_ci_ac_i,percent
CZ,Czechia,I_IUCPP,2015,4.9,,Eurostat: isoc_ci_ac_i,percent
CZ,Czechia,I_IUCPP,2016,,,Eurostat: isoc_ci_ac_i,percent
CZ,Czechia,I_IUCPP,2017,5.16,,Eurostat: isoc_ci_ac_i,percent
CZ,Czechia,I_IUCPP,2018,,,Eurostat: isoc_ci_ac_i,percent
CZ,Czechia,I_IUCPP,2019,12.81,b,Eurostat: isoc_ci_ac_i,percent
CZ,Czechia,I_IUCPP,2020,,,Eurostat: isoc_ci_ac_i,percent
CZ,Czechia,I_IUCPP,2021,9.18,,Eurostat: isoc_ci_ac_i,percent
CZ,Czechia,I_IUCPP,2022,12.16,,Eurostat: isoc_ci_ac_i,percent
CZ,Czechia,I_IUCPP,2023,11.87,,Eurostat: isoc_ci_ac_i,percent
CZ,Czechia,I_IUCPP,2024,12.43,,Eurostat: isoc_ci_ac_i,percent
CZ,Czechia,I_IUCPP,2025,11.77,,Eurostat: isoc_ci_ac_i,percent
CZ,Czechia,I_IUVOD,2014,,,Eurostat: isoc_ci_ac_i,percent
CZ,Czechia,I_IUVOD,2015,,,Eurostat: isoc_ci_ac_i,percent
CZ,Czechia,I_IUVOD,2016,3.18,,Eurostat: isoc_ci_ac_i,percent
CZ,Czechia,I_IUVOD,2017,,,Eurostat: isoc_ci_ac_i,percent
CZ,Czechia,I_IUVOD,2018,4.38,,Eurostat: isoc_ci_ac_i,percent
CZ,Czechia,I_IUVOD,2019,,,Eurostat: isoc_ci_ac_i,percent
CZ,Czechia,I_IUVOD,2020,11.57,,Eurostat: isoc_ci_ac_i,percent
CZ,Czechia,I_IUVOD,2021,,,Eurostat: isoc_ci_ac_i,percent
CZ,Czechia,I_IUVOD,2022,24.27,,Eurostat: isoc_ci_ac_i,percent
CZ,Czechia,I_IUVOD,2023,,,Eurostat: isoc_ci_ac_i,percent
CZ,Czechia,I_IUVOD,2024,46.69,,Eurostat: isoc_ci_ac_i,percent
CZ,Czechia,I_IUVOD,2025,,,Eurostat: isoc_ci_ac_i,percent
CZ,Czechia,deprivation,2015,4.5,,Eurostat: ilc_mdsd11,percent
CZ,Czechia,deprivation,2016,3.5,,Eurostat: ilc_mdsd11,percent
CZ,Czechia,deprivation,2017,3.4,,Eurostat: ilc_mdsd11,percent
CZ,Czechia,deprivation,2018,2.4,,Eurostat: ilc_mdsd11,percent
CZ,Czechia,deprivation,2019,2.1,,Eurostat: ilc_mdsd11,percent
CZ,Czechia,deprivation,2020,1.9,,Eurostat: ilc_mdsd11,percent
CZ,Czechia,deprivation,2021,1.8,,Eurostat: ilc_mdsd11,percent
CZ,Czechia,deprivation,2022,2.1,,Eurostat: ilc_mdsd11,percent
CZ,Czechia,deprivation,2023,2.7,,Eurostat: ilc_mdsd11,percent
CZ,Czechia,deprivation,2024,2.6,,Eurostat: ilc_mdsd11,percent
CZ,Czechia,deprivation,2025,2.6,,Eurostat: ilc_mdsd11,percent
DK,Denmark,I_IUSNET,2014,66.49,,Eurostat: isoc_ci_ac_i,percent
DK,Denmark,I_IUSNET,2015,64.86,,Eurostat: isoc_ci_ac_i,percent
DK,Denmark,I_IUSNET,2016,74.37,,Eurostat: isoc_ci_ac_i,percent
DK,Denmark,I_IUSNET,2017,75.5,,Eurostat: isoc_ci_ac_i,percent
DK,Denmark,I_IUSNET,2018,78.64,,Eurostat: isoc_ci_ac_i,percent
DK,Denmark,I_IUSNET,2019,80.76,,Eurostat: isoc_ci_ac_i,percent
DK,Denmark,I_IUSNET,2020,85.01,,Eurostat: isoc_ci_ac_i,percent
DK,Denmark,I_IUSNET,2021,85.42,,Eurostat: isoc_ci_ac_i,percent
DK,Denmark,I_IUSNET,2022,84.73,,Eurostat: isoc_ci_ac_i,percent
DK,Denmark,I_IUSNET,2023,91.02,,Eurostat: isoc_ci_ac_i,percent
DK,Denmark,I_IUSNET,2024,90.02,,Eurostat: isoc_ci_ac_i,percent
DK,Denmark,I_IUSNET,2025,89.66,,Eurostat: isoc_ci_ac_i,percent
DK,Denmark,I_IUVOTE,2014,,,Eurostat: isoc_ci_ac_i,percent
DK,Denmark,I_IUVOTE,2015,13.22,,Eurostat: isoc_ci_ac_i,percent
DK,Denmark,I_IUVOTE,2016,,,Eurostat: isoc_ci_ac_i,percent
DK,Denmark,I_IUVOTE,2017,13.52,,Eurostat: isoc_ci_ac_i,percent
DK,Denmark,I_IUVOTE,2018,,,Eurostat: isoc_ci_ac_i,percent
DK,Denmark,I_IUVOTE,2019,15.0,,Eurostat: isoc_ci_ac_i,percent
DK,Denmark,I_IUVOTE,2020,,,Eurostat: isoc_ci_ac_i,percent
DK,Denmark,I_IUVOTE,2021,12.35,,Eurostat: isoc_ci_ac_i,percent
DK,Denmark,I_IUVOTE,2022,12.87,,Eurostat: isoc_ci_ac_i,percent
DK,Denmark,I_IUVOTE,2023,12.02,,Eurostat: isoc_ci_ac_i,percent
DK,Denmark,I_IUVOTE,2024,12.96,,Eurostat: isoc_ci_ac_i,percent
DK,Denmark,I_IUVOTE,2025,12.07,,Eurostat: isoc_ci_ac_i,percent
DK,Denmark,I_IUPOL2,2014,,,Eurostat: isoc_ci_ac_i,percent
DK,Denmark,I_IUPOL2,2015,,,Eurostat: isoc_ci_ac_i,percent
DK,Denmark,I_IUPOL2,2016,,,Eurostat: isoc_ci_ac_i,percent
DK,Denmark,I_IUPOL2,2017,,,Eurostat: isoc_ci_ac_i,percent
DK,Denmark,I_IUPOL2,2018,,,Eurostat: isoc_ci_ac_i,percent
DK,Denmark,I_IUPOL2,2019,,,Eurostat: isoc_ci_ac_i,percent
DK,Denmark,I_IUPOL2,2020,,,Eurostat: isoc_ci_ac_i,percent
DK,Denmark,I_IUPOL2,2021,20.63,,Eurostat: isoc_ci_ac_i,percent
DK,Denmark,I_IUPOL2,2022,18.84,,Eurostat: isoc_ci_ac_i,percent
DK,Denmark,I_IUPOL2,2023,18.23,,Eurostat: isoc_ci_ac_i,percent
DK,Denmark,I_IUPOL2,2024,22.96,,Eurostat: isoc_ci_ac_i,percent
DK,Denmark,I_IUPOL2,2025,20.54,,Eurostat: isoc_ci_ac_i,percent
DK,Denmark,I_IUCPP,2014,,,Eurostat: isoc_ci_ac_i,percent
DK,Denmark,I_IUCPP,2015,26.72,,Eurostat: isoc_ci_ac_i,percent
DK,Denmark,I_IUCPP,2016,,,Eurostat: isoc_ci_ac_i,percent
DK,Denmark,I_IUCPP,2017,28.56,,Eurostat: isoc_ci_ac_i,percent
DK,Denmark,I_IUCPP,2018,,,Eurostat: isoc_ci_ac_i,percent
DK,Denmark,I_IUCPP,2019,26.99,,Eurostat: isoc_ci_ac_i,percent
DK,Denmark,I_IUCPP,2020,,,Eurostat: isoc_ci_ac_i,percent
DK,Denmark,I_IUCPP,2021,26.75,,Eurostat: isoc_ci_ac_i,percent
DK,Denmark,I_IUCPP,2022,25.79,,Eurostat: isoc_ci_ac_i,percent
DK,Denmark,I_IUCPP,2023,25.06,,Eurostat: isoc_ci_ac_i,percent
DK,Denmark,I_IUCPP,2024,28.31,,Eurostat: isoc_ci_ac_i,percent
DK,Denmark,I_IUCPP,2025,26.1,,Eurostat: isoc_ci_ac_i,percent
DK,Denmark,I_IUVOD,2014,,,Eurostat: isoc_ci_ac_i,percent
DK,Denmark,I_IUVOD,2015,,,Eurostat: isoc_ci_ac_i,percent
DK,Denmark,I_IUVOD,2016,47.55,,Eurostat: isoc_ci_ac_i,percent
DK,Denmark,I_IUVOD,2017,,,Eurostat: isoc_ci_ac_i,percent
DK,Denmark,I_IUVOD,2018,54.3,,Eurostat: isoc_ci_ac_i,percent
DK,Denmark,I_IUVOD,2019,,,Eurostat: isoc_ci_ac_i,percent
DK,Denmark,I_IUVOD,2020,65.31,,Eurostat: isoc_ci_ac_i,percent
DK,Denmark,I_IUVOD,2021,,,Eurostat: isoc_ci_ac_i,percent
DK,Denmark,I_IUVOD,2022,66.99,,Eurostat: isoc_ci_ac_i,percent
DK,Denmark,I_IUVOD,2023,,,Eurostat: isoc_ci_ac_i,percent
DK,Denmark,I_IUVOD,2024,76.34,,Eurostat: isoc_ci_ac_i,percent
DK,Denmark,I_IUVOD,2025,,,Eurostat: isoc_ci_ac_i,percent
DK,Denmark,deprivation,2015,3.2,,Eurostat: ilc_mdsd11,percent
DK,Denmark,deprivation,2016,2.6,,Eurostat: ilc_mdsd11,percent
DK,Denmark,deprivation,2017,3.6,,Eurostat: ilc_mdsd11,percent
DK,Denmark,deprivation,2018,3.5,,Eurostat: ilc_mdsd11,percent
DK,Denmark,deprivation,2019,3.8,,Eurostat: ilc_mdsd11,percent
DK,Denmark,deprivation,2020,3.5,,Eurostat: ilc_mdsd11,percent
DK,Denmark,deprivation,2021,3.1,,Eurostat: ilc_mdsd11,percent
DK,Denmark,deprivation,2022,3.2,,Eurostat: ilc_mdsd11,percent
DK,Denmark,deprivation,2023,4.9,,Eurostat: ilc_mdsd11,percent
DK,Denmark,deprivation,2024,4.0,,Eurostat: ilc_mdsd11,percent
DK,Denmark,deprivation,2025,4.5,,Eurostat: ilc_mdsd11,percent
DE,Germany,I_IUSNET,2014,42.33,,Eurostat: isoc_ci_ac_i,percent
DE,Germany,I_IUSNET,2015,56.96,,Eurostat: isoc_ci_ac_i,percent
DE,Germany,I_IUSNET,2016,50.33,,Eurostat: isoc_ci_ac_i,percent
DE,Germany,I_IUSNET,2017,50.59,,Eurostat: isoc_ci_ac_i,percent
DE,Germany,I_IUSNET,2018,52.7,,Eurostat: isoc_ci_ac_i,percent
DE,Germany,I_IUSNET,2019,52.5,,Eurostat: isoc_ci_ac_i,percent
DE,Germany,I_IUSNET,2020,54.3,,Eurostat: isoc_ci_ac_i,percent
DE,Germany,I_IUSNET,2021,46.6,b,Eurostat: isoc_ci_ac_i,percent
DE,Germany,I_IUSNET,2022,47.73,,Eurostat: isoc_ci_ac_i,percent
DE,Germany,I_IUSNET,2023,48.61,,Eurostat: isoc_ci_ac_i,percent
DE,Germany,I_IUSNET,2024,58.02,,Eurostat: isoc_ci_ac_i,percent
DE,Germany,I_IUSNET,2025,59.24,,Eurostat: isoc_ci_ac_i,percent
DE,Germany,I_IUVOTE,2014,,,Eurostat: isoc_ci_ac_i,percent
DE,Germany,I_IUVOTE,2015,13.07,,Eurostat: isoc_ci_ac_i,percent
DE,Germany,I_IUVOTE,2016,,,Eurostat: isoc_ci_ac_i,percent
DE,Germany,I_IUVOTE,2017,12.13,,Eurostat: isoc_ci_ac_i,percent
DE,Germany,I_IUVOTE,2018,,,Eurostat: isoc_ci_ac_i,percent
DE,Germany,I_IUVOTE,2019,16.82,,Eurostat: isoc_ci_ac_i,percent
DE,Germany,I_IUVOTE,2020,,,Eurostat: isoc_ci_ac_i,percent
DE,Germany,I_IUVOTE,2021,6.01,b,Eurostat: isoc_ci_ac_i,percent
DE,Germany,I_IUVOTE,2022,4.37,,Eurostat: isoc_ci_ac_i,percent
DE,Germany,I_IUVOTE,2023,6.33,,Eurostat: isoc_ci_ac_i,percent
DE,Germany,I_IUVOTE,2024,10.88,,Eurostat: isoc_ci_ac_i,percent
DE,Germany,I_IUVOTE,2025,13.38,,Eurostat: isoc_ci_ac_i,percent
DE,Germany,I_IUPOL2,2014,,,Eurostat: isoc_ci_ac_i,percent
DE,Germany,I_IUPOL2,2015,,,Eurostat: isoc_ci_ac_i,percent
DE,Germany,I_IUPOL2,2016,,,Eurostat: isoc_ci_ac_i,percent
DE,Germany,I_IUPOL2,2017,,,Eurostat: isoc_ci_ac_i,percent
DE,Germany,I_IUPOL2,2018,,,Eurostat: isoc_ci_ac_i,percent
DE,Germany,I_IUPOL2,2019,,,Eurostat: isoc_ci_ac_i,percent
DE,Germany,I_IUPOL2,2020,,,Eurostat: isoc_ci_ac_i,percent
DE,Germany,I_IUPOL2,2021,7.9,,Eurostat: isoc_ci_ac_i,percent
DE,Germany,I_IUPOL2,2022,6.6,,Eurostat: isoc_ci_ac_i,percent
DE,Germany,I_IUPOL2,2023,10.77,,Eurostat: isoc_ci_ac_i,percent
DE,Germany,I_IUPOL2,2024,15.51,,Eurostat: isoc_ci_ac_i,percent
DE,Germany,I_IUPOL2,2025,16.76,,Eurostat: isoc_ci_ac_i,percent
DE,Germany,I_IUCPP,2014,,,Eurostat: isoc_ci_ac_i,percent
DE,Germany,I_IUCPP,2015,19.13,,Eurostat: isoc_ci_ac_i,percent
DE,Germany,I_IUCPP,2016,,,Eurostat: isoc_ci_ac_i,percent
DE,Germany,I_IUCPP,2017,19.52,,Eurostat: isoc_ci_ac_i,percent
DE,Germany,I_IUCPP,2018,,,Eurostat: isoc_ci_ac_i,percent
DE,Germany,I_IUCPP,2019,22.3,,Eurostat: isoc_ci_ac_i,percent
DE,Germany,I_IUCPP,2020,,,Eurostat: isoc_ci_ac_i,percent
DE,Germany,I_IUCPP,2021,10.89,b,Eurostat: isoc_ci_ac_i,percent
DE,Germany,I_IUCPP,2022,8.71,,Eurostat: isoc_ci_ac_i,percent
DE,Germany,I_IUCPP,2023,13.63,,Eurostat: isoc_ci_ac_i,percent
DE,Germany,I_IUCPP,2024,20.03,,Eurostat: isoc_ci_ac_i,percent
DE,Germany,I_IUCPP,2025,22.6,,Eurostat: isoc_ci_ac_i,percent
DE,Germany,I_IUVOD,2014,,,Eurostat: isoc_ci_ac_i,percent
DE,Germany,I_IUVOD,2015,,,Eurostat: isoc_ci_ac_i,percent
DE,Germany,I_IUVOD,2016,21.03,,Eurostat: isoc_ci_ac_i,percent
DE,Germany,I_IUVOD,2017,,,Eurostat: isoc_ci_ac_i,percent
DE,Germany,I_IUVOD,2018,28.36,,Eurostat: isoc_ci_ac_i,percent
DE,Germany,I_IUVOD,2019,,,Eurostat: isoc_ci_ac_i,percent
DE,Germany,I_IUVOD,2020,43.42,,Eurostat: isoc_ci_ac_i,percent
DE,Germany,I_IUVOD,2021,,,Eurostat: isoc_ci_ac_i,percent
DE,Germany,I_IUVOD,2022,36.73,,Eurostat: isoc_ci_ac_i,percent
DE,Germany,I_IUVOD,2023,,,Eurostat: isoc_ci_ac_i,percent
DE,Germany,I_IUVOD,2024,53.48,,Eurostat: isoc_ci_ac_i,percent
DE,Germany,I_IUVOD,2025,,,Eurostat: isoc_ci_ac_i,percent
DE,Germany,deprivation,2015,5.7,,Eurostat: ilc_mdsd11,percent
DE,Germany,deprivation,2016,4.7,,Eurostat: ilc_mdsd11,percent
DE,Germany,deprivation,2017,3.7,,Eurostat: ilc_mdsd11,percent
DE,Germany,deprivation,2018,3.4,,Eurostat: ilc_mdsd11,percent
DE,Germany,deprivation,2019,3.0,,Eurostat: ilc_mdsd11,percent
DE,Germany,deprivation,2020,4.4,b,Eurostat: ilc_mdsd11,percent
DE,Germany,deprivation,2021,4.3,,Eurostat: ilc_mdsd11,percent
DE,Germany,deprivation,2022,6.2,,Eurostat: ilc_mdsd11,percent
DE,Germany,deprivation,2023,6.9,,Eurostat: ilc_mdsd11,percent
DE,Germany,deprivation,2024,6.2,,Eurostat: ilc_mdsd11,percent
DE,Germany,deprivation,2025,5.6,,Eurostat: ilc_mdsd11,percent
EE,Estonia,I_IUSNET,2014,50.64,b,Eurostat: isoc_ci_ac_i,percent
EE,Estonia,I_IUSNET,2015,55.83,,Eurostat: isoc_ci_ac_i,percent
EE,Estonia,I_IUSNET,2016,57.45,,Eurostat: isoc_ci_ac_i,percent
EE,Estonia,I_IUSNET,2017,60.31,,Eurostat: isoc_ci_ac_i,percent
EE,Estonia,I_IUSNET,2018,62.07,,Eurostat: isoc_ci_ac_i,percent
EE,Estonia,I_IUSNET,2019,65.14,,Eurostat: isoc_ci_ac_i,percent
EE,Estonia,I_IUSNET,2020,65.2,,Eurostat: isoc_ci_ac_i,percent
EE,Estonia,I_IUSNET,2021,67.33,,Eurostat: isoc_ci_ac_i,percent
EE,Estonia,I_IUSNET,2022,66.08,,Eurostat: isoc_ci_ac_i,percent
EE,Estonia,I_IUSNET,2023,68.49,,Eurostat: isoc_ci_ac_i,percent
EE,Estonia,I_IUSNET,2024,68.43,,Eurostat: isoc_ci_ac_i,percent
EE,Estonia,I_IUSNET,2025,72.58,,Eurostat: isoc_ci_ac_i,percent
EE,Estonia,I_IUVOTE,2014,,,Eurostat: isoc_ci_ac_i,percent
EE,Estonia,I_IUVOTE,2015,11.32,,Eurostat: isoc_ci_ac_i,percent
EE,Estonia,I_IUVOTE,2016,,,Eurostat: isoc_ci_ac_i,percent
EE,Estonia,I_IUVOTE,2017,8.32,,Eurostat: isoc_ci_ac_i,percent
EE,Estonia,I_IUVOTE,2018,,,Eurostat: isoc_ci_ac_i,percent
EE,Estonia,I_IUVOTE,2019,25.99,,Eurostat: isoc_ci_ac_i,percent
EE,Estonia,I_IUVOTE,2020,,,Eurostat: isoc_ci_ac_i,percent
EE,Estonia,I_IUVOTE,2021,10.4,,Eurostat: isoc_ci_ac_i,percent
EE,Estonia,I_IUVOTE,2022,14.88,,Eurostat: isoc_ci_ac_i,percent
EE,Estonia,I_IUVOTE,2023,26.6,,Eurostat: isoc_ci_ac_i,percent
EE,Estonia,I_IUVOTE,2024,13.78,,Eurostat: isoc_ci_ac_i,percent
EE,Estonia,I_IUVOTE,2025,9.77,,Eurostat: isoc_ci_ac_i,percent
EE,Estonia,I_IUPOL2,2014,,,Eurostat: isoc_ci_ac_i,percent
EE,Estonia,I_IUPOL2,2015,,,Eurostat: isoc_ci_ac_i,percent
EE,Estonia,I_IUPOL2,2016,,,Eurostat: isoc_ci_ac_i,percent
EE,Estonia,I_IUPOL2,2017,,,Eurostat: isoc_ci_ac_i,percent
EE,Estonia,I_IUPOL2,2018,,,Eurostat: isoc_ci_ac_i,percent
EE,Estonia,I_IUPOL2,2019,,,Eurostat: isoc_ci_ac_i,percent
EE,Estonia,I_IUPOL2,2020,,,Eurostat: isoc_ci_ac_i,percent
EE,Estonia,I_IUPOL2,2021,11.06,,Eurostat: isoc_ci_ac_i,percent
EE,Estonia,I_IUPOL2,2022,9.81,,Eurostat: isoc_ci_ac_i,percent
EE,Estonia,I_IUPOL2,2023,10.94,,Eurostat: isoc_ci_ac_i,percent
EE,Estonia,I_IUPOL2,2024,9.47,,Eurostat: isoc_ci_ac_i,percent
EE,Estonia,I_IUPOL2,2025,10.27,,Eurostat: isoc_ci_ac_i,percent
EE,Estonia,I_IUCPP,2014,,,Eurostat: isoc_ci_ac_i,percent
EE,Estonia,I_IUCPP,2015,15.79,,Eurostat: isoc_ci_ac_i,percent
EE,Estonia,I_IUCPP,2016,,,Eurostat: isoc_ci_ac_i,percent
EE,Estonia,I_IUCPP,2017,14.0,,Eurostat: isoc_ci_ac_i,percent
EE,Estonia,I_IUCPP,2018,,,Eurostat: isoc_ci_ac_i,percent
EE,Estonia,I_IUCPP,2019,30.65,,Eurostat: isoc_ci_ac_i,percent
EE,Estonia,I_IUCPP,2020,,,Eurostat: isoc_ci_ac_i,percent
EE,Estonia,I_IUCPP,2021,16.23,,Eurostat: isoc_ci_ac_i,percent
EE,Estonia,I_IUCPP,2022,19.49,,Eurostat: isoc_ci_ac_i,percent
EE,Estonia,I_IUCPP,2023,30.44,,Eurostat: isoc_ci_ac_i,percent
EE,Estonia,I_IUCPP,2024,18.28,,Eurostat: isoc_ci_ac_i,percent
EE,Estonia,I_IUCPP,2025,15.9,,Eurostat: isoc_ci_ac_i,percent
EE,Estonia,I_IUVOD,2014,,,Eurostat: isoc_ci_ac_i,percent
EE,Estonia,I_IUVOD,2015,,,Eurostat: isoc_ci_ac_i,percent
EE,Estonia,I_IUVOD,2016,21.17,,Eurostat: isoc_ci_ac_i,percent
EE,Estonia,I_IUVOD,2017,,,Eurostat: isoc_ci_ac_i,percent
EE,Estonia,I_IUVOD,2018,23.74,,Eurostat: isoc_ci_ac_i,percent
EE,Estonia,I_IUVOD,2019,,,Eurostat: isoc_ci_ac_i,percent
EE,Estonia,I_IUVOD,2020,30.05,,Eurostat: isoc_ci_ac_i,percent
EE,Estonia,I_IUVOD,2021,,,Eurostat: isoc_ci_ac_i,percent
EE,Estonia,I_IUVOD,2022,40.52,,Eurostat: isoc_ci_ac_i,percent
EE,Estonia,I_IUVOD,2023,,,Eurostat: isoc_ci_ac_i,percent
EE,Estonia,I_IUVOD,2024,34.66,,Eurostat: isoc_ci_ac_i,percent
EE,Estonia,I_IUVOD,2025,,,Eurostat: isoc_ci_ac_i,percent
EE,Estonia,deprivation,2015,3.5,,Eurostat: ilc_mdsd11,percent
EE,Estonia,deprivation,2016,2.2,,Eurostat: ilc_mdsd11,percent
EE,Estonia,deprivation,2017,4.0,,Eurostat: ilc_mdsd11,percent
EE,Estonia,deprivation,2018,3.1,,Eurostat: ilc_mdsd11,percent
EE,Estonia,deprivation,2019,2.6,,Eurostat: ilc_mdsd11,percent
EE,Estonia,deprivation,2020,2.3,,Eurostat: ilc_mdsd11,percent
EE,Estonia,deprivation,2021,1.9,,Eurostat: ilc_mdsd11,percent
EE,Estonia,deprivation,2022,3.3,,Eurostat: ilc_mdsd11,percent
EE,Estonia,deprivation,2023,2.5,,Eurostat: ilc_mdsd11,percent
EE,Estonia,deprivation,2024,3.1,,Eurostat: ilc_mdsd11,percent
EE,Estonia,deprivation,2025,3.5,,Eurostat: ilc_mdsd11,percent
IE,Ireland,I_IUSNET,2014,50.43,,Eurostat: isoc_ci_ac_i,percent
IE,Ireland,I_IUSNET,2015,52.55,,Eurostat: isoc_ci_ac_i,percent
IE,Ireland,I_IUSNET,2016,57.89,,Eurostat: isoc_ci_ac_i,percent
IE,Ireland,I_IUSNET,2017,58.86,,Eurostat: isoc_ci_ac_i,percent
IE,Ireland,I_IUSNET,2018,60.13,,Eurostat: isoc_ci_ac_i,percent
IE,Ireland,I_IUSNET,2019,63.58,,Eurostat: isoc_ci_ac_i,percent
IE,Ireland,I_IUSNET,2020,60.55,,Eurostat: isoc_ci_ac_i,percent
IE,Ireland,I_IUSNET,2021,69.06,b,Eurostat: isoc_ci_ac_i,percent
IE,Ireland,I_IUSNET,2022,72.07,,Eurostat: isoc_ci_ac_i,percent
IE,Ireland,I_IUSNET,2023,70.06,,Eurostat: isoc_ci_ac_i,percent
IE,Ireland,I_IUSNET,2024,74.5,,Eurostat: isoc_ci_ac_i,percent
IE,Ireland,I_IUSNET,2025,79.89,,Eurostat: isoc_ci_ac_i,percent
IE,Ireland,I_IUVOTE,2014,,,Eurostat: isoc_ci_ac_i,percent
IE,Ireland,I_IUVOTE,2015,3.31,,Eurostat: isoc_ci_ac_i,percent
IE,Ireland,I_IUVOTE,2016,,,Eurostat: isoc_ci_ac_i,percent
IE,Ireland,I_IUVOTE,2017,4.5,,Eurostat: isoc_ci_ac_i,percent
IE,Ireland,I_IUVOTE,2018,,,Eurostat: isoc_ci_ac_i,percent
IE,Ireland,I_IUVOTE,2019,6.67,,Eurostat: isoc_ci_ac_i,percent
IE,Ireland,I_IUVOTE,2020,,,Eurostat: isoc_ci_ac_i,percent
IE,Ireland,I_IUVOTE,2021,13.7,b,Eurostat: isoc_ci_ac_i,percent
IE,Ireland,I_IUVOTE,2022,12.94,,Eurostat: isoc_ci_ac_i,percent
IE,Ireland,I_IUVOTE,2023,12.73,,Eurostat: isoc_ci_ac_i,percent
IE,Ireland,I_IUVOTE,2024,16.1,,Eurostat: isoc_ci_ac_i,percent
IE,Ireland,I_IUVOTE,2025,18.63,,Eurostat: isoc_ci_ac_i,percent
IE,Ireland,I_IUPOL2,2014,,,Eurostat: isoc_ci_ac_i,percent
IE,Ireland,I_IUPOL2,2015,,,Eurostat: isoc_ci_ac_i,percent
IE,Ireland,I_IUPOL2,2016,,,Eurostat: isoc_ci_ac_i,percent
IE,Ireland,I_IUPOL2,2017,,,Eurostat: isoc_ci_ac_i,percent
IE,Ireland,I_IUPOL2,2018,,,Eurostat: isoc_ci_ac_i,percent
IE,Ireland,I_IUPOL2,2019,,,Eurostat: isoc_ci_ac_i,percent
IE,Ireland,I_IUPOL2,2020,,,Eurostat: isoc_ci_ac_i,percent
IE,Ireland,I_IUPOL2,2021,20.87,,Eurostat: isoc_ci_ac_i,percent
IE,Ireland,I_IUPOL2,2022,18.34,,Eurostat: isoc_ci_ac_i,percent
IE,Ireland,I_IUPOL2,2023,16.19,,Eurostat: isoc_ci_ac_i,percent
IE,Ireland,I_IUPOL2,2024,20.23,,Eurostat: isoc_ci_ac_i,percent
IE,Ireland,I_IUPOL2,2025,20.15,,Eurostat: isoc_ci_ac_i,percent
IE,Ireland,I_IUCPP,2014,,,Eurostat: isoc_ci_ac_i,percent
IE,Ireland,I_IUCPP,2015,6.04,,Eurostat: isoc_ci_ac_i,percent
IE,Ireland,I_IUCPP,2016,,,Eurostat: isoc_ci_ac_i,percent
IE,Ireland,I_IUCPP,2017,8.91,,Eurostat: isoc_ci_ac_i,percent
IE,Ireland,I_IUCPP,2018,,,Eurostat: isoc_ci_ac_i,percent
IE,Ireland,I_IUCPP,2019,12.51,,Eurostat: isoc_ci_ac_i,percent
IE,Ireland,I_IUCPP,2020,,,Eurostat: isoc_ci_ac_i,percent
IE,Ireland,I_IUCPP,2021,26.46,b,Eurostat: isoc_ci_ac_i,percent
IE,Ireland,I_IUCPP,2022,23.38,,Eurostat: isoc_ci_ac_i,percent
IE,Ireland,I_IUCPP,2023,20.88,,Eurostat: isoc_ci_ac_i,percent
IE,Ireland,I_IUCPP,2024,27.86,,Eurostat: isoc_ci_ac_i,percent
IE,Ireland,I_IUCPP,2025,30.08,,Eurostat: isoc_ci_ac_i,percent
IE,Ireland,I_IUVOD,2014,,,Eurostat: isoc_ci_ac_i,percent
IE,Ireland,I_IUVOD,2015,,,Eurostat: isoc_ci_ac_i,percent
IE,Ireland,I_IUVOD,2016,19.8,,Eurostat: isoc_ci_ac_i,percent
IE,Ireland,I_IUVOD,2017,,,Eurostat: isoc_ci_ac_i,percent
IE,Ireland,I_IUVOD,2018,39.15,,Eurostat: isoc_ci_ac_i,percent
IE,Ireland,I_IUVOD,2019,,,Eurostat: isoc_ci_ac_i,percent
IE,Ireland,I_IUVOD,2020,50.39,,Eurostat: isoc_ci_ac_i,percent
IE,Ireland,I_IUVOD,2021,,,Eurostat: isoc_ci_ac_i,percent
IE,Ireland,I_IUVOD,2022,,,Eurostat: isoc_ci_ac_i,percent
IE,Ireland,I_IUVOD,2023,,,Eurostat: isoc_ci_ac_i,percent
IE,Ireland,I_IUVOD,2024,72.01,,Eurostat: isoc_ci_ac_i,percent
IE,Ireland,I_IUVOD,2025,,,Eurostat: isoc_ci_ac_i,percent
IE,Ireland,deprivation,2015,9.4,,Eurostat: ilc_mdsd11,percent
IE,Ireland,deprivation,2016,8.0,,Eurostat: ilc_mdsd11,percent
IE,Ireland,deprivation,2017,6.9,,Eurostat: ilc_mdsd11,percent
IE,Ireland,deprivation,2018,6.1,,Eurostat: ilc_mdsd11,percent
IE,Ireland,deprivation,2019,6.5,b,Eurostat: ilc_mdsd11,percent
IE,Ireland,deprivation,2020,6.1,b,Eurostat: ilc_mdsd11,percent
IE,Ireland,deprivation,2021,4.8,,Eurostat: ilc_mdsd11,percent
IE,Ireland,deprivation,2022,5.3,,Eurostat: ilc_mdsd11,percent
IE,Ireland,deprivation,2023,6.0,,Eurostat: ilc_mdsd11,percent
IE,Ireland,deprivation,2024,4.5,,Eurostat: ilc_mdsd11,percent
IE,Ireland,deprivation,2025,5.2,,Eurostat: ilc_mdsd11,percent
EL,Greece,I_IUSNET,2014,40.65,,Eurostat: isoc_ci_ac_i,percent
EL,Greece,I_IUSNET,2015,43.91,,Eurostat: isoc_ci_ac_i,percent
EL,Greece,I_IUSNET,2016,46.65,,Eurostat: isoc_ci_ac_i,percent
EL,Greece,I_IUSNET,2017,49.97,,Eurostat: isoc_ci_ac_i,percent
EL,Greece,I_IUSNET,2018,53.03,,Eurostat: isoc_ci_ac_i,percent
EL,Greece,I_IUSNET,2019,56.69,,Eurostat: isoc_ci_ac_i,percent
EL,Greece,I_IUSNET,2020,59.41,,Eurostat: isoc_ci_ac_i,percent
EL,Greece,I_IUSNET,2021,62.05,,Eurostat: isoc_ci_ac_i,percent
EL,Greece,I_IUSNET,2022,67.03,,Eurostat: isoc_ci_ac_i,percent
EL,Greece,I_IUSNET,2023,68.1,,Eurostat: isoc_ci_ac_i,percent
EL,Greece,I_IUSNET,2024,68.67,,Eurostat: isoc_ci_ac_i,percent
EL,Greece,I_IUSNET,2025,73.04,,Eurostat: isoc_ci_ac_i,percent
EL,Greece,I_IUVOTE,2014,,,Eurostat: isoc_ci_ac_i,percent
EL,Greece,I_IUVOTE,2015,5.12,,Eurostat: isoc_ci_ac_i,percent
EL,Greece,I_IUVOTE,2016,,,Eurostat: isoc_ci_ac_i,percent
EL,Greece,I_IUVOTE,2017,3.61,,Eurostat: isoc_ci_ac_i,percent
EL,Greece,I_IUVOTE,2018,,,Eurostat: isoc_ci_ac_i,percent
EL,Greece,I_IUVOTE,2019,2.89,,Eurostat: isoc_ci_ac_i,percent
EL,Greece,I_IUVOTE,2020,,,Eurostat: isoc_ci_ac_i,percent
EL,Greece,I_IUVOTE,2021,3.44,,Eurostat: isoc_ci_ac_i,percent
EL,Greece,I_IUVOTE,2022,5.06,,Eurostat: isoc_ci_ac_i,percent
EL,Greece,I_IUVOTE,2023,3.63,,Eurostat: isoc_ci_ac_i,percent
EL,Greece,I_IUVOTE,2024,9.34,,Eurostat: isoc_ci_ac_i,percent
EL,Greece,I_IUVOTE,2025,9.15,,Eurostat: isoc_ci_ac_i,percent
EL,Greece,I_IUPOL2,2014,,,Eurostat: isoc_ci_ac_i,percent
EL,Greece,I_IUPOL2,2015,,,Eurostat: isoc_ci_ac_i,percent
EL,Greece,I_IUPOL2,2016,,,Eurostat: isoc_ci_ac_i,percent
EL,Greece,I_IUPOL2,2017,,,Eurostat: isoc_ci_ac_i,percent
EL,Greece,I_IUPOL2,2018,,,Eurostat: isoc_ci_ac_i,percent
EL,Greece,I_IUPOL2,2019,,,Eurostat: isoc_ci_ac_i,percent
EL,Greece,I_IUPOL2,2020,,,Eurostat: isoc_ci_ac_i,percent
EL,Greece,I_IUPOL2,2021,10.6,,Eurostat: isoc_ci_ac_i,percent
EL,Greece,I_IUPOL2,2022,16.73,,Eurostat: isoc_ci_ac_i,percent
EL,Greece,I_IUPOL2,2023,18.96,,Eurostat: isoc_ci_ac_i,percent
EL,Greece,I_IUPOL2,2024,26.83,,Eurostat: isoc_ci_ac_i,percent
EL,Greece,I_IUPOL2,2025,14.28,,Eurostat: isoc_ci_ac_i,percent
EL,Greece,I_IUCPP,2014,,,Eurostat: isoc_ci_ac_i,percent
EL,Greece,I_IUCPP,2015,12.4,,Eurostat: isoc_ci_ac_i,percent
EL,Greece,I_IUCPP,2016,,,Eurostat: isoc_ci_ac_i,percent
EL,Greece,I_IUCPP,2017,9.76,,Eurostat: isoc_ci_ac_i,percent
EL,Greece,I_IUCPP,2018,,,Eurostat: isoc_ci_ac_i,percent
EL,Greece,I_IUCPP,2019,11.35,,Eurostat: isoc_ci_ac_i,percent
EL,Greece,I_IUCPP,2020,,,Eurostat: isoc_ci_ac_i,percent
EL,Greece,I_IUCPP,2021,11.52,,Eurostat: isoc_ci_ac_i,percent
EL,Greece,I_IUCPP,2022,18.28,,Eurostat: isoc_ci_ac_i,percent
EL,Greece,I_IUCPP,2023,19.89,,Eurostat: isoc_ci_ac_i,percent
EL,Greece,I_IUCPP,2024,28.37,,Eurostat: isoc_ci_ac_i,percent
EL,Greece,I_IUCPP,2025,15.57,,Eurostat: isoc_ci_ac_i,percent
EL,Greece,I_IUVOD,2014,,,Eurostat: isoc_ci_ac_i,percent
EL,Greece,I_IUVOD,2015,,,Eurostat: isoc_ci_ac_i,percent
EL,Greece,I_IUVOD,2016,8.19,,Eurostat: isoc_ci_ac_i,percent
EL,Greece,I_IUVOD,2017,,,Eurostat: isoc_ci_ac_i,percent
EL,Greece,I_IUVOD,2018,7.65,,Eurostat: isoc_ci_ac_i,percent
EL,Greece,I_IUVOD,2019,,,Eurostat: isoc_ci_ac_i,percent
EL,Greece,I_IUVOD,2020,25.46,,Eurostat: isoc_ci_ac_i,percent
EL,Greece,I_IUVOD,2021,,,Eurostat: isoc_ci_ac_i,percent
EL,Greece,I_IUVOD,2022,32.67,,Eurostat: isoc_ci_ac_i,percent
EL,Greece,I_IUVOD,2023,,,Eurostat: isoc_ci_ac_i,percent
EL,Greece,I_IUVOD,2024,34.94,,Eurostat: isoc_ci_ac_i,percent
EL,Greece,I_IUVOD,2025,,,Eurostat: isoc_ci_ac_i,percent
EL,Greece,deprivation,2015,17.6,,Eurostat: ilc_mdsd11,percent
EL,Greece,deprivation,2016,18.4,,Eurostat: ilc_mdsd11,percent
EL,Greece,deprivation,2017,18.3,,Eurostat: ilc_mdsd11,percent
EL,Greece,deprivation,2018,16.1,,Eurostat: ilc_mdsd11,percent
EL,Greece,deprivation,2019,15.8,,Eurostat: ilc_mdsd11,percent
EL,Greece,deprivation,2020,14.9,,Eurostat: ilc_mdsd11,percent
EL,Greece,deprivation,2021,13.9,,Eurostat: ilc_mdsd11,percent
EL,Greece,deprivation,2022,13.9,,Eurostat: ilc_mdsd11,percent
EL,Greece,deprivation,2023,13.5,,Eurostat: ilc_mdsd11,percent
EL,Greece,deprivation,2024,14.0,,Eurostat: ilc_mdsd11,percent
EL,Greece,deprivation,2025,14.9,,Eurostat: ilc_mdsd11,percent
ES,Spain,I_IUSNET,2014,51.11,,Eurostat: isoc_ci_ac_i,percent
ES,Spain,I_IUSNET,2015,50.93,,Eurostat: isoc_ci_ac_i,percent
ES,Spain,I_IUSNET,2016,53.79,,Eurostat: isoc_ci_ac_i,percent
ES,Spain,I_IUSNET,2017,57.17,,Eurostat: isoc_ci_ac_i,percent
ES,Spain,I_IUSNET,2018,58.06,,Eurostat: isoc_ci_ac_i,percent
ES,Spain,I_IUSNET,2019,58.61,,Eurostat: isoc_ci_ac_i,percent
ES,Spain,I_IUSNET,2020,64.68,,Eurostat: isoc_ci_ac_i,percent
ES,Spain,I_IUSNET,2021,64.66,,Eurostat: isoc_ci_ac_i,percent
ES,Spain,I_IUSNET,2022,63.22,,Eurostat: isoc_ci_ac_i,percent
ES,Spain,I_IUSNET,2023,64.49,,Eurostat: isoc_ci_ac_i,percent
ES,Spain,I_IUSNET,2024,64.7,,Eurostat: isoc_ci_ac_i,percent
ES,Spain,I_IUSNET,2025,69.5,,Eurostat: isoc_ci_ac_i,percent
ES,Spain,I_IUVOTE,2014,,,Eurostat: isoc_ci_ac_i,percent
ES,Spain,I_IUVOTE,2015,9.76,,Eurostat: isoc_ci_ac_i,percent
ES,Spain,I_IUVOTE,2016,,,Eurostat: isoc_ci_ac_i,percent
ES,Spain,I_IUVOTE,2017,11.22,,Eurostat: isoc_ci_ac_i,percent
ES,Spain,I_IUVOTE,2018,,,Eurostat: isoc_ci_ac_i,percent
ES,Spain,I_IUVOTE,2019,10.89,,Eurostat: isoc_ci_ac_i,percent
ES,Spain,I_IUVOTE,2020,,,Eurostat: isoc_ci_ac_i,percent
ES,Spain,I_IUVOTE,2021,11.08,,Eurostat: isoc_ci_ac_i,percent
ES,Spain,I_IUVOTE,2022,12.65,,Eurostat: isoc_ci_ac_i,percent
ES,Spain,I_IUVOTE,2023,12.16,,Eurostat: isoc_ci_ac_i,percent
ES,Spain,I_IUVOTE,2024,13.85,,Eurostat: isoc_ci_ac_i,percent
ES,Spain,I_IUVOTE,2025,11.73,,Eurostat: isoc_ci_ac_i,percent
ES,Spain,I_IUPOL2,2014,,,Eurostat: isoc_ci_ac_i,percent
ES,Spain,I_IUPOL2,2015,,,Eurostat: isoc_ci_ac_i,percent
ES,Spain,I_IUPOL2,2016,,,Eurostat: isoc_ci_ac_i,percent
ES,Spain,I_IUPOL2,2017,,,Eurostat: isoc_ci_ac_i,percent
ES,Spain,I_IUPOL2,2018,,,Eurostat: isoc_ci_ac_i,percent
ES,Spain,I_IUPOL2,2019,,,Eurostat: isoc_ci_ac_i,percent
ES,Spain,I_IUPOL2,2020,,,Eurostat: isoc_ci_ac_i,percent
ES,Spain,I_IUPOL2,2021,17.03,,Eurostat: isoc_ci_ac_i,percent
ES,Spain,I_IUPOL2,2022,17.43,,Eurostat: isoc_ci_ac_i,percent
ES,Spain,I_IUPOL2,2023,16.42,,Eurostat: isoc_ci_ac_i,percent
ES,Spain,I_IUPOL2,2024,17.61,,Eurostat: isoc_ci_ac_i,percent
ES,Spain,I_IUPOL2,2025,15.13,,Eurostat: isoc_ci_ac_i,percent
ES,Spain,I_IUCPP,2014,,,Eurostat: isoc_ci_ac_i,percent
ES,Spain,I_IUCPP,2015,17.58,,Eurostat: isoc_ci_ac_i,percent
ES,Spain,I_IUCPP,2016,,,Eurostat: isoc_ci_ac_i,percent
ES,Spain,I_IUCPP,2017,20.14,,Eurostat: isoc_ci_ac_i,percent
ES,Spain,I_IUCPP,2018,,,Eurostat: isoc_ci_ac_i,percent
ES,Spain,I_IUCPP,2019,16.9,,Eurostat: isoc_ci_ac_i,percent
ES,Spain,I_IUCPP,2020,,,Eurostat: isoc_ci_ac_i,percent
ES,Spain,I_IUCPP,2021,20.71,,Eurostat: isoc_ci_ac_i,percent
ES,Spain,I_IUCPP,2022,22.13,,Eurostat: isoc_ci_ac_i,percent
ES,Spain,I_IUCPP,2023,21.11,,Eurostat: isoc_ci_ac_i,percent
ES,Spain,I_IUCPP,2024,23.02,,Eurostat: isoc_ci_ac_i,percent
ES,Spain,I_IUCPP,2025,20.25,,Eurostat: isoc_ci_ac_i,percent
ES,Spain,I_IUVOD,2014,,,Eurostat: isoc_ci_ac_i,percent
ES,Spain,I_IUVOD,2015,,,Eurostat: isoc_ci_ac_i,percent
ES,Spain,I_IUVOD,2016,21.72,,Eurostat: isoc_ci_ac_i,percent
ES,Spain,I_IUVOD,2017,,,Eurostat: isoc_ci_ac_i,percent
ES,Spain,I_IUVOD,2018,33.9,,Eurostat: isoc_ci_ac_i,percent
ES,Spain,I_IUVOD,2019,,,Eurostat: isoc_ci_ac_i,percent
ES,Spain,I_IUVOD,2020,55.07,,Eurostat: isoc_ci_ac_i,percent
ES,Spain,I_IUVOD,2021,,,Eurostat: isoc_ci_ac_i,percent
ES,Spain,I_IUVOD,2022,61.95,,Eurostat: isoc_ci_ac_i,percent
ES,Spain,I_IUVOD,2023,,,Eurostat: isoc_ci_ac_i,percent
ES,Spain,I_IUVOD,2024,66.93,,Eurostat: isoc_ci_ac_i,percent
ES,Spain,I_IUVOD,2025,,,Eurostat: isoc_ci_ac_i,percent
ES,Spain,deprivation,2015,7.4,,Eurostat: ilc_mdsd11,percent
ES,Spain,deprivation,2016,8.5,,Eurostat: ilc_mdsd11,percent
ES,Spain,deprivation,2017,8.3,,Eurostat: ilc_mdsd11,percent
ES,Spain,deprivation,2018,8.7,,Eurostat: ilc_mdsd11,percent
ES,Spain,deprivation,2019,7.7,,Eurostat: ilc_mdsd11,percent
ES,Spain,deprivation,2020,8.5,,Eurostat: ilc_mdsd11,percent
ES,Spain,deprivation,2021,8.3,,Eurostat: ilc_mdsd11,percent
ES,Spain,deprivation,2022,7.7,,Eurostat: ilc_mdsd11,percent
ES,Spain,deprivation,2023,9.0,,Eurostat: ilc_mdsd11,percent
ES,Spain,deprivation,2024,8.3,,Eurostat: ilc_mdsd11,percent
ES,Spain,deprivation,2025,8.1,,Eurostat: ilc_mdsd11,percent
FR,France,I_IUSNET,2014,38.53,,Eurostat: isoc_ci_ac_i,percent
FR,France,I_IUSNET,2015,37.72,,Eurostat: isoc_ci_ac_i,percent
FR,France,I_IUSNET,2016,39.85,,Eurostat: isoc_ci_ac_i,percent
FR,France,I_IUSNET,2017,42.81,,Eurostat: isoc_ci_ac_i,percent
FR,France,I_IUSNET,2018,41.92,,Eurostat: isoc_ci_ac_i,percent
FR,France,I_IUSNET,2019,42.32,,Eurostat: isoc_ci_ac_i,percent
FR,France,I_IUSNET,2020,,,Eurostat: isoc_ci_ac_i,percent
FR,France,I_IUSNET,2021,44.83,,Eurostat: isoc_ci_ac_i,percent
FR,France,I_IUSNET,2022,44.5,,Eurostat: isoc_ci_ac_i,percent
FR,France,I_IUSNET,2023,44.39,,Eurostat: isoc_ci_ac_i,percent
FR,France,I_IUSNET,2024,,|C,Eurostat: isoc_ci_ac_i,percent
FR,France,I_IUSNET,2025,70.75,b,Eurostat: isoc_ci_ac_i,percent
FR,France,I_IUVOTE,2014,,,Eurostat: isoc_ci_ac_i,percent
FR,France,I_IUVOTE,2015,5.98,,Eurostat: isoc_ci_ac_i,percent
FR,France,I_IUVOTE,2016,,,Eurostat: isoc_ci_ac_i,percent
FR,France,I_IUVOTE,2017,7.41,,Eurostat: isoc_ci_ac_i,percent
FR,France,I_IUVOTE,2018,,,Eurostat: isoc_ci_ac_i,percent
FR,France,I_IUVOTE,2019,9.08,,Eurostat: isoc_ci_ac_i,percent
FR,France,I_IUVOTE,2020,,,Eurostat: isoc_ci_ac_i,percent
FR,France,I_IUVOTE,2021,9.19,,Eurostat: isoc_ci_ac_i,percent
FR,France,I_IUVOTE,2022,8.89,,Eurostat: isoc_ci_ac_i,percent
FR,France,I_IUVOTE,2023,8.46,,Eurostat: isoc_ci_ac_i,percent
FR,France,I_IUVOTE,2024,8.21,,Eurostat: isoc_ci_ac_i,percent
FR,France,I_IUVOTE,2025,8.74,,Eurostat: isoc_ci_ac_i,percent
FR,France,I_IUPOL2,2014,,,Eurostat: isoc_ci_ac_i,percent
FR,France,I_IUPOL2,2015,,,Eurostat: isoc_ci_ac_i,percent
FR,France,I_IUPOL2,2016,,,Eurostat: isoc_ci_ac_i,percent
FR,France,I_IUPOL2,2017,,,Eurostat: isoc_ci_ac_i,percent
FR,France,I_IUPOL2,2018,,,Eurostat: isoc_ci_ac_i,percent
FR,France,I_IUPOL2,2019,,,Eurostat: isoc_ci_ac_i,percent
FR,France,I_IUPOL2,2020,,,Eurostat: isoc_ci_ac_i,percent
FR,France,I_IUPOL2,2021,11.16,,Eurostat: isoc_ci_ac_i,percent
FR,France,I_IUPOL2,2022,11.7,,Eurostat: isoc_ci_ac_i,percent
FR,France,I_IUPOL2,2023,10.76,,Eurostat: isoc_ci_ac_i,percent
FR,France,I_IUPOL2,2024,10.39,,Eurostat: isoc_ci_ac_i,percent
FR,France,I_IUPOL2,2025,11.79,,Eurostat: isoc_ci_ac_i,percent
FR,France,I_IUCPP,2014,,,Eurostat: isoc_ci_ac_i,percent
FR,France,I_IUCPP,2015,10.08,,Eurostat: isoc_ci_ac_i,percent
FR,France,I_IUCPP,2016,,,Eurostat: isoc_ci_ac_i,percent
FR,France,I_IUCPP,2017,12.79,,Eurostat: isoc_ci_ac_i,percent
FR,France,I_IUCPP,2018,,,Eurostat: isoc_ci_ac_i,percent
FR,France,I_IUCPP,2019,13.18,,Eurostat: isoc_ci_ac_i,percent
FR,France,I_IUCPP,2020,,,Eurostat: isoc_ci_ac_i,percent
FR,France,I_IUCPP,2021,16.02,,Eurostat: isoc_ci_ac_i,percent
FR,France,I_IUCPP,2022,16.44,,Eurostat: isoc_ci_ac_i,percent
FR,France,I_IUCPP,2023,15.54,,Eurostat: isoc_ci_ac_i,percent
FR,France,I_IUCPP,2024,15.02,,Eurostat: isoc_ci_ac_i,percent
FR,France,I_IUCPP,2025,16.63,,Eurostat: isoc_ci_ac_i,percent
FR,France,I_IUVOD,2014,,,Eurostat: isoc_ci_ac_i,percent
FR,France,I_IUVOD,2015,,,Eurostat: isoc_ci_ac_i,percent
FR,France,I_IUVOD,2016,10.33,,Eurostat: isoc_ci_ac_i,percent
FR,France,I_IUVOD,2017,,,Eurostat: isoc_ci_ac_i,percent
FR,France,I_IUVOD,2018,19.89,,Eurostat: isoc_ci_ac_i,percent
FR,France,I_IUVOD,2019,,,Eurostat: isoc_ci_ac_i,percent
FR,France,I_IUVOD,2020,,,Eurostat: isoc_ci_ac_i,percent
FR,France,I_IUVOD,2021,,,Eurostat: isoc_ci_ac_i,percent
FR,France,I_IUVOD,2022,43.34,,Eurostat: isoc_ci_ac_i,percent
FR,France,I_IUVOD,2023,,,Eurostat: isoc_ci_ac_i,percent
FR,France,I_IUVOD,2024,45.89,,Eurostat: isoc_ci_ac_i,percent
FR,France,I_IUVOD,2025,,,Eurostat: isoc_ci_ac_i,percent
FR,France,deprivation,2015,6.8,,Eurostat: ilc_mdsd11,percent
FR,France,deprivation,2016,6.7,,Eurostat: ilc_mdsd11,percent
FR,France,deprivation,2017,6.3,,Eurostat: ilc_mdsd11,percent
FR,France,deprivation,2018,6.7,,Eurostat: ilc_mdsd11,percent
FR,France,deprivation,2019,7.3,,Eurostat: ilc_mdsd11,percent
FR,France,deprivation,2020,6.4,b,Eurostat: ilc_mdsd11,percent
FR,France,deprivation,2021,5.5,,Eurostat: ilc_mdsd11,percent
FR,France,deprivation,2022,7.0,b,Eurostat: ilc_mdsd11,percent
FR,France,deprivation,2023,6.6,,Eurostat: ilc_mdsd11,percent
FR,France,deprivation,2024,6.6,,Eurostat: ilc_mdsd11,percent
FR,France,deprivation,2025,7.0,,Eurostat: ilc_mdsd11,percent
HR,Croatia,I_IUSNET,2014,40.44,,Eurostat: isoc_ci_ac_i,percent
HR,Croatia,I_IUSNET,2015,44.6,,Eurostat: isoc_ci_ac_i,percent
HR,Croatia,I_IUSNET,2016,50.39,,Eurostat: isoc_ci_ac_i,percent
HR,Croatia,I_IUSNET,2017,47.25,,Eurostat: isoc_ci_ac_i,percent
HR,Croatia,I_IUSNET,2018,53.93,,Eurostat: isoc_ci_ac_i,percent
HR,Croatia,I_IUSNET,2019,57.88,,Eurostat: isoc_ci_ac_i,percent
HR,Croatia,I_IUSNET,2020,57.17,,Eurostat: isoc_ci_ac_i,percent
HR,Croatia,I_IUSNET,2021,60.89,,Eurostat: isoc_ci_ac_i,percent
HR,Croatia,I_IUSNET,2022,60.14,,Eurostat: isoc_ci_ac_i,percent
HR,Croatia,I_IUSNET,2023,62.76,,Eurostat: isoc_ci_ac_i,percent
HR,Croatia,I_IUSNET,2024,61.0,,Eurostat: isoc_ci_ac_i,percent
HR,Croatia,I_IUSNET,2025,61.5,,Eurostat: isoc_ci_ac_i,percent
HR,Croatia,I_IUVOTE,2014,,,Eurostat: isoc_ci_ac_i,percent
HR,Croatia,I_IUVOTE,2015,8.65,,Eurostat: isoc_ci_ac_i,percent
HR,Croatia,I_IUVOTE,2016,,,Eurostat: isoc_ci_ac_i,percent
HR,Croatia,I_IUVOTE,2017,7.33,,Eurostat: isoc_ci_ac_i,percent
HR,Croatia,I_IUVOTE,2018,,,Eurostat: isoc_ci_ac_i,percent
HR,Croatia,I_IUVOTE,2019,10.27,,Eurostat: isoc_ci_ac_i,percent
HR,Croatia,I_IUVOTE,2020,,,Eurostat: isoc_ci_ac_i,percent
HR,Croatia,I_IUVOTE,2021,8.4,,Eurostat: isoc_ci_ac_i,percent
HR,Croatia,I_IUVOTE,2022,8.98,,Eurostat: isoc_ci_ac_i,percent
HR,Croatia,I_IUVOTE,2023,7.72,,Eurostat: isoc_ci_ac_i,percent
HR,Croatia,I_IUVOTE,2024,11.87,,Eurostat: isoc_ci_ac_i,percent
HR,Croatia,I_IUVOTE,2025,8.46,,Eurostat: isoc_ci_ac_i,percent
HR,Croatia,I_IUPOL2,2014,,,Eurostat: isoc_ci_ac_i,percent
HR,Croatia,I_IUPOL2,2015,,,Eurostat: isoc_ci_ac_i,percent
HR,Croatia,I_IUPOL2,2016,,,Eurostat: isoc_ci_ac_i,percent
HR,Croatia,I_IUPOL2,2017,,,Eurostat: isoc_ci_ac_i,percent
HR,Croatia,I_IUPOL2,2018,,,Eurostat: isoc_ci_ac_i,percent
HR,Croatia,I_IUPOL2,2019,,,Eurostat: isoc_ci_ac_i,percent
HR,Croatia,I_IUPOL2,2020,,,Eurostat: isoc_ci_ac_i,percent
HR,Croatia,I_IUPOL2,2021,14.15,,Eurostat: isoc_ci_ac_i,percent
HR,Croatia,I_IUPOL2,2022,13.33,,Eurostat: isoc_ci_ac_i,percent
HR,Croatia,I_IUPOL2,2023,16.55,,Eurostat: isoc_ci_ac_i,percent
HR,Croatia,I_IUPOL2,2024,13.58,,Eurostat: isoc_ci_ac_i,percent
HR,Croatia,I_IUPOL2,2025,12.21,,Eurostat: isoc_ci_ac_i,percent
HR,Croatia,I_IUCPP,2014,,,Eurostat: isoc_ci_ac_i,percent
HR,Croatia,I_IUCPP,2015,13.96,,Eurostat: isoc_ci_ac_i,percent
HR,Croatia,I_IUCPP,2016,,,Eurostat: isoc_ci_ac_i,percent
HR,Croatia,I_IUCPP,2017,11.28,,Eurostat: isoc_ci_ac_i,percent
HR,Croatia,I_IUCPP,2018,,,Eurostat: isoc_ci_ac_i,percent
HR,Croatia,I_IUCPP,2019,15.44,,Eurostat: isoc_ci_ac_i,percent
HR,Croatia,I_IUCPP,2020,,,Eurostat: isoc_ci_ac_i,percent
HR,Croatia,I_IUCPP,2021,17.55,,Eurostat: isoc_ci_ac_i,percent
HR,Croatia,I_IUCPP,2022,17.35,,Eurostat: isoc_ci_ac_i,percent
HR,Croatia,I_IUCPP,2023,20.32,,Eurostat: isoc_ci_ac_i,percent
HR,Croatia,I_IUCPP,2024,19.9,,Eurostat: isoc_ci_ac_i,percent
HR,Croatia,I_IUCPP,2025,16.85,,Eurostat: isoc_ci_ac_i,percent
HR,Croatia,I_IUVOD,2014,,,Eurostat: isoc_ci_ac_i,percent
HR,Croatia,I_IUVOD,2015,,,Eurostat: isoc_ci_ac_i,percent
HR,Croatia,I_IUVOD,2016,12.24,,Eurostat: isoc_ci_ac_i,percent
HR,Croatia,I_IUVOD,2017,,,Eurostat: isoc_ci_ac_i,percent
HR,Croatia,I_IUVOD,2018,19.76,,Eurostat: isoc_ci_ac_i,percent
HR,Croatia,I_IUVOD,2019,,,Eurostat: isoc_ci_ac_i,percent
HR,Croatia,I_IUVOD,2020,31.87,,Eurostat: isoc_ci_ac_i,percent
HR,Croatia,I_IUVOD,2021,,,Eurostat: isoc_ci_ac_i,percent
HR,Croatia,I_IUVOD,2022,40.98,,Eurostat: isoc_ci_ac_i,percent
HR,Croatia,I_IUVOD,2023,,,Eurostat: isoc_ci_ac_i,percent
HR,Croatia,I_IUVOD,2024,43.11,,Eurostat: isoc_ci_ac_i,percent
HR,Croatia,I_IUVOD,2025,,,Eurostat: isoc_ci_ac_i,percent
HR,Croatia,deprivation,2015,8.4,,Eurostat: ilc_mdsd11,percent
HR,Croatia,deprivation,2016,7.3,,Eurostat: ilc_mdsd11,percent
HR,Croatia,deprivation,2017,7.1,,Eurostat: ilc_mdsd11,percent
HR,Croatia,deprivation,2018,6.1,,Eurostat: ilc_mdsd11,percent
HR,Croatia,deprivation,2019,4.6,,Eurostat: ilc_mdsd11,percent
HR,Croatia,deprivation,2020,4.4,,Eurostat: ilc_mdsd11,percent
HR,Croatia,deprivation,2021,3.5,,Eurostat: ilc_mdsd11,percent
HR,Croatia,deprivation,2022,4.0,,Eurostat: ilc_mdsd11,percent
HR,Croatia,deprivation,2023,2.8,,Eurostat: ilc_mdsd11,percent
HR,Croatia,deprivation,2024,2.0,,Eurostat: ilc_mdsd11,percent
HR,Croatia,deprivation,2025,2.0,,Eurostat: ilc_mdsd11,percent
IT,Italy,I_IUSNET,2014,36.21,,Eurostat: isoc_ci_ac_i,percent
IT,Italy,I_IUSNET,2015,38.05,,Eurostat: isoc_ci_ac_i,percent
IT,Italy,I_IUSNET,2016,41.54,,Eurostat: isoc_ci_ac_i,percent
IT,Italy,I_IUSNET,2017,43.36,,Eurostat: isoc_ci_ac_i,percent
IT,Italy,I_IUSNET,2018,46.48,,Eurostat: isoc_ci_ac_i,percent
IT,Italy,I_IUSNET,2019,42.3,,Eurostat: isoc_ci_ac_i,percent
IT,Italy,I_IUSNET,2020,48.42,,Eurostat: isoc_ci_ac_i,percent
IT,Italy,I_IUSNET,2021,50.19,,Eurostat: isoc_ci_ac_i,percent
IT,Italy,I_IUSNET,2022,53.19,,Eurostat: isoc_ci_ac_i,percent
IT,Italy,I_IUSNET,2023,53.06,,Eurostat: isoc_ci_ac_i,percent
IT,Italy,I_IUSNET,2024,55.96,,Eurostat: isoc_ci_ac_i,percent
IT,Italy,I_IUSNET,2025,56.38,,Eurostat: isoc_ci_ac_i,percent
IT,Italy,I_IUVOTE,2014,,,Eurostat: isoc_ci_ac_i,percent
IT,Italy,I_IUVOTE,2015,5.85,,Eurostat: isoc_ci_ac_i,percent
IT,Italy,I_IUVOTE,2016,,,Eurostat: isoc_ci_ac_i,percent
IT,Italy,I_IUVOTE,2017,6.05,,Eurostat: isoc_ci_ac_i,percent
IT,Italy,I_IUVOTE,2018,,,Eurostat: isoc_ci_ac_i,percent
IT,Italy,I_IUVOTE,2019,6.64,,Eurostat: isoc_ci_ac_i,percent
IT,Italy,I_IUVOTE,2020,,,Eurostat: isoc_ci_ac_i,percent
IT,Italy,I_IUVOTE,2021,11.03,,Eurostat: isoc_ci_ac_i,percent
IT,Italy,I_IUVOTE,2022,10.47,,Eurostat: isoc_ci_ac_i,percent
IT,Italy,I_IUVOTE,2023,9.7,,Eurostat: isoc_ci_ac_i,percent
IT,Italy,I_IUVOTE,2024,10.47,,Eurostat: isoc_ci_ac_i,percent
IT,Italy,I_IUVOTE,2025,10.68,,Eurostat: isoc_ci_ac_i,percent
IT,Italy,I_IUPOL2,2014,,,Eurostat: isoc_ci_ac_i,percent
IT,Italy,I_IUPOL2,2015,,,Eurostat: isoc_ci_ac_i,percent
IT,Italy,I_IUPOL2,2016,,,Eurostat: isoc_ci_ac_i,percent
IT,Italy,I_IUPOL2,2017,,,Eurostat: isoc_ci_ac_i,percent
IT,Italy,I_IUPOL2,2018,,,Eurostat: isoc_ci_ac_i,percent
IT,Italy,I_IUPOL2,2019,,,Eurostat: isoc_ci_ac_i,percent
IT,Italy,I_IUPOL2,2020,,,Eurostat: isoc_ci_ac_i,percent
IT,Italy,I_IUPOL2,2021,23.51,,Eurostat: isoc_ci_ac_i,percent
IT,Italy,I_IUPOL2,2022,23.63,,Eurostat: isoc_ci_ac_i,percent
IT,Italy,I_IUPOL2,2023,22.31,,Eurostat: isoc_ci_ac_i,percent
IT,Italy,I_IUPOL2,2024,23.03,,Eurostat: isoc_ci_ac_i,percent
IT,Italy,I_IUPOL2,2025,21.07,,Eurostat: isoc_ci_ac_i,percent
IT,Italy,I_IUCPP,2014,,,Eurostat: isoc_ci_ac_i,percent
IT,Italy,I_IUCPP,2015,14.07,,Eurostat: isoc_ci_ac_i,percent
IT,Italy,I_IUCPP,2016,,,Eurostat: isoc_ci_ac_i,percent
IT,Italy,I_IUCPP,2017,14.9,,Eurostat: isoc_ci_ac_i,percent
IT,Italy,I_IUCPP,2018,,,Eurostat: isoc_ci_ac_i,percent
IT,Italy,I_IUCPP,2019,13.94,,Eurostat: isoc_ci_ac_i,percent
IT,Italy,I_IUCPP,2020,,,Eurostat: isoc_ci_ac_i,percent
IT,Italy,I_IUCPP,2021,26.5,,Eurostat: isoc_ci_ac_i,percent
IT,Italy,I_IUCPP,2022,26.66,,Eurostat: isoc_ci_ac_i,percent
IT,Italy,I_IUCPP,2023,24.85,,Eurostat: isoc_ci_ac_i,percent
IT,Italy,I_IUCPP,2024,25.77,,Eurostat: isoc_ci_ac_i,percent
IT,Italy,I_IUCPP,2025,24.25,,Eurostat: isoc_ci_ac_i,percent
IT,Italy,I_IUVOD,2014,,,Eurostat: isoc_ci_ac_i,percent
IT,Italy,I_IUVOD,2015,,,Eurostat: isoc_ci_ac_i,percent
IT,Italy,I_IUVOD,2016,10.14,,Eurostat: isoc_ci_ac_i,percent
IT,Italy,I_IUVOD,2017,,,Eurostat: isoc_ci_ac_i,percent
IT,Italy,I_IUVOD,2018,17.39,,Eurostat: isoc_ci_ac_i,percent
IT,Italy,I_IUVOD,2019,,,Eurostat: isoc_ci_ac_i,percent
IT,Italy,I_IUVOD,2020,31.71,,Eurostat: isoc_ci_ac_i,percent
IT,Italy,I_IUVOD,2021,,,Eurostat: isoc_ci_ac_i,percent
IT,Italy,I_IUVOD,2022,41.03,,Eurostat: isoc_ci_ac_i,percent
IT,Italy,I_IUVOD,2023,,,Eurostat: isoc_ci_ac_i,percent
IT,Italy,I_IUVOD,2024,46.98,,Eurostat: isoc_ci_ac_i,percent
IT,Italy,I_IUVOD,2025,,,Eurostat: isoc_ci_ac_i,percent
IT,Italy,deprivation,2015,12.1,,Eurostat: ilc_mdsd11,percent
IT,Italy,deprivation,2016,10.1,,Eurostat: ilc_mdsd11,percent
IT,Italy,deprivation,2017,6.6,,Eurostat: ilc_mdsd11,percent
IT,Italy,deprivation,2018,6.5,,Eurostat: ilc_mdsd11,percent
IT,Italy,deprivation,2019,6.4,,Eurostat: ilc_mdsd11,percent
IT,Italy,deprivation,2020,6.2,,Eurostat: ilc_mdsd11,percent
IT,Italy,deprivation,2021,5.9,,Eurostat: ilc_mdsd11,percent
IT,Italy,deprivation,2022,4.5,,Eurostat: ilc_mdsd11,percent
IT,Italy,deprivation,2023,4.7,,Eurostat: ilc_mdsd11,percent
IT,Italy,deprivation,2024,4.6,,Eurostat: ilc_mdsd11,percent
IT,Italy,deprivation,2025,5.2,,Eurostat: ilc_mdsd11,percent
CY,Cyprus,I_IUSNET,2014,50.1,,Eurostat: isoc_ci_ac_i,percent
CY,Cyprus,I_IUSNET,2015,54.04,,Eurostat: isoc_ci_ac_i,percent
CY,Cyprus,I_IUSNET,2016,59.97,,Eurostat: isoc_ci_ac_i,percent
CY,Cyprus,I_IUSNET,2017,63.04,,Eurostat: isoc_ci_ac_i,percent
CY,Cyprus,I_IUSNET,2018,68.96,,Eurostat: isoc_ci_ac_i,percent
CY,Cyprus,I_IUSNET,2019,71.72,,Eurostat: isoc_ci_ac_i,percent
CY,Cyprus,I_IUSNET,2020,78.18,,Eurostat: isoc_ci_ac_i,percent
CY,Cyprus,I_IUSNET,2021,78.62,,Eurostat: isoc_ci_ac_i,percent
CY,Cyprus,I_IUSNET,2022,77.91,,Eurostat: isoc_ci_ac_i,percent
CY,Cyprus,I_IUSNET,2023,82.56,,Eurostat: isoc_ci_ac_i,percent
CY,Cyprus,I_IUSNET,2024,86.81,,Eurostat: isoc_ci_ac_i,percent
CY,Cyprus,I_IUSNET,2025,86.54,,Eurostat: isoc_ci_ac_i,percent
CY,Cyprus,I_IUVOTE,2014,,,Eurostat: isoc_ci_ac_i,percent
CY,Cyprus,I_IUVOTE,2015,2.11,,Eurostat: isoc_ci_ac_i,percent
CY,Cyprus,I_IUVOTE,2016,,,Eurostat: isoc_ci_ac_i,percent
CY,Cyprus,I_IUVOTE,2017,2.03,,Eurostat: isoc_ci_ac_i,percent
CY,Cyprus,I_IUVOTE,2018,,,Eurostat: isoc_ci_ac_i,percent
CY,Cyprus,I_IUVOTE,2019,4.17,,Eurostat: isoc_ci_ac_i,percent
CY,Cyprus,I_IUVOTE,2020,,,Eurostat: isoc_ci_ac_i,percent
CY,Cyprus,I_IUVOTE,2021,2.2,,Eurostat: isoc_ci_ac_i,percent
CY,Cyprus,I_IUVOTE,2022,3.77,,Eurostat: isoc_ci_ac_i,percent
CY,Cyprus,I_IUVOTE,2023,2.16,,Eurostat: isoc_ci_ac_i,percent
CY,Cyprus,I_IUVOTE,2024,9.94,,Eurostat: isoc_ci_ac_i,percent
CY,Cyprus,I_IUVOTE,2025,11.03,,Eurostat: isoc_ci_ac_i,percent
CY,Cyprus,I_IUPOL2,2014,,,Eurostat: isoc_ci_ac_i,percent
CY,Cyprus,I_IUPOL2,2015,,,Eurostat: isoc_ci_ac_i,percent
CY,Cyprus,I_IUPOL2,2016,,,Eurostat: isoc_ci_ac_i,percent
CY,Cyprus,I_IUPOL2,2017,,,Eurostat: isoc_ci_ac_i,percent
CY,Cyprus,I_IUPOL2,2018,,,Eurostat: isoc_ci_ac_i,percent
CY,Cyprus,I_IUPOL2,2019,,,Eurostat: isoc_ci_ac_i,percent
CY,Cyprus,I_IUPOL2,2020,,,Eurostat: isoc_ci_ac_i,percent
CY,Cyprus,I_IUPOL2,2021,7.84,,Eurostat: isoc_ci_ac_i,percent
CY,Cyprus,I_IUPOL2,2022,12.21,,Eurostat: isoc_ci_ac_i,percent
CY,Cyprus,I_IUPOL2,2023,9.39,,Eurostat: isoc_ci_ac_i,percent
CY,Cyprus,I_IUPOL2,2024,31.24,,Eurostat: isoc_ci_ac_i,percent
CY,Cyprus,I_IUPOL2,2025,21.18,,Eurostat: isoc_ci_ac_i,percent
CY,Cyprus,I_IUCPP,2014,,,Eurostat: isoc_ci_ac_i,percent
CY,Cyprus,I_IUCPP,2015,5.3,,Eurostat: isoc_ci_ac_i,percent
CY,Cyprus,I_IUCPP,2016,,,Eurostat: isoc_ci_ac_i,percent
CY,Cyprus,I_IUCPP,2017,9.02,,Eurostat: isoc_ci_ac_i,percent
CY,Cyprus,I_IUCPP,2018,,,Eurostat: isoc_ci_ac_i,percent
CY,Cyprus,I_IUCPP,2019,14.04,,Eurostat: isoc_ci_ac_i,percent
CY,Cyprus,I_IUCPP,2020,,,Eurostat: isoc_ci_ac_i,percent
CY,Cyprus,I_IUCPP,2021,8.47,,Eurostat: isoc_ci_ac_i,percent
CY,Cyprus,I_IUCPP,2022,13.35,,Eurostat: isoc_ci_ac_i,percent
CY,Cyprus,I_IUCPP,2023,9.94,,Eurostat: isoc_ci_ac_i,percent
CY,Cyprus,I_IUCPP,2024,31.68,,Eurostat: isoc_ci_ac_i,percent
CY,Cyprus,I_IUCPP,2025,23.12,,Eurostat: isoc_ci_ac_i,percent
CY,Cyprus,I_IUVOD,2014,,,Eurostat: isoc_ci_ac_i,percent
CY,Cyprus,I_IUVOD,2015,,,Eurostat: isoc_ci_ac_i,percent
CY,Cyprus,I_IUVOD,2016,8.75,,Eurostat: isoc_ci_ac_i,percent
CY,Cyprus,I_IUVOD,2017,,,Eurostat: isoc_ci_ac_i,percent
CY,Cyprus,I_IUVOD,2018,9.17,,Eurostat: isoc_ci_ac_i,percent
CY,Cyprus,I_IUVOD,2019,,,Eurostat: isoc_ci_ac_i,percent
CY,Cyprus,I_IUVOD,2020,41.76,,Eurostat: isoc_ci_ac_i,percent
CY,Cyprus,I_IUVOD,2021,,,Eurostat: isoc_ci_ac_i,percent
CY,Cyprus,I_IUVOD,2022,53.01,,Eurostat: isoc_ci_ac_i,percent
CY,Cyprus,I_IUVOD,2023,,,Eurostat: isoc_ci_ac_i,percent
CY,Cyprus,I_IUVOD,2024,48.33,,Eurostat: isoc_ci_ac_i,percent
CY,Cyprus,I_IUVOD,2025,,,Eurostat: isoc_ci_ac_i,percent
CY,Cyprus,deprivation,2015,7.9,,Eurostat: ilc_mdsd11,percent
CY,Cyprus,deprivation,2016,6.6,,Eurostat: ilc_mdsd11,percent
CY,Cyprus,deprivation,2017,6.1,,Eurostat: ilc_mdsd11,percent
CY,Cyprus,deprivation,2018,3.8,,Eurostat: ilc_mdsd11,percent
CY,Cyprus,deprivation,2019,3.1,,Eurostat: ilc_mdsd11,percent
CY,Cyprus,deprivation,2020,3.3,,Eurostat: ilc_mdsd11,percent
CY,Cyprus,deprivation,2021,2.4,,Eurostat: ilc_mdsd11,percent
CY,Cyprus,deprivation,2022,2.7,,Eurostat: ilc_mdsd11,percent
CY,Cyprus,deprivation,2023,2.4,,Eurostat: ilc_mdsd11,percent
CY,Cyprus,deprivation,2024,2.5,,Eurostat: ilc_mdsd11,percent
CY,Cyprus,deprivation,2025,2.2,,Eurostat: ilc_mdsd11,percent
LV,Latvia,I_IUSNET,2014,52.74,,Eurostat: isoc_ci_ac_i,percent
LV,Latvia,I_IUSNET,2015,57.5,,Eurostat: isoc_ci_ac_i,percent
LV,Latvia,I_IUSNET,2016,57.07,b,Eurostat: isoc_ci_ac_i,percent
LV,Latvia,I_IUSNET,2017,59.9,,Eurostat: isoc_ci_ac_i,percent
LV,Latvia,I_IUSNET,2018,61.47,,Eurostat: isoc_ci_ac_i,percent
LV,Latvia,I_IUSNET,2019,64.66,,Eurostat: isoc_ci_ac_i,percent
LV,Latvia,I_IUSNET,2020,67.09,,Eurostat: isoc_ci_ac_i,percent
LV,Latvia,I_IUSNET,2021,69.76,,Eurostat: isoc_ci_ac_i,percent
LV,Latvia,I_IUSNET,2022,71.19,,Eurostat: isoc_ci_ac_i,percent
LV,Latvia,I_IUSNET,2023,73.25,,Eurostat: isoc_ci_ac_i,percent
LV,Latvia,I_IUSNET,2024,74.14,,Eurostat: isoc_ci_ac_i,percent
LV,Latvia,I_IUSNET,2025,79.29,,Eurostat: isoc_ci_ac_i,percent
LV,Latvia,I_IUVOTE,2014,,,Eurostat: isoc_ci_ac_i,percent
LV,Latvia,I_IUVOTE,2015,3.49,,Eurostat: isoc_ci_ac_i,percent
LV,Latvia,I_IUVOTE,2016,,,Eurostat: isoc_ci_ac_i,percent
LV,Latvia,I_IUVOTE,2017,4.91,,Eurostat: isoc_ci_ac_i,percent
LV,Latvia,I_IUVOTE,2018,,,Eurostat: isoc_ci_ac_i,percent
LV,Latvia,I_IUVOTE,2019,6.23,,Eurostat: isoc_ci_ac_i,percent
LV,Latvia,I_IUVOTE,2020,,,Eurostat: isoc_ci_ac_i,percent
LV,Latvia,I_IUVOTE,2021,13.86,,Eurostat: isoc_ci_ac_i,percent
LV,Latvia,I_IUVOTE,2022,11.44,,Eurostat: isoc_ci_ac_i,percent
LV,Latvia,I_IUVOTE,2023,13.75,,Eurostat: isoc_ci_ac_i,percent
LV,Latvia,I_IUVOTE,2024,15.68,,Eurostat: isoc_ci_ac_i,percent
LV,Latvia,I_IUVOTE,2025,15.36,,Eurostat: isoc_ci_ac_i,percent
LV,Latvia,I_IUPOL2,2014,,,Eurostat: isoc_ci_ac_i,percent
LV,Latvia,I_IUPOL2,2015,,,Eurostat: isoc_ci_ac_i,percent
LV,Latvia,I_IUPOL2,2016,,,Eurostat: isoc_ci_ac_i,percent
LV,Latvia,I_IUPOL2,2017,,,Eurostat: isoc_ci_ac_i,percent
LV,Latvia,I_IUPOL2,2018,,,Eurostat: isoc_ci_ac_i,percent
LV,Latvia,I_IUPOL2,2019,,,Eurostat: isoc_ci_ac_i,percent
LV,Latvia,I_IUPOL2,2020,,,Eurostat: isoc_ci_ac_i,percent
LV,Latvia,I_IUPOL2,2021,15.26,,Eurostat: isoc_ci_ac_i,percent
LV,Latvia,I_IUPOL2,2022,17.38,,Eurostat: isoc_ci_ac_i,percent
LV,Latvia,I_IUPOL2,2023,15.31,,Eurostat: isoc_ci_ac_i,percent
LV,Latvia,I_IUPOL2,2024,18.97,,Eurostat: isoc_ci_ac_i,percent
LV,Latvia,I_IUPOL2,2025,16.15,,Eurostat: isoc_ci_ac_i,percent
LV,Latvia,I_IUCPP,2014,,,Eurostat: isoc_ci_ac_i,percent
LV,Latvia,I_IUCPP,2015,7.23,,Eurostat: isoc_ci_ac_i,percent
LV,Latvia,I_IUCPP,2016,,,Eurostat: isoc_ci_ac_i,percent
LV,Latvia,I_IUCPP,2017,9.77,,Eurostat: isoc_ci_ac_i,percent
LV,Latvia,I_IUCPP,2018,,,Eurostat: isoc_ci_ac_i,percent
LV,Latvia,I_IUCPP,2019,13.32,,Eurostat: isoc_ci_ac_i,percent
LV,Latvia,I_IUCPP,2020,,,Eurostat: isoc_ci_ac_i,percent
LV,Latvia,I_IUCPP,2021,22.54,,Eurostat: isoc_ci_ac_i,percent
LV,Latvia,I_IUCPP,2022,22.82,,Eurostat: isoc_ci_ac_i,percent
LV,Latvia,I_IUCPP,2023,22.29,,Eurostat: isoc_ci_ac_i,percent
LV,Latvia,I_IUCPP,2024,26.42,,Eurostat: isoc_ci_ac_i,percent
LV,Latvia,I_IUCPP,2025,24.24,,Eurostat: isoc_ci_ac_i,percent
LV,Latvia,I_IUVOD,2014,,,Eurostat: isoc_ci_ac_i,percent
LV,Latvia,I_IUVOD,2015,,,Eurostat: isoc_ci_ac_i,percent
LV,Latvia,I_IUVOD,2016,11.7,b,Eurostat: isoc_ci_ac_i,percent
LV,Latvia,I_IUVOD,2017,,,Eurostat: isoc_ci_ac_i,percent
LV,Latvia,I_IUVOD,2018,12.74,,Eurostat: isoc_ci_ac_i,percent
LV,Latvia,I_IUVOD,2019,,,Eurostat: isoc_ci_ac_i,percent
LV,Latvia,I_IUVOD,2020,10.98,,Eurostat: isoc_ci_ac_i,percent
LV,Latvia,I_IUVOD,2021,,,Eurostat: isoc_ci_ac_i,percent
LV,Latvia,I_IUVOD,2022,12.13,,Eurostat: isoc_ci_ac_i,percent
LV,Latvia,I_IUVOD,2023,,,Eurostat: isoc_ci_ac_i,percent
LV,Latvia,I_IUVOD,2024,19.53,,Eurostat: isoc_ci_ac_i,percent
LV,Latvia,I_IUVOD,2025,,,Eurostat: isoc_ci_ac_i,percent
LV,Latvia,deprivation,2015,15.4,,Eurostat: ilc_mdsd11,percent
LV,Latvia,deprivation,2016,12.6,,Eurostat: ilc_mdsd11,percent
LV,Latvia,deprivation,2017,12.9,,Eurostat: ilc_mdsd11,percent
LV,Latvia,deprivation,2018,10.4,,Eurostat: ilc_mdsd11,percent
LV,Latvia,deprivation,2019,7.5,,Eurostat: ilc_mdsd11,percent
LV,Latvia,deprivation,2020,7.0,,Eurostat: ilc_mdsd11,percent
LV,Latvia,deprivation,2021,5.3,,Eurostat: ilc_mdsd11,percent
LV,Latvia,deprivation,2022,7.8,,Eurostat: ilc_mdsd11,percent
LV,Latvia,deprivation,2023,6.2,,Eurostat: ilc_mdsd11,percent
LV,Latvia,deprivation,2024,5.3,,Eurostat: ilc_mdsd11,percent
LV,Latvia,deprivation,2025,4.8,,Eurostat: ilc_mdsd11,percent
LT,Lithuania,I_IUSNET,2014,47.02,,Eurostat: isoc_ci_ac_i,percent
LT,Lithuania,I_IUSNET,2015,46.27,,Eurostat: isoc_ci_ac_i,percent
LT,Lithuania,I_IUSNET,2016,50.34,,Eurostat: isoc_ci_ac_i,percent
LT,Lithuania,I_IUSNET,2017,53.55,,Eurostat: isoc_ci_ac_i,percent
LT,Lithuania,I_IUSNET,2018,57.95,,Eurostat: isoc_ci_ac_i,percent
LT,Lithuania,I_IUSNET,2019,60.57,,Eurostat: isoc_ci_ac_i,percent
LT,Lithuania,I_IUSNET,2020,61.45,,Eurostat: isoc_ci_ac_i,percent
LT,Lithuania,I_IUSNET,2021,65.19,,Eurostat: isoc_ci_ac_i,percent
LT,Lithuania,I_IUSNET,2022,67.3,,Eurostat: isoc_ci_ac_i,percent
LT,Lithuania,I_IUSNET,2023,68.45,,Eurostat: isoc_ci_ac_i,percent
LT,Lithuania,I_IUSNET,2024,69.84,,Eurostat: isoc_ci_ac_i,percent
LT,Lithuania,I_IUSNET,2025,70.27,,Eurostat: isoc_ci_ac_i,percent
LT,Lithuania,I_IUVOTE,2014,,,Eurostat: isoc_ci_ac_i,percent
LT,Lithuania,I_IUVOTE,2015,5.13,,Eurostat: isoc_ci_ac_i,percent
LT,Lithuania,I_IUVOTE,2016,,,Eurostat: isoc_ci_ac_i,percent
LT,Lithuania,I_IUVOTE,2017,8.94,,Eurostat: isoc_ci_ac_i,percent
LT,Lithuania,I_IUVOTE,2018,,,Eurostat: isoc_ci_ac_i,percent
LT,Lithuania,I_IUVOTE,2019,10.22,,Eurostat: isoc_ci_ac_i,percent
LT,Lithuania,I_IUVOTE,2020,,,Eurostat: isoc_ci_ac_i,percent
LT,Lithuania,I_IUVOTE,2021,9.98,,Eurostat: isoc_ci_ac_i,percent
LT,Lithuania,I_IUVOTE,2022,11.12,,Eurostat: isoc_ci_ac_i,percent
LT,Lithuania,I_IUVOTE,2023,8.08,,Eurostat: isoc_ci_ac_i,percent
LT,Lithuania,I_IUVOTE,2024,13.05,,Eurostat: isoc_ci_ac_i,percent
LT,Lithuania,I_IUVOTE,2025,8.27,,Eurostat: isoc_ci_ac_i,percent
LT,Lithuania,I_IUPOL2,2014,,,Eurostat: isoc_ci_ac_i,percent
LT,Lithuania,I_IUPOL2,2015,,,Eurostat: isoc_ci_ac_i,percent
LT,Lithuania,I_IUPOL2,2016,,,Eurostat: isoc_ci_ac_i,percent
LT,Lithuania,I_IUPOL2,2017,,,Eurostat: isoc_ci_ac_i,percent
LT,Lithuania,I_IUPOL2,2018,,,Eurostat: isoc_ci_ac_i,percent
LT,Lithuania,I_IUPOL2,2019,,,Eurostat: isoc_ci_ac_i,percent
LT,Lithuania,I_IUPOL2,2020,,,Eurostat: isoc_ci_ac_i,percent
LT,Lithuania,I_IUPOL2,2021,13.82,,Eurostat: isoc_ci_ac_i,percent
LT,Lithuania,I_IUPOL2,2022,16.18,,Eurostat: isoc_ci_ac_i,percent
LT,Lithuania,I_IUPOL2,2023,12.11,,Eurostat: isoc_ci_ac_i,percent
LT,Lithuania,I_IUPOL2,2024,14.07,,Eurostat: isoc_ci_ac_i,percent
LT,Lithuania,I_IUPOL2,2025,10.18,,Eurostat: isoc_ci_ac_i,percent
LT,Lithuania,I_IUCPP,2014,,,Eurostat: isoc_ci_ac_i,percent
LT,Lithuania,I_IUCPP,2015,9.95,,Eurostat: isoc_ci_ac_i,percent
LT,Lithuania,I_IUCPP,2016,,,Eurostat: isoc_ci_ac_i,percent
LT,Lithuania,I_IUCPP,2017,13.55,,Eurostat: isoc_ci_ac_i,percent
LT,Lithuania,I_IUCPP,2018,,,Eurostat: isoc_ci_ac_i,percent
LT,Lithuania,I_IUCPP,2019,16.6,,Eurostat: isoc_ci_ac_i,percent
LT,Lithuania,I_IUCPP,2020,,,Eurostat: isoc_ci_ac_i,percent
LT,Lithuania,I_IUCPP,2021,17.87,,Eurostat: isoc_ci_ac_i,percent
LT,Lithuania,I_IUCPP,2022,20.93,,Eurostat: isoc_ci_ac_i,percent
LT,Lithuania,I_IUCPP,2023,15.92,,Eurostat: isoc_ci_ac_i,percent
LT,Lithuania,I_IUCPP,2024,20.17,,Eurostat: isoc_ci_ac_i,percent
LT,Lithuania,I_IUCPP,2025,14.55,,Eurostat: isoc_ci_ac_i,percent
LT,Lithuania,I_IUVOD,2014,,,Eurostat: isoc_ci_ac_i,percent
LT,Lithuania,I_IUVOD,2015,,,Eurostat: isoc_ci_ac_i,percent
LT,Lithuania,I_IUVOD,2016,8.21,,Eurostat: isoc_ci_ac_i,percent
LT,Lithuania,I_IUVOD,2017,,,Eurostat: isoc_ci_ac_i,percent
LT,Lithuania,I_IUVOD,2018,12.0,,Eurostat: isoc_ci_ac_i,percent
LT,Lithuania,I_IUVOD,2019,,,Eurostat: isoc_ci_ac_i,percent
LT,Lithuania,I_IUVOD,2020,15.14,,Eurostat: isoc_ci_ac_i,percent
LT,Lithuania,I_IUVOD,2021,,,Eurostat: isoc_ci_ac_i,percent
LT,Lithuania,I_IUVOD,2022,20.42,,Eurostat: isoc_ci_ac_i,percent
LT,Lithuania,I_IUVOD,2023,,,Eurostat: isoc_ci_ac_i,percent
LT,Lithuania,I_IUVOD,2024,24.52,,Eurostat: isoc_ci_ac_i,percent
LT,Lithuania,I_IUVOD,2025,,,Eurostat: isoc_ci_ac_i,percent
LT,Lithuania,deprivation,2015,14.6,,Eurostat: ilc_mdsd11,percent
LT,Lithuania,deprivation,2016,15.4,,Eurostat: ilc_mdsd11,percent
LT,Lithuania,deprivation,2017,14.4,,Eurostat: ilc_mdsd11,percent
LT,Lithuania,deprivation,2018,12.0,,Eurostat: ilc_mdsd11,percent
LT,Lithuania,deprivation,2019,9.7,,Eurostat: ilc_mdsd11,percent
LT,Lithuania,deprivation,2020,8.1,,Eurostat: ilc_mdsd11,percent
LT,Lithuania,deprivation,2021,6.4,,Eurostat: ilc_mdsd11,percent
LT,Lithuania,deprivation,2022,6.0,,Eurostat: ilc_mdsd11,percent
LT,Lithuania,deprivation,2023,6.1,,Eurostat: ilc_mdsd11,percent
LT,Lithuania,deprivation,2024,6.1,p,Eurostat: ilc_mdsd11,percent
LT,Lithuania,deprivation,2025,5.5,p,Eurostat: ilc_mdsd11,percent
LU,Luxembourg,I_IUSNET,2014,60.49,,Eurostat: isoc_ci_ac_i,percent
LU,Luxembourg,I_IUSNET,2015,68.28,,Eurostat: isoc_ci_ac_i,percent
LU,Luxembourg,I_IUSNET,2016,67.05,,Eurostat: isoc_ci_ac_i,percent
LU,Luxembourg,I_IUSNET,2017,68.08,,Eurostat: isoc_ci_ac_i,percent
LU,Luxembourg,I_IUSNET,2018,63.76,b,Eurostat: isoc_ci_ac_i,percent
LU,Luxembourg,I_IUSNET,2019,62.51,,Eurostat: isoc_ci_ac_i,percent
LU,Luxembourg,I_IUSNET,2020,59.53,,Eurostat: isoc_ci_ac_i,percent
LU,Luxembourg,I_IUSNET,2021,61.95,,Eurostat: isoc_ci_ac_i,percent
LU,Luxembourg,I_IUSNET,2022,61.78,,Eurostat: isoc_ci_ac_i,percent
LU,Luxembourg,I_IUSNET,2023,62.55,,Eurostat: isoc_ci_ac_i,percent
LU,Luxembourg,I_IUSNET,2024,67.7,,Eurostat: isoc_ci_ac_i,percent
LU,Luxembourg,I_IUSNET,2025,67.32,,Eurostat: isoc_ci_ac_i,percent
LU,Luxembourg,I_IUVOTE,2014,,,Eurostat: isoc_ci_ac_i,percent
LU,Luxembourg,I_IUVOTE,2015,17.69,,Eurostat: isoc_ci_ac_i,percent
LU,Luxembourg,I_IUVOTE,2016,,,Eurostat: isoc_ci_ac_i,percent
LU,Luxembourg,I_IUVOTE,2017,31.99,,Eurostat: isoc_ci_ac_i,percent
LU,Luxembourg,I_IUVOTE,2018,,,Eurostat: isoc_ci_ac_i,percent
LU,Luxembourg,I_IUVOTE,2019,16.43,b,Eurostat: isoc_ci_ac_i,percent
LU,Luxembourg,I_IUVOTE,2020,,,Eurostat: isoc_ci_ac_i,percent
LU,Luxembourg,I_IUVOTE,2021,13.14,,Eurostat: isoc_ci_ac_i,percent
LU,Luxembourg,I_IUVOTE,2022,11.81,,Eurostat: isoc_ci_ac_i,percent
LU,Luxembourg,I_IUVOTE,2023,10.11,,Eurostat: isoc_ci_ac_i,percent
LU,Luxembourg,I_IUVOTE,2024,14.94,,Eurostat: isoc_ci_ac_i,percent
LU,Luxembourg,I_IUVOTE,2025,11.83,,Eurostat: isoc_ci_ac_i,percent
LU,Luxembourg,I_IUPOL2,2014,,,Eurostat: isoc_ci_ac_i,percent
LU,Luxembourg,I_IUPOL2,2015,,,Eurostat: isoc_ci_ac_i,percent
LU,Luxembourg,I_IUPOL2,2016,,,Eurostat: isoc_ci_ac_i,percent
LU,Luxembourg,I_IUPOL2,2017,,,Eurostat: isoc_ci_ac_i,percent
LU,Luxembourg,I_IUPOL2,2018,,,Eurostat: isoc_ci_ac_i,percent
LU,Luxembourg,I_IUPOL2,2019,,,Eurostat: isoc_ci_ac_i,percent
LU,Luxembourg,I_IUPOL2,2020,,,Eurostat: isoc_ci_ac_i,percent
LU,Luxembourg,I_IUPOL2,2021,19.53,,Eurostat: isoc_ci_ac_i,percent
LU,Luxembourg,I_IUPOL2,2022,14.59,,Eurostat: isoc_ci_ac_i,percent
LU,Luxembourg,I_IUPOL2,2023,12.95,,Eurostat: isoc_ci_ac_i,percent
LU,Luxembourg,I_IUPOL2,2024,15.03,,Eurostat: isoc_ci_ac_i,percent
LU,Luxembourg,I_IUPOL2,2025,13.74,,Eurostat: isoc_ci_ac_i,percent
LU,Luxembourg,I_IUCPP,2014,,,Eurostat: isoc_ci_ac_i,percent
LU,Luxembourg,I_IUCPP,2015,27.62,,Eurostat: isoc_ci_ac_i,percent
LU,Luxembourg,I_IUCPP,2016,,,Eurostat: isoc_ci_ac_i,percent
LU,Luxembourg,I_IUCPP,2017,39.93,,Eurostat: isoc_ci_ac_i,percent
LU,Luxembourg,I_IUCPP,2018,,,Eurostat: isoc_ci_ac_i,percent
LU,Luxembourg,I_IUCPP,2019,24.85,b,Eurostat: isoc_ci_ac_i,percent
LU,Luxembourg,I_IUCPP,2020,,,Eurostat: isoc_ci_ac_i,percent
LU,Luxembourg,I_IUCPP,2021,26.72,,Eurostat: isoc_ci_ac_i,percent
LU,Luxembourg,I_IUCPP,2022,21.47,,Eurostat: isoc_ci_ac_i,percent
LU,Luxembourg,I_IUCPP,2023,18.39,,Eurostat: isoc_ci_ac_i,percent
LU,Luxembourg,I_IUCPP,2024,24.36,,Eurostat: isoc_ci_ac_i,percent
LU,Luxembourg,I_IUCPP,2025,20.64,,Eurostat: isoc_ci_ac_i,percent
LU,Luxembourg,I_IUVOD,2014,,,Eurostat: isoc_ci_ac_i,percent
LU,Luxembourg,I_IUVOD,2015,,,Eurostat: isoc_ci_ac_i,percent
LU,Luxembourg,I_IUVOD,2016,28.29,,Eurostat: isoc_ci_ac_i,percent
LU,Luxembourg,I_IUVOD,2017,,,Eurostat: isoc_ci_ac_i,percent
LU,Luxembourg,I_IUVOD,2018,23.49,b,Eurostat: isoc_ci_ac_i,percent
LU,Luxembourg,I_IUVOD,2019,,,Eurostat: isoc_ci_ac_i,percent
LU,Luxembourg,I_IUVOD,2020,45.68,,Eurostat: isoc_ci_ac_i,percent
LU,Luxembourg,I_IUVOD,2021,,,Eurostat: isoc_ci_ac_i,percent
LU,Luxembourg,I_IUVOD,2022,42.7,,Eurostat: isoc_ci_ac_i,percent
LU,Luxembourg,I_IUVOD,2023,,,Eurostat: isoc_ci_ac_i,percent
LU,Luxembourg,I_IUVOD,2024,53.37,,Eurostat: isoc_ci_ac_i,percent
LU,Luxembourg,I_IUVOD,2025,,,Eurostat: isoc_ci_ac_i,percent
LU,Luxembourg,deprivation,2015,2.5,,Eurostat: ilc_mdsd11,percent
LU,Luxembourg,deprivation,2016,2.0,,Eurostat: ilc_mdsd11,percent
LU,Luxembourg,deprivation,2017,1.9,,Eurostat: ilc_mdsd11,percent
LU,Luxembourg,deprivation,2018,1.6,,Eurostat: ilc_mdsd11,percent
LU,Luxembourg,deprivation,2019,1.4,,Eurostat: ilc_mdsd11,percent
LU,Luxembourg,deprivation,2020,1.7,b,Eurostat: ilc_mdsd11,percent
LU,Luxembourg,deprivation,2021,2.4,b,Eurostat: ilc_mdsd11,percent
LU,Luxembourg,deprivation,2022,2.0,b,Eurostat: ilc_mdsd11,percent
LU,Luxembourg,deprivation,2023,2.5,,Eurostat: ilc_mdsd11,percent
LU,Luxembourg,deprivation,2024,2.3,,Eurostat: ilc_mdsd11,percent
LU,Luxembourg,deprivation,2025,3.4,b,Eurostat: ilc_mdsd11,percent
HU,Hungary,I_IUSNET,2014,60.02,,Eurostat: isoc_ci_ac_i,percent
HU,Hungary,I_IUSNET,2015,60.75,,Eurostat: isoc_ci_ac_i,percent
HU,Hungary,I_IUSNET,2016,65.62,,Eurostat: isoc_ci_ac_i,percent
HU,Hungary,I_IUSNET,2017,64.57,,Eurostat: isoc_ci_ac_i,percent
HU,Hungary,I_IUSNET,2018,65.32,,Eurostat: isoc_ci_ac_i,percent
HU,Hungary,I_IUSNET,2019,68.86,,Eurostat: isoc_ci_ac_i,percent
HU,Hungary,I_IUSNET,2020,73.99,,Eurostat: isoc_ci_ac_i,percent
HU,Hungary,I_IUSNET,2021,77.24,,Eurostat: isoc_ci_ac_i,percent
HU,Hungary,I_IUSNET,2022,78.54,,Eurostat: isoc_ci_ac_i,percent
HU,Hungary,I_IUSNET,2023,81.32,,Eurostat: isoc_ci_ac_i,percent
HU,Hungary,I_IUSNET,2024,81.01,,Eurostat: isoc_ci_ac_i,percent
HU,Hungary,I_IUSNET,2025,78.66,,Eurostat: isoc_ci_ac_i,percent
HU,Hungary,I_IUVOTE,2014,,,Eurostat: isoc_ci_ac_i,percent
HU,Hungary,I_IUVOTE,2015,2.43,,Eurostat: isoc_ci_ac_i,percent
HU,Hungary,I_IUVOTE,2016,,,Eurostat: isoc_ci_ac_i,percent
HU,Hungary,I_IUVOTE,2017,3.34,,Eurostat: isoc_ci_ac_i,percent
HU,Hungary,I_IUVOTE,2018,,,Eurostat: isoc_ci_ac_i,percent
HU,Hungary,I_IUVOTE,2019,5.0,,Eurostat: isoc_ci_ac_i,percent
HU,Hungary,I_IUVOTE,2020,,,Eurostat: isoc_ci_ac_i,percent
HU,Hungary,I_IUVOTE,2021,12.1,,Eurostat: isoc_ci_ac_i,percent
HU,Hungary,I_IUVOTE,2022,14.16,,Eurostat: isoc_ci_ac_i,percent
HU,Hungary,I_IUVOTE,2023,14.87,,Eurostat: isoc_ci_ac_i,percent
HU,Hungary,I_IUVOTE,2024,7.02,,Eurostat: isoc_ci_ac_i,percent
HU,Hungary,I_IUVOTE,2025,11.26,,Eurostat: isoc_ci_ac_i,percent
HU,Hungary,I_IUPOL2,2014,,,Eurostat: isoc_ci_ac_i,percent
HU,Hungary,I_IUPOL2,2015,,,Eurostat: isoc_ci_ac_i,percent
HU,Hungary,I_IUPOL2,2016,,,Eurostat: isoc_ci_ac_i,percent
HU,Hungary,I_IUPOL2,2017,,,Eurostat: isoc_ci_ac_i,percent
HU,Hungary,I_IUPOL2,2018,,,Eurostat: isoc_ci_ac_i,percent
HU,Hungary,I_IUPOL2,2019,,,Eurostat: isoc_ci_ac_i,percent
HU,Hungary,I_IUPOL2,2020,,,Eurostat: isoc_ci_ac_i,percent
HU,Hungary,I_IUPOL2,2021,19.05,,Eurostat: isoc_ci_ac_i,percent
HU,Hungary,I_IUPOL2,2022,23.37,,Eurostat: isoc_ci_ac_i,percent
HU,Hungary,I_IUPOL2,2023,28.12,,Eurostat: isoc_ci_ac_i,percent
HU,Hungary,I_IUPOL2,2024,17.31,,Eurostat: isoc_ci_ac_i,percent
HU,Hungary,I_IUPOL2,2025,40.77,,Eurostat: isoc_ci_ac_i,percent
HU,Hungary,I_IUCPP,2014,,,Eurostat: isoc_ci_ac_i,percent
HU,Hungary,I_IUCPP,2015,4.67,,Eurostat: isoc_ci_ac_i,percent
HU,Hungary,I_IUCPP,2016,,,Eurostat: isoc_ci_ac_i,percent
HU,Hungary,I_IUCPP,2017,8.03,,Eurostat: isoc_ci_ac_i,percent
HU,Hungary,I_IUCPP,2018,,,Eurostat: isoc_ci_ac_i,percent
HU,Hungary,I_IUCPP,2019,12.09,,Eurostat: isoc_ci_ac_i,percent
HU,Hungary,I_IUCPP,2020,,,Eurostat: isoc_ci_ac_i,percent
HU,Hungary,I_IUCPP,2021,20.78,,Eurostat: isoc_ci_ac_i,percent
HU,Hungary,I_IUCPP,2022,24.82,,Eurostat: isoc_ci_ac_i,percent
HU,Hungary,I_IUCPP,2023,29.95,,Eurostat: isoc_ci_ac_i,percent
HU,Hungary,I_IUCPP,2024,19.0,,Eurostat: isoc_ci_ac_i,percent
HU,Hungary,I_IUCPP,2025,42.12,,Eurostat: isoc_ci_ac_i,percent
HU,Hungary,I_IUVOD,2014,,,Eurostat: isoc_ci_ac_i,percent
HU,Hungary,I_IUVOD,2015,,,Eurostat: isoc_ci_ac_i,percent
HU,Hungary,I_IUVOD,2016,6.1,,Eurostat: isoc_ci_ac_i,percent
HU,Hungary,I_IUVOD,2017,,,Eurostat: isoc_ci_ac_i,percent
HU,Hungary,I_IUVOD,2018,8.38,,Eurostat: isoc_ci_ac_i,percent
HU,Hungary,I_IUVOD,2019,,,Eurostat: isoc_ci_ac_i,percent
HU,Hungary,I_IUVOD,2020,25.85,,Eurostat: isoc_ci_ac_i,percent
HU,Hungary,I_IUVOD,2021,,,Eurostat: isoc_ci_ac_i,percent
HU,Hungary,I_IUVOD,2022,46.1,,Eurostat: isoc_ci_ac_i,percent
HU,Hungary,I_IUVOD,2023,,,Eurostat: isoc_ci_ac_i,percent
HU,Hungary,I_IUVOD,2024,48.16,,Eurostat: isoc_ci_ac_i,percent
HU,Hungary,I_IUVOD,2025,,,Eurostat: isoc_ci_ac_i,percent
HU,Hungary,deprivation,2015,24.1,,Eurostat: ilc_mdsd11,percent
HU,Hungary,deprivation,2016,20.6,,Eurostat: ilc_mdsd11,percent
HU,Hungary,deprivation,2017,16.1,,Eurostat: ilc_mdsd11,percent
HU,Hungary,deprivation,2018,11.9,,Eurostat: ilc_mdsd11,percent
HU,Hungary,deprivation,2019,10.8,b,Eurostat: ilc_mdsd11,percent
HU,Hungary,deprivation,2020,10.7,,Eurostat: ilc_mdsd11,percent
HU,Hungary,deprivation,2021,10.5,,Eurostat: ilc_mdsd11,percent
HU,Hungary,deprivation,2022,9.1,,Eurostat: ilc_mdsd11,percent
HU,Hungary,deprivation,2023,10.3,,Eurostat: ilc_mdsd11,percent
HU,Hungary,deprivation,2024,9.3,,Eurostat: ilc_mdsd11,percent
HU,Hungary,deprivation,2025,8.5,,Eurostat: ilc_mdsd11,percent
MT,Malta,I_IUSNET,2014,53.12,,Eurostat: isoc_ci_ac_i,percent
MT,Malta,I_IUSNET,2015,60.08,,Eurostat: isoc_ci_ac_i,percent
MT,Malta,I_IUSNET,2016,64.04,,Eurostat: isoc_ci_ac_i,percent
MT,Malta,I_IUSNET,2017,70.37,,Eurostat: isoc_ci_ac_i,percent
MT,Malta,I_IUSNET,2018,69.61,,Eurostat: isoc_ci_ac_i,percent
MT,Malta,I_IUSNET,2019,70.66,,Eurostat: isoc_ci_ac_i,percent
MT,Malta,I_IUSNET,2020,72.49,,Eurostat: isoc_ci_ac_i,percent
MT,Malta,I_IUSNET,2021,75.57,,Eurostat: isoc_ci_ac_i,percent
MT,Malta,I_IUSNET,2022,75.74,,Eurostat: isoc_ci_ac_i,percent
MT,Malta,I_IUSNET,2023,85.76,,Eurostat: isoc_ci_ac_i,percent
MT,Malta,I_IUSNET,2024,77.19,,Eurostat: isoc_ci_ac_i,percent
MT,Malta,I_IUSNET,2025,82.42,,Eurostat: isoc_ci_ac_i,percent
MT,Malta,I_IUVOTE,2014,,,Eurostat: isoc_ci_ac_i,percent
MT,Malta,I_IUVOTE,2015,12.28,,Eurostat: isoc_ci_ac_i,percent
MT,Malta,I_IUVOTE,2016,,,Eurostat: isoc_ci_ac_i,percent
MT,Malta,I_IUVOTE,2017,17.36,,Eurostat: isoc_ci_ac_i,percent
MT,Malta,I_IUVOTE,2018,,,Eurostat: isoc_ci_ac_i,percent
MT,Malta,I_IUVOTE,2019,15.5,,Eurostat: isoc_ci_ac_i,percent
MT,Malta,I_IUVOTE,2020,,,Eurostat: isoc_ci_ac_i,percent
MT,Malta,I_IUVOTE,2021,14.65,,Eurostat: isoc_ci_ac_i,percent
MT,Malta,I_IUVOTE,2022,17.51,,Eurostat: isoc_ci_ac_i,percent
MT,Malta,I_IUVOTE,2023,20.2,,Eurostat: isoc_ci_ac_i,percent
MT,Malta,I_IUVOTE,2024,13.77,,Eurostat: isoc_ci_ac_i,percent
MT,Malta,I_IUVOTE,2025,10.17,,Eurostat: isoc_ci_ac_i,percent
MT,Malta,I_IUPOL2,2014,,,Eurostat: isoc_ci_ac_i,percent
MT,Malta,I_IUPOL2,2015,,,Eurostat: isoc_ci_ac_i,percent
MT,Malta,I_IUPOL2,2016,,,Eurostat: isoc_ci_ac_i,percent
MT,Malta,I_IUPOL2,2017,,,Eurostat: isoc_ci_ac_i,percent
MT,Malta,I_IUPOL2,2018,,,Eurostat: isoc_ci_ac_i,percent
MT,Malta,I_IUPOL2,2019,,,Eurostat: isoc_ci_ac_i,percent
MT,Malta,I_IUPOL2,2020,,,Eurostat: isoc_ci_ac_i,percent
MT,Malta,I_IUPOL2,2021,16.37,,Eurostat: isoc_ci_ac_i,percent
MT,Malta,I_IUPOL2,2022,19.55,,Eurostat: isoc_ci_ac_i,percent
MT,Malta,I_IUPOL2,2023,22.11,,Eurostat: isoc_ci_ac_i,percent
MT,Malta,I_IUPOL2,2024,17.95,,Eurostat: isoc_ci_ac_i,percent
MT,Malta,I_IUPOL2,2025,13.64,,Eurostat: isoc_ci_ac_i,percent
MT,Malta,I_IUCPP,2014,,,Eurostat: isoc_ci_ac_i,percent
MT,Malta,I_IUCPP,2015,16.5,,Eurostat: isoc_ci_ac_i,percent
MT,Malta,I_IUCPP,2016,,,Eurostat: isoc_ci_ac_i,percent
MT,Malta,I_IUCPP,2017,22.47,,Eurostat: isoc_ci_ac_i,percent
MT,Malta,I_IUCPP,2018,,,Eurostat: isoc_ci_ac_i,percent
MT,Malta,I_IUCPP,2019,22.41,,Eurostat: isoc_ci_ac_i,percent
MT,Malta,I_IUCPP,2020,,,Eurostat: isoc_ci_ac_i,percent
MT,Malta,I_IUCPP,2021,24.02,,Eurostat: isoc_ci_ac_i,percent
MT,Malta,I_IUCPP,2022,27.77,,Eurostat: isoc_ci_ac_i,percent
MT,Malta,I_IUCPP,2023,34.36,,Eurostat: isoc_ci_ac_i,percent
MT,Malta,I_IUCPP,2024,24.53,,Eurostat: isoc_ci_ac_i,percent
MT,Malta,I_IUCPP,2025,18.99,,Eurostat: isoc_ci_ac_i,percent
MT,Malta,I_IUVOD,2014,,,Eurostat: isoc_ci_ac_i,percent
MT,Malta,I_IUVOD,2015,,,Eurostat: isoc_ci_ac_i,percent
MT,Malta,I_IUVOD,2016,20.44,,Eurostat: isoc_ci_ac_i,percent
MT,Malta,I_IUVOD,2017,,,Eurostat: isoc_ci_ac_i,percent
MT,Malta,I_IUVOD,2018,38.8,,Eurostat: isoc_ci_ac_i,percent
MT,Malta,I_IUVOD,2019,,,Eurostat: isoc_ci_ac_i,percent
MT,Malta,I_IUVOD,2020,44.58,,Eurostat: isoc_ci_ac_i,percent
MT,Malta,I_IUVOD,2021,,,Eurostat: isoc_ci_ac_i,percent
MT,Malta,I_IUVOD,2022,57.87,,Eurostat: isoc_ci_ac_i,percent
MT,Malta,I_IUVOD,2023,,,Eurostat: isoc_ci_ac_i,percent
MT,Malta,I_IUVOD,2024,59.91,,Eurostat: isoc_ci_ac_i,percent
MT,Malta,I_IUVOD,2025,,,Eurostat: isoc_ci_ac_i,percent
MT,Malta,deprivation,2015,8.2,,Eurostat: ilc_mdsd11,percent
MT,Malta,deprivation,2016,5.2,,Eurostat: ilc_mdsd11,percent
MT,Malta,deprivation,2017,4.3,,Eurostat: ilc_mdsd11,percent
MT,Malta,deprivation,2018,4.7,,Eurostat: ilc_mdsd11,percent
MT,Malta,deprivation,2019,5.0,,Eurostat: ilc_mdsd11,percent
MT,Malta,deprivation,2020,5.1,,Eurostat: ilc_mdsd11,percent
MT,Malta,deprivation,2021,5.4,,Eurostat: ilc_mdsd11,percent
MT,Malta,deprivation,2022,4.9,,Eurostat: ilc_mdsd11,percent
MT,Malta,deprivation,2023,4.1,,Eurostat: ilc_mdsd11,percent
MT,Malta,deprivation,2024,4.3,,Eurostat: ilc_mdsd11,percent
MT,Malta,deprivation,2025,4.1,,Eurostat: ilc_mdsd11,percent
NL,Netherlands,I_IUSNET,2014,58.6,,Eurostat: isoc_ci_ac_i,percent
NL,Netherlands,I_IUSNET,2015,59.33,,Eurostat: isoc_ci_ac_i,percent
NL,Netherlands,I_IUSNET,2016,61.83,,Eurostat: isoc_ci_ac_i,percent
NL,Netherlands,I_IUSNET,2017,66.56,,Eurostat: isoc_ci_ac_i,percent
NL,Netherlands,I_IUSNET,2018,65.75,,Eurostat: isoc_ci_ac_i,percent
NL,Netherlands,I_IUSNET,2019,66.91,,Eurostat: isoc_ci_ac_i,percent
NL,Netherlands,I_IUSNET,2020,71.23,,Eurostat: isoc_ci_ac_i,percent
NL,Netherlands,I_IUSNET,2021,73.3,,Eurostat: isoc_ci_ac_i,percent
NL,Netherlands,I_IUSNET,2022,74.09,,Eurostat: isoc_ci_ac_i,percent
NL,Netherlands,I_IUSNET,2023,76.62,,Eurostat: isoc_ci_ac_i,percent
NL,Netherlands,I_IUSNET,2024,80.06,,Eurostat: isoc_ci_ac_i,percent
NL,Netherlands,I_IUSNET,2025,81.21,,Eurostat: isoc_ci_ac_i,percent
NL,Netherlands,I_IUVOTE,2014,,,Eurostat: isoc_ci_ac_i,percent
NL,Netherlands,I_IUVOTE,2015,6.7,,Eurostat: isoc_ci_ac_i,percent
NL,Netherlands,I_IUVOTE,2016,,,Eurostat: isoc_ci_ac_i,percent
NL,Netherlands,I_IUVOTE,2017,9.4,,Eurostat: isoc_ci_ac_i,percent
NL,Netherlands,I_IUVOTE,2018,,,Eurostat: isoc_ci_ac_i,percent
NL,Netherlands,I_IUVOTE,2019,8.68,,Eurostat: isoc_ci_ac_i,percent
NL,Netherlands,I_IUVOTE,2020,,,Eurostat: isoc_ci_ac_i,percent
NL,Netherlands,I_IUVOTE,2021,10.72,,Eurostat: isoc_ci_ac_i,percent
NL,Netherlands,I_IUVOTE,2022,9.65,,Eurostat: isoc_ci_ac_i,percent
NL,Netherlands,I_IUVOTE,2023,9.84,,Eurostat: isoc_ci_ac_i,percent
NL,Netherlands,I_IUVOTE,2024,9.64,,Eurostat: isoc_ci_ac_i,percent
NL,Netherlands,I_IUVOTE,2025,9.0,,Eurostat: isoc_ci_ac_i,percent
NL,Netherlands,I_IUPOL2,2014,,,Eurostat: isoc_ci_ac_i,percent
NL,Netherlands,I_IUPOL2,2015,,,Eurostat: isoc_ci_ac_i,percent
NL,Netherlands,I_IUPOL2,2016,,,Eurostat: isoc_ci_ac_i,percent
NL,Netherlands,I_IUPOL2,2017,,,Eurostat: isoc_ci_ac_i,percent
NL,Netherlands,I_IUPOL2,2018,,,Eurostat: isoc_ci_ac_i,percent
NL,Netherlands,I_IUPOL2,2019,,,Eurostat: isoc_ci_ac_i,percent
NL,Netherlands,I_IUPOL2,2020,,,Eurostat: isoc_ci_ac_i,percent
NL,Netherlands,I_IUPOL2,2021,21.83,,Eurostat: isoc_ci_ac_i,percent
NL,Netherlands,I_IUPOL2,2022,20.6,,Eurostat: isoc_ci_ac_i,percent
NL,Netherlands,I_IUPOL2,2023,26.26,,Eurostat: isoc_ci_ac_i,percent
NL,Netherlands,I_IUPOL2,2024,27.66,,Eurostat: isoc_ci_ac_i,percent
NL,Netherlands,I_IUPOL2,2025,28.2,,Eurostat: isoc_ci_ac_i,percent
NL,Netherlands,I_IUCPP,2014,,,Eurostat: isoc_ci_ac_i,percent
NL,Netherlands,I_IUCPP,2015,25.62,,Eurostat: isoc_ci_ac_i,percent
NL,Netherlands,I_IUCPP,2016,,,Eurostat: isoc_ci_ac_i,percent
NL,Netherlands,I_IUCPP,2017,12.41,,Eurostat: isoc_ci_ac_i,percent
NL,Netherlands,I_IUCPP,2018,,,Eurostat: isoc_ci_ac_i,percent
NL,Netherlands,I_IUCPP,2019,11.9,,Eurostat: isoc_ci_ac_i,percent
NL,Netherlands,I_IUCPP,2020,,,Eurostat: isoc_ci_ac_i,percent
NL,Netherlands,I_IUCPP,2021,24.31,,Eurostat: isoc_ci_ac_i,percent
NL,Netherlands,I_IUCPP,2022,22.95,,Eurostat: isoc_ci_ac_i,percent
NL,Netherlands,I_IUCPP,2023,28.76,,Eurostat: isoc_ci_ac_i,percent
NL,Netherlands,I_IUCPP,2024,29.58,,Eurostat: isoc_ci_ac_i,percent
NL,Netherlands,I_IUCPP,2025,30.02,,Eurostat: isoc_ci_ac_i,percent
NL,Netherlands,I_IUVOD,2014,,,Eurostat: isoc_ci_ac_i,percent
NL,Netherlands,I_IUVOD,2015,,,Eurostat: isoc_ci_ac_i,percent
NL,Netherlands,I_IUVOD,2016,36.12,,Eurostat: isoc_ci_ac_i,percent
NL,Netherlands,I_IUVOD,2017,,,Eurostat: isoc_ci_ac_i,percent
NL,Netherlands,I_IUVOD,2018,54.61,,Eurostat: isoc_ci_ac_i,percent
NL,Netherlands,I_IUVOD,2019,,,Eurostat: isoc_ci_ac_i,percent
NL,Netherlands,I_IUVOD,2020,68.89,,Eurostat: isoc_ci_ac_i,percent
NL,Netherlands,I_IUVOD,2021,,,Eurostat: isoc_ci_ac_i,percent
NL,Netherlands,I_IUVOD,2022,72.88,,Eurostat: isoc_ci_ac_i,percent
NL,Netherlands,I_IUVOD,2023,,,Eurostat: isoc_ci_ac_i,percent
NL,Netherlands,I_IUVOD,2024,75.36,,Eurostat: isoc_ci_ac_i,percent
NL,Netherlands,I_IUVOD,2025,,,Eurostat: isoc_ci_ac_i,percent
NL,Netherlands,deprivation,2015,3.2,,Eurostat: ilc_mdsd11,percent
NL,Netherlands,deprivation,2016,2.6,,Eurostat: ilc_mdsd11,percent
NL,Netherlands,deprivation,2017,2.6,,Eurostat: ilc_mdsd11,percent
NL,Netherlands,deprivation,2018,2.6,,Eurostat: ilc_mdsd11,percent
NL,Netherlands,deprivation,2019,2.8,,Eurostat: ilc_mdsd11,percent
NL,Netherlands,deprivation,2020,2.2,,Eurostat: ilc_mdsd11,percent
NL,Netherlands,deprivation,2021,2.1,,Eurostat: ilc_mdsd11,percent
NL,Netherlands,deprivation,2022,2.5,,Eurostat: ilc_mdsd11,percent
NL,Netherlands,deprivation,2023,2.7,,Eurostat: ilc_mdsd11,percent
NL,Netherlands,deprivation,2024,3.1,,Eurostat: ilc_mdsd11,percent
NL,Netherlands,deprivation,2025,2.6,,Eurostat: ilc_mdsd11,percent
AT,Austria,I_IUSNET,2014,44.24,,Eurostat: isoc_ci_ac_i,percent
AT,Austria,I_IUSNET,2015,45.33,,Eurostat: isoc_ci_ac_i,percent
AT,Austria,I_IUSNET,2016,49.02,,Eurostat: isoc_ci_ac_i,percent
AT,Austria,I_IUSNET,2017,51.19,,Eurostat: isoc_ci_ac_i,percent
AT,Austria,I_IUSNET,2018,53.17,,Eurostat: isoc_ci_ac_i,percent
AT,Austria,I_IUSNET,2019,55.55,,Eurostat: isoc_ci_ac_i,percent
AT,Austria,I_IUSNET,2020,59.54,,Eurostat: isoc_ci_ac_i,percent
AT,Austria,I_IUSNET,2021,57.11,,Eurostat: isoc_ci_ac_i,percent
AT,Austria,I_IUSNET,2022,61.47,,Eurostat: isoc_ci_ac_i,percent
AT,Austria,I_IUSNET,2023,63.42,,Eurostat: isoc_ci_ac_i,percent
AT,Austria,I_IUSNET,2024,64.74,,Eurostat: isoc_ci_ac_i,percent
AT,Austria,I_IUSNET,2025,67.86,,Eurostat: isoc_ci_ac_i,percent
AT,Austria,I_IUVOTE,2014,,,Eurostat: isoc_ci_ac_i,percent
AT,Austria,I_IUVOTE,2015,7.18,,Eurostat: isoc_ci_ac_i,percent
AT,Austria,I_IUVOTE,2016,,,Eurostat: isoc_ci_ac_i,percent
AT,Austria,I_IUVOTE,2017,6.65,,Eurostat: isoc_ci_ac_i,percent
AT,Austria,I_IUVOTE,2018,,,Eurostat: isoc_ci_ac_i,percent
AT,Austria,I_IUVOTE,2019,9.34,,Eurostat: isoc_ci_ac_i,percent
AT,Austria,I_IUVOTE,2020,,,Eurostat: isoc_ci_ac_i,percent
AT,Austria,I_IUVOTE,2021,13.79,,Eurostat: isoc_ci_ac_i,percent
AT,Austria,I_IUVOTE,2022,13.88,,Eurostat: isoc_ci_ac_i,percent
AT,Austria,I_IUVOTE,2023,12.67,,Eurostat: isoc_ci_ac_i,percent
AT,Austria,I_IUVOTE,2024,11.3,,Eurostat: isoc_ci_ac_i,percent
AT,Austria,I_IUVOTE,2025,13.67,,Eurostat: isoc_ci_ac_i,percent
AT,Austria,I_IUPOL2,2014,,,Eurostat: isoc_ci_ac_i,percent
AT,Austria,I_IUPOL2,2015,,,Eurostat: isoc_ci_ac_i,percent
AT,Austria,I_IUPOL2,2016,,,Eurostat: isoc_ci_ac_i,percent
AT,Austria,I_IUPOL2,2017,,,Eurostat: isoc_ci_ac_i,percent
AT,Austria,I_IUPOL2,2018,,,Eurostat: isoc_ci_ac_i,percent
AT,Austria,I_IUPOL2,2019,,,Eurostat: isoc_ci_ac_i,percent
AT,Austria,I_IUPOL2,2020,,,Eurostat: isoc_ci_ac_i,percent
AT,Austria,I_IUPOL2,2021,14.22,,Eurostat: isoc_ci_ac_i,percent
AT,Austria,I_IUPOL2,2022,11.65,,Eurostat: isoc_ci_ac_i,percent
AT,Austria,I_IUPOL2,2023,15.79,,Eurostat: isoc_ci_ac_i,percent
AT,Austria,I_IUPOL2,2024,12.39,,Eurostat: isoc_ci_ac_i,percent
AT,Austria,I_IUPOL2,2025,18.99,,Eurostat: isoc_ci_ac_i,percent
AT,Austria,I_IUCPP,2014,,,Eurostat: isoc_ci_ac_i,percent
AT,Austria,I_IUCPP,2015,11.37,,Eurostat: isoc_ci_ac_i,percent
AT,Austria,I_IUCPP,2016,,,Eurostat: isoc_ci_ac_i,percent
AT,Austria,I_IUCPP,2017,10.14,,Eurostat: isoc_ci_ac_i,percent
AT,Austria,I_IUCPP,2018,,,Eurostat: isoc_ci_ac_i,percent
AT,Austria,I_IUCPP,2019,12.95,,Eurostat: isoc_ci_ac_i,percent
AT,Austria,I_IUCPP,2020,,,Eurostat: isoc_ci_ac_i,percent
AT,Austria,I_IUCPP,2021,22.32,,Eurostat: isoc_ci_ac_i,percent
AT,Austria,I_IUCPP,2022,20.61,,Eurostat: isoc_ci_ac_i,percent
AT,Austria,I_IUCPP,2023,22.88,,Eurostat: isoc_ci_ac_i,percent
AT,Austria,I_IUCPP,2024,19.79,,Eurostat: isoc_ci_ac_i,percent
AT,Austria,I_IUCPP,2025,25.98,,Eurostat: isoc_ci_ac_i,percent
AT,Austria,I_IUVOD,2014,,,Eurostat: isoc_ci_ac_i,percent
AT,Austria,I_IUVOD,2015,,,Eurostat: isoc_ci_ac_i,percent
AT,Austria,I_IUVOD,2016,12.15,,Eurostat: isoc_ci_ac_i,percent
AT,Austria,I_IUVOD,2017,,,Eurostat: isoc_ci_ac_i,percent
AT,Austria,I_IUVOD,2018,24.5,,Eurostat: isoc_ci_ac_i,percent
AT,Austria,I_IUVOD,2019,,,Eurostat: isoc_ci_ac_i,percent
AT,Austria,I_IUVOD,2020,37.66,,Eurostat: isoc_ci_ac_i,percent
AT,Austria,I_IUVOD,2021,,,Eurostat: isoc_ci_ac_i,percent
AT,Austria,I_IUVOD,2022,46.28,,Eurostat: isoc_ci_ac_i,percent
AT,Austria,I_IUVOD,2023,,,Eurostat: isoc_ci_ac_i,percent
AT,Austria,I_IUVOD,2024,49.75,,Eurostat: isoc_ci_ac_i,percent
AT,Austria,I_IUVOD,2025,,,Eurostat: isoc_ci_ac_i,percent
AT,Austria,deprivation,2015,2.9,,Eurostat: ilc_mdsd11,percent
AT,Austria,deprivation,2016,3.3,,Eurostat: ilc_mdsd11,percent
AT,Austria,deprivation,2017,3.4,,Eurostat: ilc_mdsd11,percent
AT,Austria,deprivation,2018,2.8,,Eurostat: ilc_mdsd11,percent
AT,Austria,deprivation,2019,2.7,,Eurostat: ilc_mdsd11,percent
AT,Austria,deprivation,2020,3.0,,Eurostat: ilc_mdsd11,percent
AT,Austria,deprivation,2021,1.8,,Eurostat: ilc_mdsd11,percent
AT,Austria,deprivation,2022,2.3,,Eurostat: ilc_mdsd11,percent
AT,Austria,deprivation,2023,3.7,,Eurostat: ilc_mdsd11,percent
AT,Austria,deprivation,2024,3.7,,Eurostat: ilc_mdsd11,percent
AT,Austria,deprivation,2025,2.9,,Eurostat: ilc_mdsd11,percent
PL,Poland,I_IUSNET,2014,36.8,,Eurostat: isoc_ci_ac_i,percent
PL,Poland,I_IUSNET,2015,41.4,,Eurostat: isoc_ci_ac_i,percent
PL,Poland,I_IUSNET,2016,44.2,,Eurostat: isoc_ci_ac_i,percent
PL,Poland,I_IUSNET,2017,48.02,,Eurostat: isoc_ci_ac_i,percent
PL,Poland,I_IUSNET,2018,49.87,,Eurostat: isoc_ci_ac_i,percent
PL,Poland,I_IUSNET,2019,53.04,,Eurostat: isoc_ci_ac_i,percent
PL,Poland,I_IUSNET,2020,54.78,,Eurostat: isoc_ci_ac_i,percent
PL,Poland,I_IUSNET,2021,56.78,,Eurostat: isoc_ci_ac_i,percent
PL,Poland,I_IUSNET,2022,60.61,,Eurostat: isoc_ci_ac_i,percent
PL,Poland,I_IUSNET,2023,62.29,,Eurostat: isoc_ci_ac_i,percent
PL,Poland,I_IUSNET,2024,60.97,,Eurostat: isoc_ci_ac_i,percent
PL,Poland,I_IUSNET,2025,63.27,,Eurostat: isoc_ci_ac_i,percent
PL,Poland,I_IUVOTE,2014,,,Eurostat: isoc_ci_ac_i,percent
PL,Poland,I_IUVOTE,2015,2.43,,Eurostat: isoc_ci_ac_i,percent
PL,Poland,I_IUVOTE,2016,,,Eurostat: isoc_ci_ac_i,percent
PL,Poland,I_IUVOTE,2017,4.18,,Eurostat: isoc_ci_ac_i,percent
PL,Poland,I_IUVOTE,2018,,,Eurostat: isoc_ci_ac_i,percent
PL,Poland,I_IUVOTE,2019,5.56,,Eurostat: isoc_ci_ac_i,percent
PL,Poland,I_IUVOTE,2020,,,Eurostat: isoc_ci_ac_i,percent
PL,Poland,I_IUVOTE,2021,4.49,,Eurostat: isoc_ci_ac_i,percent
PL,Poland,I_IUVOTE,2022,4.96,,Eurostat: isoc_ci_ac_i,percent
PL,Poland,I_IUVOTE,2023,4.84,,Eurostat: isoc_ci_ac_i,percent
PL,Poland,I_IUVOTE,2024,6.25,,Eurostat: isoc_ci_ac_i,percent
PL,Poland,I_IUVOTE,2025,7.26,,Eurostat: isoc_ci_ac_i,percent
PL,Poland,I_IUPOL2,2014,,,Eurostat: isoc_ci_ac_i,percent
PL,Poland,I_IUPOL2,2015,,,Eurostat: isoc_ci_ac_i,percent
PL,Poland,I_IUPOL2,2016,,,Eurostat: isoc_ci_ac_i,percent
PL,Poland,I_IUPOL2,2017,,,Eurostat: isoc_ci_ac_i,percent
PL,Poland,I_IUPOL2,2018,,,Eurostat: isoc_ci_ac_i,percent
PL,Poland,I_IUPOL2,2019,,,Eurostat: isoc_ci_ac_i,percent
PL,Poland,I_IUPOL2,2020,,,Eurostat: isoc_ci_ac_i,percent
PL,Poland,I_IUPOL2,2021,11.01,,Eurostat: isoc_ci_ac_i,percent
PL,Poland,I_IUPOL2,2022,12.07,,Eurostat: isoc_ci_ac_i,percent
PL,Poland,I_IUPOL2,2023,11.2,,Eurostat: isoc_ci_ac_i,percent
PL,Poland,I_IUPOL2,2024,13.64,,Eurostat: isoc_ci_ac_i,percent
PL,Poland,I_IUPOL2,2025,13.24,,Eurostat: isoc_ci_ac_i,percent
PL,Poland,I_IUCPP,2014,,,Eurostat: isoc_ci_ac_i,percent
PL,Poland,I_IUCPP,2015,5.73,,Eurostat: isoc_ci_ac_i,percent
PL,Poland,I_IUCPP,2016,,,Eurostat: isoc_ci_ac_i,percent
PL,Poland,I_IUCPP,2017,9.49,,Eurostat: isoc_ci_ac_i,percent
PL,Poland,I_IUCPP,2018,,,Eurostat: isoc_ci_ac_i,percent
PL,Poland,I_IUCPP,2019,14.78,,Eurostat: isoc_ci_ac_i,percent
PL,Poland,I_IUCPP,2020,,,Eurostat: isoc_ci_ac_i,percent
PL,Poland,I_IUCPP,2021,12.83,,Eurostat: isoc_ci_ac_i,percent
PL,Poland,I_IUCPP,2022,13.93,,Eurostat: isoc_ci_ac_i,percent
PL,Poland,I_IUCPP,2023,13.43,,Eurostat: isoc_ci_ac_i,percent
PL,Poland,I_IUCPP,2024,15.82,,Eurostat: isoc_ci_ac_i,percent
PL,Poland,I_IUCPP,2025,15.86,,Eurostat: isoc_ci_ac_i,percent
PL,Poland,I_IUVOD,2014,,,Eurostat: isoc_ci_ac_i,percent
PL,Poland,I_IUVOD,2015,,,Eurostat: isoc_ci_ac_i,percent
PL,Poland,I_IUVOD,2016,4.11,,Eurostat: isoc_ci_ac_i,percent
PL,Poland,I_IUVOD,2017,,,Eurostat: isoc_ci_ac_i,percent
PL,Poland,I_IUVOD,2018,11.89,,Eurostat: isoc_ci_ac_i,percent
PL,Poland,I_IUVOD,2019,,,Eurostat: isoc_ci_ac_i,percent
PL,Poland,I_IUVOD,2020,24.51,,Eurostat: isoc_ci_ac_i,percent
PL,Poland,I_IUVOD,2021,,,Eurostat: isoc_ci_ac_i,percent
PL,Poland,I_IUVOD,2022,35.05,,Eurostat: isoc_ci_ac_i,percent
PL,Poland,I_IUVOD,2023,,,Eurostat: isoc_ci_ac_i,percent
PL,Poland,I_IUVOD,2024,39.42,,Eurostat: isoc_ci_ac_i,percent
PL,Poland,I_IUVOD,2025,,,Eurostat: isoc_ci_ac_i,percent
PL,Poland,deprivation,2015,7.8,,Eurostat: ilc_mdsd11,percent
PL,Poland,deprivation,2016,5.4,,Eurostat: ilc_mdsd11,percent
PL,Poland,deprivation,2017,5.3,,Eurostat: ilc_mdsd11,percent
PL,Poland,deprivation,2018,4.5,,Eurostat: ilc_mdsd11,percent
PL,Poland,deprivation,2019,3.5,,Eurostat: ilc_mdsd11,percent
PL,Poland,deprivation,2020,2.6,,Eurostat: ilc_mdsd11,percent
PL,Poland,deprivation,2021,2.9,,Eurostat: ilc_mdsd11,percent
PL,Poland,deprivation,2022,2.8,,Eurostat: ilc_mdsd11,percent
PL,Poland,deprivation,2023,3.0,,Eurostat: ilc_mdsd11,percent
PL,Poland,deprivation,2024,2.3,,Eurostat: ilc_mdsd11,percent
PL,Poland,deprivation,2025,2.0,,Eurostat: ilc_mdsd11,percent
PT,Portugal,I_IUSNET,2014,46.76,,Eurostat: isoc_ci_ac_i,percent
PT,Portugal,I_IUSNET,2015,48.06,,Eurostat: isoc_ci_ac_i,percent
PT,Portugal,I_IUSNET,2016,52.17,,Eurostat: isoc_ci_ac_i,percent
PT,Portugal,I_IUSNET,2017,56.13,,Eurostat: isoc_ci_ac_i,percent
PT,Portugal,I_IUSNET,2018,59.18,,Eurostat: isoc_ci_ac_i,percent
PT,Portugal,I_IUSNET,2019,60.4,,Eurostat: isoc_ci_ac_i,percent
PT,Portugal,I_IUSNET,2020,62.74,,Eurostat: isoc_ci_ac_i,percent
PT,Portugal,I_IUSNET,2021,65.46,,Eurostat: isoc_ci_ac_i,percent
PT,Portugal,I_IUSNET,2022,66.72,,Eurostat: isoc_ci_ac_i,percent
PT,Portugal,I_IUSNET,2023,68.03,,Eurostat: isoc_ci_ac_i,percent
PT,Portugal,I_IUSNET,2024,70.47,,Eurostat: isoc_ci_ac_i,percent
PT,Portugal,I_IUSNET,2025,70.46,,Eurostat: isoc_ci_ac_i,percent
PT,Portugal,I_IUVOTE,2014,,,Eurostat: isoc_ci_ac_i,percent
PT,Portugal,I_IUVOTE,2015,9.88,,Eurostat: isoc_ci_ac_i,percent
PT,Portugal,I_IUVOTE,2016,,,Eurostat: isoc_ci_ac_i,percent
PT,Portugal,I_IUVOTE,2017,11.32,,Eurostat: isoc_ci_ac_i,percent
PT,Portugal,I_IUVOTE,2018,,,Eurostat: isoc_ci_ac_i,percent
PT,Portugal,I_IUVOTE,2019,11.57,,Eurostat: isoc_ci_ac_i,percent
PT,Portugal,I_IUVOTE,2020,,,Eurostat: isoc_ci_ac_i,percent
PT,Portugal,I_IUVOTE,2021,11.48,,Eurostat: isoc_ci_ac_i,percent
PT,Portugal,I_IUVOTE,2022,10.0,,Eurostat: isoc_ci_ac_i,percent
PT,Portugal,I_IUVOTE,2023,10.22,,Eurostat: isoc_ci_ac_i,percent
PT,Portugal,I_IUVOTE,2024,11.71,,Eurostat: isoc_ci_ac_i,percent
PT,Portugal,I_IUVOTE,2025,11.61,,Eurostat: isoc_ci_ac_i,percent
PT,Portugal,I_IUPOL2,2014,,,Eurostat: isoc_ci_ac_i,percent
PT,Portugal,I_IUPOL2,2015,,,Eurostat: isoc_ci_ac_i,percent
PT,Portugal,I_IUPOL2,2016,,,Eurostat: isoc_ci_ac_i,percent
PT,Portugal,I_IUPOL2,2017,,,Eurostat: isoc_ci_ac_i,percent
PT,Portugal,I_IUPOL2,2018,,,Eurostat: isoc_ci_ac_i,percent
PT,Portugal,I_IUPOL2,2019,,,Eurostat: isoc_ci_ac_i,percent
PT,Portugal,I_IUPOL2,2020,,,Eurostat: isoc_ci_ac_i,percent
PT,Portugal,I_IUPOL2,2021,18.07,,Eurostat: isoc_ci_ac_i,percent
PT,Portugal,I_IUPOL2,2022,16.62,,Eurostat: isoc_ci_ac_i,percent
PT,Portugal,I_IUPOL2,2023,15.82,,Eurostat: isoc_ci_ac_i,percent
PT,Portugal,I_IUPOL2,2024,17.35,,Eurostat: isoc_ci_ac_i,percent
PT,Portugal,I_IUPOL2,2025,16.73,,Eurostat: isoc_ci_ac_i,percent
PT,Portugal,I_IUCPP,2014,,,Eurostat: isoc_ci_ac_i,percent
PT,Portugal,I_IUCPP,2015,15.54,,Eurostat: isoc_ci_ac_i,percent
PT,Portugal,I_IUCPP,2016,,,Eurostat: isoc_ci_ac_i,percent
PT,Portugal,I_IUCPP,2017,18.91,,Eurostat: isoc_ci_ac_i,percent
PT,Portugal,I_IUCPP,2018,,,Eurostat: isoc_ci_ac_i,percent
PT,Portugal,I_IUCPP,2019,18.68,,Eurostat: isoc_ci_ac_i,percent
PT,Portugal,I_IUCPP,2020,,,Eurostat: isoc_ci_ac_i,percent
PT,Portugal,I_IUCPP,2021,22.91,,Eurostat: isoc_ci_ac_i,percent
PT,Portugal,I_IUCPP,2022,20.58,,Eurostat: isoc_ci_ac_i,percent
PT,Portugal,I_IUCPP,2023,20.25,,Eurostat: isoc_ci_ac_i,percent
PT,Portugal,I_IUCPP,2024,22.12,,Eurostat: isoc_ci_ac_i,percent
PT,Portugal,I_IUCPP,2025,22.07,,Eurostat: isoc_ci_ac_i,percent
PT,Portugal,I_IUVOD,2014,,,Eurostat: isoc_ci_ac_i,percent
PT,Portugal,I_IUVOD,2015,,,Eurostat: isoc_ci_ac_i,percent
PT,Portugal,I_IUVOD,2016,6.02,,Eurostat: isoc_ci_ac_i,percent
PT,Portugal,I_IUVOD,2017,,,Eurostat: isoc_ci_ac_i,percent
PT,Portugal,I_IUVOD,2018,10.37,,Eurostat: isoc_ci_ac_i,percent
PT,Portugal,I_IUVOD,2019,,,Eurostat: isoc_ci_ac_i,percent
PT,Portugal,I_IUVOD,2020,26.38,,Eurostat: isoc_ci_ac_i,percent
PT,Portugal,I_IUVOD,2021,,,Eurostat: isoc_ci_ac_i,percent
PT,Portugal,I_IUVOD,2022,35.78,,Eurostat: isoc_ci_ac_i,percent
PT,Portugal,I_IUVOD,2023,,,Eurostat: isoc_ci_ac_i,percent
PT,Portugal,I_IUVOD,2024,37.85,,Eurostat: isoc_ci_ac_i,percent
PT,Portugal,I_IUVOD,2025,,,Eurostat: isoc_ci_ac_i,percent
PT,Portugal,deprivation,2015,10.9,,Eurostat: ilc_mdsd11,percent
PT,Portugal,deprivation,2016,9.1,,Eurostat: ilc_mdsd11,percent
PT,Portugal,deprivation,2017,8.0,,Eurostat: ilc_mdsd11,percent
PT,Portugal,deprivation,2018,6.6,,Eurostat: ilc_mdsd11,percent
PT,Portugal,deprivation,2019,5.6,,Eurostat: ilc_mdsd11,percent
PT,Portugal,deprivation,2020,5.4,,Eurostat: ilc_mdsd11,percent
PT,Portugal,deprivation,2021,6.0,,Eurostat: ilc_mdsd11,percent
PT,Portugal,deprivation,2022,5.3,,Eurostat: ilc_mdsd11,percent
PT,Portugal,deprivation,2023,4.9,,Eurostat: ilc_mdsd11,percent
PT,Portugal,deprivation,2024,4.3,,Eurostat: ilc_mdsd11,percent
PT,Portugal,deprivation,2025,4.3,,Eurostat: ilc_mdsd11,percent
RO,Romania,I_IUSNET,2014,36.25,b,Eurostat: isoc_ci_ac_i,percent
RO,Romania,I_IUSNET,2015,43.64,,Eurostat: isoc_ci_ac_i,percent
RO,Romania,I_IUSNET,2016,44.29,,Eurostat: isoc_ci_ac_i,percent
RO,Romania,I_IUSNET,2017,52.2,,Eurostat: isoc_ci_ac_i,percent
RO,Romania,I_IUSNET,2018,60.77,,Eurostat: isoc_ci_ac_i,percent
RO,Romania,I_IUSNET,2019,60.18,,Eurostat: isoc_ci_ac_i,percent
RO,Romania,I_IUSNET,2020,64.85,,Eurostat: isoc_ci_ac_i,percent
RO,Romania,I_IUSNET,2021,68.55,,Eurostat: isoc_ci_ac_i,percent
RO,Romania,I_IUSNET,2022,69.01,,Eurostat: isoc_ci_ac_i,percent
RO,Romania,I_IUSNET,2023,75.24,,Eurostat: isoc_ci_ac_i,percent
RO,Romania,I_IUSNET,2024,74.89,,Eurostat: isoc_ci_ac_i,percent
RO,Romania,I_IUSNET,2025,79.57,,Eurostat: isoc_ci_ac_i,percent
RO,Romania,I_IUVOTE,2014,,,Eurostat: isoc_ci_ac_i,percent
RO,Romania,I_IUVOTE,2015,2.07,,Eurostat: isoc_ci_ac_i,percent
RO,Romania,I_IUVOTE,2016,,,Eurostat: isoc_ci_ac_i,percent
RO,Romania,I_IUVOTE,2017,2.9,,Eurostat: isoc_ci_ac_i,percent
RO,Romania,I_IUVOTE,2018,,,Eurostat: isoc_ci_ac_i,percent
RO,Romania,I_IUVOTE,2019,3.09,,Eurostat: isoc_ci_ac_i,percent
RO,Romania,I_IUVOTE,2020,,,Eurostat: isoc_ci_ac_i,percent
RO,Romania,I_IUVOTE,2021,3.29,,Eurostat: isoc_ci_ac_i,percent
RO,Romania,I_IUVOTE,2022,5.08,,Eurostat: isoc_ci_ac_i,percent
RO,Romania,I_IUVOTE,2023,3.85,,Eurostat: isoc_ci_ac_i,percent
RO,Romania,I_IUVOTE,2024,8.82,,Eurostat: isoc_ci_ac_i,percent
RO,Romania,I_IUVOTE,2025,5.11,,Eurostat: isoc_ci_ac_i,percent
RO,Romania,I_IUPOL2,2014,,,Eurostat: isoc_ci_ac_i,percent
RO,Romania,I_IUPOL2,2015,,,Eurostat: isoc_ci_ac_i,percent
RO,Romania,I_IUPOL2,2016,,,Eurostat: isoc_ci_ac_i,percent
RO,Romania,I_IUPOL2,2017,,,Eurostat: isoc_ci_ac_i,percent
RO,Romania,I_IUPOL2,2018,,,Eurostat: isoc_ci_ac_i,percent
RO,Romania,I_IUPOL2,2019,,,Eurostat: isoc_ci_ac_i,percent
RO,Romania,I_IUPOL2,2020,,,Eurostat: isoc_ci_ac_i,percent
RO,Romania,I_IUPOL2,2021,11.42,,Eurostat: isoc_ci_ac_i,percent
RO,Romania,I_IUPOL2,2022,13.13,,Eurostat: isoc_ci_ac_i,percent
RO,Romania,I_IUPOL2,2023,11.67,,Eurostat: isoc_ci_ac_i,percent
RO,Romania,I_IUPOL2,2024,15.89,,Eurostat: isoc_ci_ac_i,percent
RO,Romania,I_IUPOL2,2025,14.9,,Eurostat: isoc_ci_ac_i,percent
RO,Romania,I_IUCPP,2014,,,Eurostat: isoc_ci_ac_i,percent
RO,Romania,I_IUCPP,2015,5.34,,Eurostat: isoc_ci_ac_i,percent
RO,Romania,I_IUCPP,2016,,,Eurostat: isoc_ci_ac_i,percent
RO,Romania,I_IUCPP,2017,8.06,,Eurostat: isoc_ci_ac_i,percent
RO,Romania,I_IUCPP,2018,,,Eurostat: isoc_ci_ac_i,percent
RO,Romania,I_IUCPP,2019,8.36,,Eurostat: isoc_ci_ac_i,percent
RO,Romania,I_IUCPP,2020,,,Eurostat: isoc_ci_ac_i,percent
RO,Romania,I_IUCPP,2021,12.22,,Eurostat: isoc_ci_ac_i,percent
RO,Romania,I_IUCPP,2022,14.17,,Eurostat: isoc_ci_ac_i,percent
RO,Romania,I_IUCPP,2023,12.37,,Eurostat: isoc_ci_ac_i,percent
RO,Romania,I_IUCPP,2024,18.59,,Eurostat: isoc_ci_ac_i,percent
RO,Romania,I_IUCPP,2025,15.75,,Eurostat: isoc_ci_ac_i,percent
RO,Romania,I_IUVOD,2014,,,Eurostat: isoc_ci_ac_i,percent
RO,Romania,I_IUVOD,2015,,,Eurostat: isoc_ci_ac_i,percent
RO,Romania,I_IUVOD,2016,3.34,,Eurostat: isoc_ci_ac_i,percent
RO,Romania,I_IUVOD,2017,,,Eurostat: isoc_ci_ac_i,percent
RO,Romania,I_IUVOD,2018,7.22,,Eurostat: isoc_ci_ac_i,percent
RO,Romania,I_IUVOD,2019,,,Eurostat: isoc_ci_ac_i,percent
RO,Romania,I_IUVOD,2020,10.73,,Eurostat: isoc_ci_ac_i,percent
RO,Romania,I_IUVOD,2021,,,Eurostat: isoc_ci_ac_i,percent
RO,Romania,I_IUVOD,2022,15.22,,Eurostat: isoc_ci_ac_i,percent
RO,Romania,I_IUVOD,2023,,,Eurostat: isoc_ci_ac_i,percent
RO,Romania,I_IUVOD,2024,18.64,,Eurostat: isoc_ci_ac_i,percent
RO,Romania,I_IUVOD,2025,,,Eurostat: isoc_ci_ac_i,percent
RO,Romania,deprivation,2015,34.0,,Eurostat: ilc_mdsd11,percent
RO,Romania,deprivation,2016,35.9,,Eurostat: ilc_mdsd11,percent
RO,Romania,deprivation,2017,32.4,,Eurostat: ilc_mdsd11,percent
RO,Romania,deprivation,2018,28.3,,Eurostat: ilc_mdsd11,percent
RO,Romania,deprivation,2019,24.5,,Eurostat: ilc_mdsd11,percent
RO,Romania,deprivation,2020,25.3,,Eurostat: ilc_mdsd11,percent
RO,Romania,deprivation,2021,23.1,,Eurostat: ilc_mdsd11,percent
RO,Romania,deprivation,2022,24.3,,Eurostat: ilc_mdsd11,percent
RO,Romania,deprivation,2023,19.8,,Eurostat: ilc_mdsd11,percent
RO,Romania,deprivation,2024,17.2,,Eurostat: ilc_mdsd11,percent
RO,Romania,deprivation,2025,16.8,,Eurostat: ilc_mdsd11,percent
SI,Slovenia,I_IUSNET,2014,41.82,,Eurostat: isoc_ci_ac_i,percent
SI,Slovenia,I_IUSNET,2015,37.37,,Eurostat: isoc_ci_ac_i,percent
SI,Slovenia,I_IUSNET,2016,38.31,,Eurostat: isoc_ci_ac_i,percent
SI,Slovenia,I_IUSNET,2017,45.16,,Eurostat: isoc_ci_ac_i,percent
SI,Slovenia,I_IUSNET,2018,48.81,,Eurostat: isoc_ci_ac_i,percent
SI,Slovenia,I_IUSNET,2019,52.09,,Eurostat: isoc_ci_ac_i,percent
SI,Slovenia,I_IUSNET,2020,67.07,,Eurostat: isoc_ci_ac_i,percent
SI,Slovenia,I_IUSNET,2021,63.61,,Eurostat: isoc_ci_ac_i,percent
SI,Slovenia,I_IUSNET,2022,63.04,,Eurostat: isoc_ci_ac_i,percent
SI,Slovenia,I_IUSNET,2023,63.46,,Eurostat: isoc_ci_ac_i,percent
SI,Slovenia,I_IUSNET,2024,64.56,,Eurostat: isoc_ci_ac_i,percent
SI,Slovenia,I_IUSNET,2025,65.43,,Eurostat: isoc_ci_ac_i,percent
SI,Slovenia,I_IUVOTE,2014,,,Eurostat: isoc_ci_ac_i,percent
SI,Slovenia,I_IUVOTE,2015,4.65,,Eurostat: isoc_ci_ac_i,percent
SI,Slovenia,I_IUVOTE,2016,,,Eurostat: isoc_ci_ac_i,percent
SI,Slovenia,I_IUVOTE,2017,3.78,,Eurostat: isoc_ci_ac_i,percent
SI,Slovenia,I_IUVOTE,2018,,,Eurostat: isoc_ci_ac_i,percent
SI,Slovenia,I_IUVOTE,2019,4.7,,Eurostat: isoc_ci_ac_i,percent
SI,Slovenia,I_IUVOTE,2020,,,Eurostat: isoc_ci_ac_i,percent
SI,Slovenia,I_IUVOTE,2021,8.4,,Eurostat: isoc_ci_ac_i,percent
SI,Slovenia,I_IUVOTE,2022,6.97,,Eurostat: isoc_ci_ac_i,percent
SI,Slovenia,I_IUVOTE,2023,3.5,,Eurostat: isoc_ci_ac_i,percent
SI,Slovenia,I_IUVOTE,2024,5.63,,Eurostat: isoc_ci_ac_i,percent
SI,Slovenia,I_IUVOTE,2025,5.4,,Eurostat: isoc_ci_ac_i,percent
SI,Slovenia,I_IUPOL2,2014,,,Eurostat: isoc_ci_ac_i,percent
SI,Slovenia,I_IUPOL2,2015,,,Eurostat: isoc_ci_ac_i,percent
SI,Slovenia,I_IUPOL2,2016,,,Eurostat: isoc_ci_ac_i,percent
SI,Slovenia,I_IUPOL2,2017,,,Eurostat: isoc_ci_ac_i,percent
SI,Slovenia,I_IUPOL2,2018,,,Eurostat: isoc_ci_ac_i,percent
SI,Slovenia,I_IUPOL2,2019,,,Eurostat: isoc_ci_ac_i,percent
SI,Slovenia,I_IUPOL2,2020,,,Eurostat: isoc_ci_ac_i,percent
SI,Slovenia,I_IUPOL2,2021,11.82,,Eurostat: isoc_ci_ac_i,percent
SI,Slovenia,I_IUPOL2,2022,27.78,,Eurostat: isoc_ci_ac_i,percent
SI,Slovenia,I_IUPOL2,2023,20.34,,Eurostat: isoc_ci_ac_i,percent
SI,Slovenia,I_IUPOL2,2024,32.13,,Eurostat: isoc_ci_ac_i,percent
SI,Slovenia,I_IUPOL2,2025,32.06,,Eurostat: isoc_ci_ac_i,percent
SI,Slovenia,I_IUCPP,2014,,,Eurostat: isoc_ci_ac_i,percent
SI,Slovenia,I_IUCPP,2015,9.54,,Eurostat: isoc_ci_ac_i,percent
SI,Slovenia,I_IUCPP,2016,,,Eurostat: isoc_ci_ac_i,percent
SI,Slovenia,I_IUCPP,2017,6.7,,Eurostat: isoc_ci_ac_i,percent
SI,Slovenia,I_IUCPP,2018,,,Eurostat: isoc_ci_ac_i,percent
SI,Slovenia,I_IUCPP,2019,7.12,,Eurostat: isoc_ci_ac_i,percent
SI,Slovenia,I_IUCPP,2020,,,Eurostat: isoc_ci_ac_i,percent
SI,Slovenia,I_IUCPP,2021,16.18,,Eurostat: isoc_ci_ac_i,percent
SI,Slovenia,I_IUCPP,2022,29.79,,Eurostat: isoc_ci_ac_i,percent
SI,Slovenia,I_IUCPP,2023,21.41,,Eurostat: isoc_ci_ac_i,percent
SI,Slovenia,I_IUCPP,2024,34.08,,Eurostat: isoc_ci_ac_i,percent
SI,Slovenia,I_IUCPP,2025,33.47,,Eurostat: isoc_ci_ac_i,percent
SI,Slovenia,I_IUVOD,2014,,,Eurostat: isoc_ci_ac_i,percent
SI,Slovenia,I_IUVOD,2015,,,Eurostat: isoc_ci_ac_i,percent
SI,Slovenia,I_IUVOD,2016,13.24,,Eurostat: isoc_ci_ac_i,percent
SI,Slovenia,I_IUVOD,2017,,,Eurostat: isoc_ci_ac_i,percent
SI,Slovenia,I_IUVOD,2018,12.88,,Eurostat: isoc_ci_ac_i,percent
SI,Slovenia,I_IUVOD,2019,,,Eurostat: isoc_ci_ac_i,percent
SI,Slovenia,I_IUVOD,2020,21.51,,Eurostat: isoc_ci_ac_i,percent
SI,Slovenia,I_IUVOD,2021,,,Eurostat: isoc_ci_ac_i,percent
SI,Slovenia,I_IUVOD,2022,29.45,,Eurostat: isoc_ci_ac_i,percent
SI,Slovenia,I_IUVOD,2023,,,Eurostat: isoc_ci_ac_i,percent
SI,Slovenia,I_IUVOD,2024,37.32,,Eurostat: isoc_ci_ac_i,percent
SI,Slovenia,I_IUVOD,2025,,,Eurostat: isoc_ci_ac_i,percent
SI,Slovenia,deprivation,2015,4.8,,Eurostat: ilc_mdsd11,percent
SI,Slovenia,deprivation,2016,4.1,,Eurostat: ilc_mdsd11,percent
SI,Slovenia,deprivation,2017,4.5,,Eurostat: ilc_mdsd11,percent
SI,Slovenia,deprivation,2018,3.2,,Eurostat: ilc_mdsd11,percent
SI,Slovenia,deprivation,2019,2.2,,Eurostat: ilc_mdsd11,percent
SI,Slovenia,deprivation,2020,2.6,,Eurostat: ilc_mdsd11,percent
SI,Slovenia,deprivation,2021,1.8,,Eurostat: ilc_mdsd11,percent
SI,Slovenia,deprivation,2022,1.4,,Eurostat: ilc_mdsd11,percent
SI,Slovenia,deprivation,2023,2.0,,Eurostat: ilc_mdsd11,percent
SI,Slovenia,deprivation,2024,1.8,,Eurostat: ilc_mdsd11,percent
SI,Slovenia,deprivation,2025,1.9,,Eurostat: ilc_mdsd11,percent
SK,Slovakia,I_IUSNET,2014,50.37,,Eurostat: isoc_ci_ac_i,percent
SK,Slovakia,I_IUSNET,2015,53.64,,Eurostat: isoc_ci_ac_i,percent
SK,Slovakia,I_IUSNET,2016,56.99,,Eurostat: isoc_ci_ac_i,percent
SK,Slovakia,I_IUSNET,2017,58.74,,Eurostat: isoc_ci_ac_i,percent
SK,Slovakia,I_IUSNET,2018,59.84,,Eurostat: isoc_ci_ac_i,percent
SK,Slovakia,I_IUSNET,2019,59.24,,Eurostat: isoc_ci_ac_i,percent
SK,Slovakia,I_IUSNET,2020,64.49,,Eurostat: isoc_ci_ac_i,percent
SK,Slovakia,I_IUSNET,2021,64.58,,Eurostat: isoc_ci_ac_i,percent
SK,Slovakia,I_IUSNET,2022,57.68,,Eurostat: isoc_ci_ac_i,percent
SK,Slovakia,I_IUSNET,2023,56.99,,Eurostat: isoc_ci_ac_i,percent
SK,Slovakia,I_IUSNET,2024,57.3,,Eurostat: isoc_ci_ac_i,percent
SK,Slovakia,I_IUSNET,2025,61.91,,Eurostat: isoc_ci_ac_i,percent
SK,Slovakia,I_IUVOTE,2014,,,Eurostat: isoc_ci_ac_i,percent
SK,Slovakia,I_IUVOTE,2015,1.7,,Eurostat: isoc_ci_ac_i,percent
SK,Slovakia,I_IUVOTE,2016,,,Eurostat: isoc_ci_ac_i,percent
SK,Slovakia,I_IUVOTE,2017,3.48,,Eurostat: isoc_ci_ac_i,percent
SK,Slovakia,I_IUVOTE,2018,,,Eurostat: isoc_ci_ac_i,percent
SK,Slovakia,I_IUVOTE,2019,4.68,,Eurostat: isoc_ci_ac_i,percent
SK,Slovakia,I_IUVOTE,2020,,,Eurostat: isoc_ci_ac_i,percent
SK,Slovakia,I_IUVOTE,2021,8.23,,Eurostat: isoc_ci_ac_i,percent
SK,Slovakia,I_IUVOTE,2022,4.88,,Eurostat: isoc_ci_ac_i,percent
SK,Slovakia,I_IUVOTE,2023,6.28,,Eurostat: isoc_ci_ac_i,percent
SK,Slovakia,I_IUVOTE,2024,7.0,,Eurostat: isoc_ci_ac_i,percent
SK,Slovakia,I_IUVOTE,2025,7.16,,Eurostat: isoc_ci_ac_i,percent
SK,Slovakia,I_IUPOL2,2014,,,Eurostat: isoc_ci_ac_i,percent
SK,Slovakia,I_IUPOL2,2015,,,Eurostat: isoc_ci_ac_i,percent
SK,Slovakia,I_IUPOL2,2016,,,Eurostat: isoc_ci_ac_i,percent
SK,Slovakia,I_IUPOL2,2017,,,Eurostat: isoc_ci_ac_i,percent
SK,Slovakia,I_IUPOL2,2018,,,Eurostat: isoc_ci_ac_i,percent
SK,Slovakia,I_IUPOL2,2019,,,Eurostat: isoc_ci_ac_i,percent
SK,Slovakia,I_IUPOL2,2020,,,Eurostat: isoc_ci_ac_i,percent
SK,Slovakia,I_IUPOL2,2021,18.12,,Eurostat: isoc_ci_ac_i,percent
SK,Slovakia,I_IUPOL2,2022,13.65,,Eurostat: isoc_ci_ac_i,percent
SK,Slovakia,I_IUPOL2,2023,13.54,,Eurostat: isoc_ci_ac_i,percent
SK,Slovakia,I_IUPOL2,2024,13.77,,Eurostat: isoc_ci_ac_i,percent
SK,Slovakia,I_IUPOL2,2025,12.54,,Eurostat: isoc_ci_ac_i,percent
SK,Slovakia,I_IUCPP,2014,,,Eurostat: isoc_ci_ac_i,percent
SK,Slovakia,I_IUCPP,2015,4.07,,Eurostat: isoc_ci_ac_i,percent
SK,Slovakia,I_IUCPP,2016,,,Eurostat: isoc_ci_ac_i,percent
SK,Slovakia,I_IUCPP,2017,8.37,,Eurostat: isoc_ci_ac_i,percent
SK,Slovakia,I_IUCPP,2018,,,Eurostat: isoc_ci_ac_i,percent
SK,Slovakia,I_IUCPP,2019,11.71,,Eurostat: isoc_ci_ac_i,percent
SK,Slovakia,I_IUCPP,2020,,,Eurostat: isoc_ci_ac_i,percent
SK,Slovakia,I_IUCPP,2021,20.37,,Eurostat: isoc_ci_ac_i,percent
SK,Slovakia,I_IUCPP,2022,15.21,,Eurostat: isoc_ci_ac_i,percent
SK,Slovakia,I_IUCPP,2023,15.75,,Eurostat: isoc_ci_ac_i,percent
SK,Slovakia,I_IUCPP,2024,16.42,,Eurostat: isoc_ci_ac_i,percent
SK,Slovakia,I_IUCPP,2025,15.28,,Eurostat: isoc_ci_ac_i,percent
SK,Slovakia,I_IUVOD,2014,,,Eurostat: isoc_ci_ac_i,percent
SK,Slovakia,I_IUVOD,2015,,,Eurostat: isoc_ci_ac_i,percent
SK,Slovakia,I_IUVOD,2016,5.86,,Eurostat: isoc_ci_ac_i,percent
SK,Slovakia,I_IUVOD,2017,,,Eurostat: isoc_ci_ac_i,percent
SK,Slovakia,I_IUVOD,2018,13.28,,Eurostat: isoc_ci_ac_i,percent
SK,Slovakia,I_IUVOD,2019,,,Eurostat: isoc_ci_ac_i,percent
SK,Slovakia,I_IUVOD,2020,16.89,,Eurostat: isoc_ci_ac_i,percent
SK,Slovakia,I_IUVOD,2021,,,Eurostat: isoc_ci_ac_i,percent
SK,Slovakia,I_IUVOD,2022,21.8,,Eurostat: isoc_ci_ac_i,percent
SK,Slovakia,I_IUVOD,2023,,,Eurostat: isoc_ci_ac_i,percent
SK,Slovakia,I_IUVOD,2024,30.2,,Eurostat: isoc_ci_ac_i,percent
SK,Slovakia,I_IUVOD,2025,,,Eurostat: isoc_ci_ac_i,percent
SK,Slovakia,deprivation,2015,8.4,,Eurostat: ilc_mdsd11,percent
SK,Slovakia,deprivation,2016,7.6,,Eurostat: ilc_mdsd11,percent
SK,Slovakia,deprivation,2017,6.3,,Eurostat: ilc_mdsd11,percent
SK,Slovakia,deprivation,2018,5.4,,Eurostat: ilc_mdsd11,percent
SK,Slovakia,deprivation,2019,5.9,,Eurostat: ilc_mdsd11,percent
SK,Slovakia,deprivation,2020,4.5,,Eurostat: ilc_mdsd11,percent
SK,Slovakia,deprivation,2021,5.7,,Eurostat: ilc_mdsd11,percent
SK,Slovakia,deprivation,2022,6.3,,Eurostat: ilc_mdsd11,percent
SK,Slovakia,deprivation,2023,7.0,,Eurostat: ilc_mdsd11,percent
SK,Slovakia,deprivation,2024,7.6,,Eurostat: ilc_mdsd11,percent
SK,Slovakia,deprivation,2025,7.0,,Eurostat: ilc_mdsd11,percent
FI,Finland,I_IUSNET,2014,55.56,,Eurostat: isoc_ci_ac_i,percent
FI,Finland,I_IUSNET,2015,58.17,,Eurostat: isoc_ci_ac_i,percent
FI,Finland,I_IUSNET,2016,61.66,,Eurostat: isoc_ci_ac_i,percent
FI,Finland,I_IUSNET,2017,66.01,,Eurostat: isoc_ci_ac_i,percent
FI,Finland,I_IUSNET,2018,66.94,,Eurostat: isoc_ci_ac_i,percent
FI,Finland,I_IUSNET,2019,66.68,,Eurostat: isoc_ci_ac_i,percent
FI,Finland,I_IUSNET,2020,75.07,,Eurostat: isoc_ci_ac_i,percent
FI,Finland,I_IUSNET,2021,75.11,,Eurostat: isoc_ci_ac_i,percent
FI,Finland,I_IUSNET,2022,75.68,,Eurostat: isoc_ci_ac_i,percent
FI,Finland,I_IUSNET,2023,79.22,,Eurostat: isoc_ci_ac_i,percent
FI,Finland,I_IUSNET,2024,78.93,,Eurostat: isoc_ci_ac_i,percent
FI,Finland,I_IUSNET,2025,81.32,,Eurostat: isoc_ci_ac_i,percent
FI,Finland,I_IUVOTE,2014,,,Eurostat: isoc_ci_ac_i,percent
FI,Finland,I_IUVOTE,2015,14.56,,Eurostat: isoc_ci_ac_i,percent
FI,Finland,I_IUVOTE,2016,,,Eurostat: isoc_ci_ac_i,percent
FI,Finland,I_IUVOTE,2017,12.88,,Eurostat: isoc_ci_ac_i,percent
FI,Finland,I_IUVOTE,2018,,,Eurostat: isoc_ci_ac_i,percent
FI,Finland,I_IUVOTE,2019,14.9,,Eurostat: isoc_ci_ac_i,percent
FI,Finland,I_IUVOTE,2020,,,Eurostat: isoc_ci_ac_i,percent
FI,Finland,I_IUVOTE,2021,20.69,,Eurostat: isoc_ci_ac_i,percent
FI,Finland,I_IUVOTE,2022,19.04,,Eurostat: isoc_ci_ac_i,percent
FI,Finland,I_IUVOTE,2023,16.37,,Eurostat: isoc_ci_ac_i,percent
FI,Finland,I_IUVOTE,2024,16.72,,Eurostat: isoc_ci_ac_i,percent
FI,Finland,I_IUVOTE,2025,16.03,,Eurostat: isoc_ci_ac_i,percent
FI,Finland,I_IUPOL2,2014,,,Eurostat: isoc_ci_ac_i,percent
FI,Finland,I_IUPOL2,2015,,,Eurostat: isoc_ci_ac_i,percent
FI,Finland,I_IUPOL2,2016,,,Eurostat: isoc_ci_ac_i,percent
FI,Finland,I_IUPOL2,2017,,,Eurostat: isoc_ci_ac_i,percent
FI,Finland,I_IUPOL2,2018,,,Eurostat: isoc_ci_ac_i,percent
FI,Finland,I_IUPOL2,2019,,,Eurostat: isoc_ci_ac_i,percent
FI,Finland,I_IUPOL2,2020,,,Eurostat: isoc_ci_ac_i,percent
FI,Finland,I_IUPOL2,2021,13.31,,Eurostat: isoc_ci_ac_i,percent
FI,Finland,I_IUPOL2,2022,14.47,,Eurostat: isoc_ci_ac_i,percent
FI,Finland,I_IUPOL2,2023,14.6,,Eurostat: isoc_ci_ac_i,percent
FI,Finland,I_IUPOL2,2024,13.68,,Eurostat: isoc_ci_ac_i,percent
FI,Finland,I_IUPOL2,2025,13.56,,Eurostat: isoc_ci_ac_i,percent
FI,Finland,I_IUCPP,2014,,,Eurostat: isoc_ci_ac_i,percent
FI,Finland,I_IUCPP,2015,17.2,,Eurostat: isoc_ci_ac_i,percent
FI,Finland,I_IUCPP,2016,,,Eurostat: isoc_ci_ac_i,percent
FI,Finland,I_IUCPP,2017,16.21,,Eurostat: isoc_ci_ac_i,percent
FI,Finland,I_IUCPP,2018,,,Eurostat: isoc_ci_ac_i,percent
FI,Finland,I_IUCPP,2019,18.78,,Eurostat: isoc_ci_ac_i,percent
FI,Finland,I_IUCPP,2020,,,Eurostat: isoc_ci_ac_i,percent
FI,Finland,I_IUCPP,2021,26.93,,Eurostat: isoc_ci_ac_i,percent
FI,Finland,I_IUCPP,2022,25.64,,Eurostat: isoc_ci_ac_i,percent
FI,Finland,I_IUCPP,2023,24.36,,Eurostat: isoc_ci_ac_i,percent
FI,Finland,I_IUCPP,2024,23.73,,Eurostat: isoc_ci_ac_i,percent
FI,Finland,I_IUCPP,2025,22.58,,Eurostat: isoc_ci_ac_i,percent
FI,Finland,I_IUVOD,2014,,,Eurostat: isoc_ci_ac_i,percent
FI,Finland,I_IUVOD,2015,,,Eurostat: isoc_ci_ac_i,percent
FI,Finland,I_IUVOD,2016,34.43,,Eurostat: isoc_ci_ac_i,percent
FI,Finland,I_IUVOD,2017,,,Eurostat: isoc_ci_ac_i,percent
FI,Finland,I_IUVOD,2018,47.14,,Eurostat: isoc_ci_ac_i,percent
FI,Finland,I_IUVOD,2019,,,Eurostat: isoc_ci_ac_i,percent
FI,Finland,I_IUVOD,2020,54.63,,Eurostat: isoc_ci_ac_i,percent
FI,Finland,I_IUVOD,2021,,,Eurostat: isoc_ci_ac_i,percent
FI,Finland,I_IUVOD,2022,65.61,,Eurostat: isoc_ci_ac_i,percent
FI,Finland,I_IUVOD,2023,,,Eurostat: isoc_ci_ac_i,percent
FI,Finland,I_IUVOD,2024,66.74,,Eurostat: isoc_ci_ac_i,percent
FI,Finland,I_IUVOD,2025,,,Eurostat: isoc_ci_ac_i,percent
FI,Finland,deprivation,2015,1.0,,Eurostat: ilc_mdsd11,percent
FI,Finland,deprivation,2016,1.2,,Eurostat: ilc_mdsd11,percent
FI,Finland,deprivation,2017,1.8,,Eurostat: ilc_mdsd11,percent
FI,Finland,deprivation,2018,2.2,,Eurostat: ilc_mdsd11,percent
FI,Finland,deprivation,2019,1.9,,Eurostat: ilc_mdsd11,percent
FI,Finland,deprivation,2020,1.8,,Eurostat: ilc_mdsd11,percent
FI,Finland,deprivation,2021,1.1,,Eurostat: ilc_mdsd11,percent
FI,Finland,deprivation,2022,1.9,,Eurostat: ilc_mdsd11,percent
FI,Finland,deprivation,2023,2.8,,Eurostat: ilc_mdsd11,percent
FI,Finland,deprivation,2024,3.7,,Eurostat: ilc_mdsd11,percent
FI,Finland,deprivation,2025,3.3,,Eurostat: ilc_mdsd11,percent
SE,Sweden,I_IUSNET,2014,65.18,,Eurostat: isoc_ci_ac_i,percent
SE,Sweden,I_IUSNET,2015,62.48,,Eurostat: isoc_ci_ac_i,percent
SE,Sweden,I_IUSNET,2016,70.15,b,Eurostat: isoc_ci_ac_i,percent
SE,Sweden,I_IUSNET,2017,70.75,,Eurostat: isoc_ci_ac_i,percent
SE,Sweden,I_IUSNET,2018,70.36,,Eurostat: isoc_ci_ac_i,percent
SE,Sweden,I_IUSNET,2019,72.22,,Eurostat: isoc_ci_ac_i,percent
SE,Sweden,I_IUSNET,2020,72.9,,Eurostat: isoc_ci_ac_i,percent
SE,Sweden,I_IUSNET,2021,71.51,,Eurostat: isoc_ci_ac_i,percent
SE,Sweden,I_IUSNET,2022,71.08,,Eurostat: isoc_ci_ac_i,percent
SE,Sweden,I_IUSNET,2023,73.43,,Eurostat: isoc_ci_ac_i,percent
SE,Sweden,I_IUSNET,2024,73.13,,Eurostat: isoc_ci_ac_i,percent
SE,Sweden,I_IUSNET,2025,74.72,,Eurostat: isoc_ci_ac_i,percent
SE,Sweden,I_IUVOTE,2014,,,Eurostat: isoc_ci_ac_i,percent
SE,Sweden,I_IUVOTE,2015,11.91,,Eurostat: isoc_ci_ac_i,percent
SE,Sweden,I_IUVOTE,2016,,,Eurostat: isoc_ci_ac_i,percent
SE,Sweden,I_IUVOTE,2017,14.28,,Eurostat: isoc_ci_ac_i,percent
SE,Sweden,I_IUVOTE,2018,,,Eurostat: isoc_ci_ac_i,percent
SE,Sweden,I_IUVOTE,2019,12.77,,Eurostat: isoc_ci_ac_i,percent
SE,Sweden,I_IUVOTE,2020,,,Eurostat: isoc_ci_ac_i,percent
SE,Sweden,I_IUVOTE,2021,7.38,,Eurostat: isoc_ci_ac_i,percent
SE,Sweden,I_IUVOTE,2022,7.05,,Eurostat: isoc_ci_ac_i,percent
SE,Sweden,I_IUVOTE,2023,7.74,,Eurostat: isoc_ci_ac_i,percent
SE,Sweden,I_IUVOTE,2024,6.11,,Eurostat: isoc_ci_ac_i,percent
SE,Sweden,I_IUVOTE,2025,7.46,,Eurostat: isoc_ci_ac_i,percent
SE,Sweden,I_IUPOL2,2014,,,Eurostat: isoc_ci_ac_i,percent
SE,Sweden,I_IUPOL2,2015,,,Eurostat: isoc_ci_ac_i,percent
SE,Sweden,I_IUPOL2,2016,,,Eurostat: isoc_ci_ac_i,percent
SE,Sweden,I_IUPOL2,2017,,,Eurostat: isoc_ci_ac_i,percent
SE,Sweden,I_IUPOL2,2018,,,Eurostat: isoc_ci_ac_i,percent
SE,Sweden,I_IUPOL2,2019,,,Eurostat: isoc_ci_ac_i,percent
SE,Sweden,I_IUPOL2,2020,,,Eurostat: isoc_ci_ac_i,percent
SE,Sweden,I_IUPOL2,2021,12.91,,Eurostat: isoc_ci_ac_i,percent
SE,Sweden,I_IUPOL2,2022,13.64,,Eurostat: isoc_ci_ac_i,percent
SE,Sweden,I_IUPOL2,2023,12.74,,Eurostat: isoc_ci_ac_i,percent
SE,Sweden,I_IUPOL2,2024,10.6,,Eurostat: isoc_ci_ac_i,percent
SE,Sweden,I_IUPOL2,2025,12.01,,Eurostat: isoc_ci_ac_i,percent
SE,Sweden,I_IUCPP,2014,,,Eurostat: isoc_ci_ac_i,percent
SE,Sweden,I_IUCPP,2015,21.94,,Eurostat: isoc_ci_ac_i,percent
SE,Sweden,I_IUCPP,2016,,,Eurostat: isoc_ci_ac_i,percent
SE,Sweden,I_IUCPP,2017,24.58,,Eurostat: isoc_ci_ac_i,percent
SE,Sweden,I_IUCPP,2018,,,Eurostat: isoc_ci_ac_i,percent
SE,Sweden,I_IUCPP,2019,20.94,,Eurostat: isoc_ci_ac_i,percent
SE,Sweden,I_IUCPP,2020,,,Eurostat: isoc_ci_ac_i,percent
SE,Sweden,I_IUCPP,2021,15.55,,Eurostat: isoc_ci_ac_i,percent
SE,Sweden,I_IUCPP,2022,15.56,,Eurostat: isoc_ci_ac_i,percent
SE,Sweden,I_IUCPP,2023,15.51,,Eurostat: isoc_ci_ac_i,percent
SE,Sweden,I_IUCPP,2024,12.71,,Eurostat: isoc_ci_ac_i,percent
SE,Sweden,I_IUCPP,2025,14.31,,Eurostat: isoc_ci_ac_i,percent
SE,Sweden,I_IUVOD,2014,,,Eurostat: isoc_ci_ac_i,percent
SE,Sweden,I_IUVOD,2015,,,Eurostat: isoc_ci_ac_i,percent
SE,Sweden,I_IUVOD,2016,45.41,b,Eurostat: isoc_ci_ac_i,percent
SE,Sweden,I_IUVOD,2017,,,Eurostat: isoc_ci_ac_i,percent
SE,Sweden,I_IUVOD,2018,55.85,,Eurostat: isoc_ci_ac_i,percent
SE,Sweden,I_IUVOD,2019,,,Eurostat: isoc_ci_ac_i,percent
SE,Sweden,I_IUVOD,2020,69.91,,Eurostat: isoc_ci_ac_i,percent
SE,Sweden,I_IUVOD,2021,,,Eurostat: isoc_ci_ac_i,percent
SE,Sweden,I_IUVOD,2022,70.75,,Eurostat: isoc_ci_ac_i,percent
SE,Sweden,I_IUVOD,2023,,,Eurostat: isoc_ci_ac_i,percent
SE,Sweden,I_IUVOD,2024,72.35,,Eurostat: isoc_ci_ac_i,percent
SE,Sweden,I_IUVOD,2025,,,Eurostat: isoc_ci_ac_i,percent
SE,Sweden,deprivation,2015,1.1,,Eurostat: ilc_mdsd11,percent
SE,Sweden,deprivation,2016,0.7,,Eurostat: ilc_mdsd11,percent
SE,Sweden,deprivation,2017,1.0,,Eurostat: ilc_mdsd11,percent
SE,Sweden,deprivation,2018,1.4,,Eurostat: ilc_mdsd11,percent
SE,Sweden,deprivation,2019,1.5,,Eurostat: ilc_mdsd11,percent
SE,Sweden,deprivation,2020,2.0,,Eurostat: ilc_mdsd11,percent
SE,Sweden,deprivation,2021,1.4,,Eurostat: ilc_mdsd11,percent
SE,Sweden,deprivation,2022,2.3,,Eurostat: ilc_mdsd11,percent
SE,Sweden,deprivation,2023,2.5,,Eurostat: ilc_mdsd11,percent
SE,Sweden,deprivation,2024,3.0,,Eurostat: ilc_mdsd11,percent
SE,Sweden,deprivation,2025,3.9,,Eurostat: ilc_mdsd11,percent
WO,World,sptincj992:p90p100,1980,51.85,,WID.world,percent
WO,World,sptincj992:p90p100,1981,51.54,,WID.world,percent
WO,World,sptincj992:p90p100,1982,51.22,,WID.world,percent
WO,World,sptincj992:p90p100,1983,51.47,,WID.world,percent
WO,World,sptincj992:p90p100,1984,51.83,,WID.world,percent
WO,World,sptincj992:p90p100,1985,51.99,,WID.world,percent
WO,World,sptincj992:p90p100,1986,52.38,,WID.world,percent
WO,World,sptincj992:p90p100,1987,52.63,,WID.world,percent
WO,World,sptincj992:p90p100,1988,53.15,,WID.world,percent
WO,World,sptincj992:p90p100,1989,53.52,,WID.world,percent
WO,World,sptincj992:p90p100,1990,53.95,,WID.world,percent
WO,World,sptincj992:p90p100,1991,54.38,,WID.world,percent
WO,World,sptincj992:p90p100,1992,55.1,,WID.world,percent
WO,World,sptincj992:p90p100,1993,55.24,,WID.world,percent
WO,World,sptincj992:p90p100,1994,55.75,,WID.world,percent
WO,World,sptincj992:p90p100,1995,55.97,,WID.world,percent
WO,World,sptincj992:p90p100,1996,56.56,,WID.world,percent
WO,World,sptincj992:p90p100,1997,56.53,,WID.world,percent
WO,World,sptincj992:p90p100,1998,57.11,,WID.world,percent
WO,World,sptincj992:p90p100,1999,57.44,,WID.world,percent
WO,World,sptincj992:p90p100,2000,57.71,,WID.world,percent
WO,World,sptincj992:p90p100,2001,57.62,,WID.world,percent
WO,World,sptincj992:p90p100,2002,57.29,,WID.world,percent
WO,World,sptincj992:p90p100,2003,57.29,,WID.world,percent
WO,World,sptincj992:p90p100,2004,57.18,,WID.world,percent
WO,World,sptincj992:p90p100,2005,57.17,,WID.world,percent
WO,World,sptincj992:p90p100,2006,56.96,,WID.world,percent
WO,World,sptincj992:p90p100,2007,56.68,,WID.world,percent
WO,World,sptincj992:p90p100,2008,56.22,,WID.world,percent
WO,World,sptincj992:p90p100,2009,55.33,,WID.world,percent
WO,World,sptincj992:p90p100,2010,54.96,,WID.world,percent
WO,World,sptincj992:p90p100,2011,54.98,,WID.world,percent
WO,World,sptincj992:p90p100,2012,54.47,,WID.world,percent
WO,World,sptincj992:p90p100,2013,54.21,,WID.world,percent
WO,World,sptincj992:p90p100,2014,53.77,,WID.world,percent
WO,World,sptincj992:p90p100,2015,53.69,,WID.world,percent
WO,World,sptincj992:p90p100,2016,53.58,,WID.world,percent
WO,World,sptincj992:p90p100,2017,53.49,,WID.world,percent
WO,World,sptincj992:p90p100,2018,53.37,,WID.world,percent
WO,World,sptincj992:p90p100,2019,52.96,,WID.world,percent
WO,World,sptincj992:p90p100,2020,53.24,,WID.world,percent
WO,World,sptincj992:p90p100,2021,53.35,,WID.world,percent
WO,World,sptincj992:p90p100,2022,53.34,,WID.world,percent
WO,World,sptincj992:p90p100,2023,53.11,,WID.world,percent
WO,World,sptincj992:p0p50,1980,6.32,,WID.world,percent
WO,World,sptincj992:p0p50,1981,6.54,,WID.world,percent
WO,World,sptincj992:p0p50,1982,6.77,,WID.world,percent
WO,World,sptincj992:p0p50,1983,6.71,,WID.world,percent
WO,World,sptincj992:p0p50,1984,6.82,,WID.world,percent
WO,World,sptincj992:p0p50,1985,6.86,,WID.world,percent
WO,World,sptincj992:p0p50,1986,6.79,,WID.world,percent
WO,World,sptincj992:p0p50,1987,6.84,,WID.world,percent
WO,World,sptincj992:p0p50,1988,6.78,,WID.world,percent
WO,World,sptincj992:p0p50,1989,6.72,,WID.world,percent
WO,World,sptincj992:p0p50,1990,6.64,,WID.world,percent
WO,World,sptincj992:p0p50,1991,6.68,,WID.world,percent
WO,World,sptincj992:p0p50,1992,6.67,,WID.world,percent
WO,World,sptincj992:p0p50,1993,6.77,,WID.world,percent
WO,World,sptincj992:p0p50,1994,6.77,,WID.world,percent
WO,World,sptincj992:p0p50,1995,6.88,,WID.world,percent
WO,World,sptincj992:p0p50,1996,6.91,,WID.world,percent
WO,World,sptincj992:p0p50,1997,7.05,,WID.world,percent
WO,World,sptincj992:p0p50,1998,7.04,,WID.world,percent
WO,World,sptincj992:p0p50,1999,7.05,,WID.world,percent
WO,World,sptincj992:p0p50,2000,6.92,,WID.world,percent
WO,World,sptincj992:p0p50,2001,6.93,,WID.world,percent
WO,World,sptincj992:p0p50,2002,6.94,,WID.world,percent
WO,World,sptincj992:p0p50,2003,7.0,,WID.world,percent
WO,World,sptincj992:p0p50,2004,7.11,,WID.world,percent
WO,World,sptincj992:p0p50,2005,7.1,,WID.world,percent
WO,World,sptincj992:p0p50,2006,7.26,,WID.world,percent
WO,World,sptincj992:p0p50,2007,7.37,,WID.world,percent
WO,World,sptincj992:p0p50,2008,7.49,,WID.world,percent
WO,World,sptincj992:p0p50,2009,7.79,,WID.world,percent
WO,World,sptincj992:p0p50,2010,7.88,,WID.world,percent
WO,World,sptincj992:p0p50,2011,7.89,,WID.world,percent
WO,World,sptincj992:p0p50,2012,8.05,,WID.world,percent
WO,World,sptincj992:p0p50,2013,8.12,,WID.world,percent
WO,World,sptincj992:p0p50,2014,8.27,,WID.world,percent
WO,World,sptincj992:p0p50,2015,8.35,,WID.world,percent
WO,World,sptincj992:p0p50,2016,8.33,,WID.world,percent
WO,World,sptincj992:p0p50,2017,8.3,,WID.world,percent
WO,World,sptincj992:p0p50,2018,8.37,,WID.world,percent
WO,World,sptincj992:p0p50,2019,8.45,,WID.world,percent
WO,World,sptincj992:p0p50,2020,8.41,,WID.world,percent
WO,World,sptincj992:p0p50,2021,8.33,,WID.world,percent
WO,World,sptincj992:p0p50,2022,8.35,,WID.world,percent
WO,World,sptincj992:p0p50,2023,8.41,,WID.world,percent
WO,World,sptincj992:p99p100,1980,16.89,,WID.world,percent
WO,World,sptincj992:p99p100,1981,16.53,,WID.world,percent
WO,World,sptincj992:p99p100,1982,16.13,,WID.world,percent
WO,World,sptincj992:p99p100,1983,16.13,,WID.world,percent
WO,World,sptincj992:p99p100,1984,16.38,,WID.world,percent
WO,World,sptincj992:p99p100,1985,16.4,,WID.world,percent
WO,World,sptincj992:p99p100,1986,16.64,,WID.world,percent
WO,World,sptincj992:p99p100,1987,17.05,,WID.world,percent
WO,World,sptincj992:p99p100,1988,17.7,,WID.world,percent
WO,World,sptincj992:p99p100,1989,17.74,,WID.world,percent
WO,World,sptincj992:p99p100,1990,17.97,,WID.world,percent
WO,World,sptincj992:p99p100,1991,17.98,,WID.world,percent
WO,World,sptincj992:p99p100,1992,18.02,,WID.world,percent
WO,World,sptincj992:p99p100,1993,18.16,,WID.world,percent
WO,World,sptincj992:p99p100,1994,18.3,,WID.world,percent
WO,World,sptincj992:p99p100,1995,18.64,,WID.world,percent
WO,World,sptincj992:p99p100,1996,19.26,,WID.world,percent
WO,World,sptincj992:p99p100,1997,19.4,,WID.world,percent
WO,World,sptincj992:p99p100,1998,19.72,,WID.world,percent
WO,World,sptincj992:p99p100,1999,19.89,,WID.world,percent
WO,World,sptincj992:p99p100,2000,20.27,,WID.world,percent
WO,World,sptincj992:p99p100,2001,20.37,,WID.world,percent
WO,World,sptincj992:p99p100,2002,20.0,,WID.world,percent
WO,World,sptincj992:p99p100,2003,20.25,,WID.world,percent
WO,World,sptincj992:p99p100,2004,20.64,,WID.world,percent
WO,World,sptincj992:p99p100,2005,20.99,,WID.world,percent
WO,World,sptincj992:p99p100,2006,21.15,,WID.world,percent
WO,World,sptincj992:p99p100,2007,21.41,,WID.world,percent
WO,World,sptincj992:p99p100,2008,20.89,,WID.world,percent
WO,World,sptincj992:p99p100,2009,19.94,,WID.world,percent
WO,World,sptincj992:p99p100,2010,20.26,,WID.world,percent
WO,World,sptincj992:p99p100,2011,20.43,,WID.world,percent
WO,World,sptincj992:p99p100,2012,20.47,,WID.world,percent
WO,World,sptincj992:p99p100,2013,20.17,,WID.world,percent
WO,World,sptincj992:p99p100,2014,20.15,,WID.world,percent
WO,World,sptincj992:p99p100,2015,20.05,,WID.world,percent
WO,World,sptincj992:p99p100,2016,19.79,,WID.world,percent
WO,World,sptincj992:p99p100,2017,20.02,,WID.world,percent
WO,World,sptincj992:p99p100,2018,20.04,,WID.world,percent
WO,World,sptincj992:p99p100,2019,19.76,,WID.world,percent
WO,World,sptincj992:p99p100,2020,19.84,,WID.world,percent
WO,World,sptincj992:p99p100,2021,20.17,,WID.world,percent
WO,World,sptincj992:p99p100,2022,20.39,,WID.world,percent
WO,World,sptincj992:p99p100,2023,20.29,,WID.world,percent
WLD,World,IT.NET.USER.ZS,2000,,,ITU via World Bank,percent
WLD,World,IT.NET.USER.ZS,2001,,,ITU via World Bank,percent
WLD,World,IT.NET.USER.ZS,2002,,,ITU via World Bank,percent
WLD,World,IT.NET.USER.ZS,2003,,,ITU via World Bank,percent
WLD,World,IT.NET.USER.ZS,2004,,,ITU via World Bank,percent
WLD,World,IT.NET.USER.ZS,2005,15.6,,ITU via World Bank,percent
WLD,World,IT.NET.USER.ZS,2006,17.2,,ITU via World Bank,percent
WLD,World,IT.NET.USER.ZS,2007,20.2,,ITU via World Bank,percent
WLD,World,IT.NET.USER.ZS,2008,22.8,,ITU via World Bank,percent
WLD,World,IT.NET.USER.ZS,2009,25.3,,ITU via World Bank,percent
WLD,World,IT.NET.USER.ZS,2010,28.4,,ITU via World Bank,percent
WLD,World,IT.NET.USER.ZS,2011,30.9,,ITU via World Bank,percent
WLD,World,IT.NET.USER.ZS,2012,33.3,,ITU via World Bank,percent
WLD,World,IT.NET.USER.ZS,2013,35.3,,ITU via World Bank,percent
WLD,World,IT.NET.USER.ZS,2014,37.4,,ITU via World Bank,percent
WLD,World,IT.NET.USER.ZS,2015,39.9,,ITU via World Bank,percent
WLD,World,IT.NET.USER.ZS,2016,43.6,,ITU via World Bank,percent
WLD,World,IT.NET.USER.ZS,2017,46.3,,ITU via World Bank,percent
WLD,World,IT.NET.USER.ZS,2018,49.4,,ITU via World Bank,percent
WLD,World,IT.NET.USER.ZS,2019,53.9,,ITU via World Bank,percent
WLD,World,IT.NET.USER.ZS,2020,60.1,,ITU via World Bank,percent
WLD,World,IT.NET.USER.ZS,2021,63.8,,ITU via World Bank,percent
WLD,World,IT.NET.USER.ZS,2022,67,,ITU via World Bank,percent
WLD,World,IT.NET.USER.ZS,2023,69.2,,ITU via World Bank,percent
WLD,World,IT.NET.USER.ZS,2024,71.2,,ITU via World Bank,percent
WLD,World,IT.NET.USER.ZS,2025,73.6,,ITU via World Bank,percent
WORLD,Worldwide operations,paid_streaming_memberships_year_end,2019,167.09,,Netflix 10-K,millions of paid memberships
WORLD,Worldwide operations,paid_streaming_memberships_year_end,2020,203.663,,Netflix 10-K,millions of paid memberships
WORLD,Worldwide operations,paid_streaming_memberships_year_end,2021,221.844,,Netflix 10-K,millions of paid memberships
WORLD,Worldwide operations,paid_streaming_memberships_year_end,2022,230.747,,Netflix 10-K,millions of paid memberships
WORLD,Worldwide operations,paid_streaming_memberships_year_end,2023,260.276,,Netflix 10-K,millions of paid memberships
WORLD,Worldwide operations,paid_streaming_memberships_year_end,2024,301.626,,Netflix 10-K,millions of paid memberships
